Atividade;Servico notavel;SERVIÇO CORRELATO (PASSO);Trecho
Civil;ANDAIME;Montagem da plataforma / treliça;C1
Civil;ANDAIME;Fixação e ancoragem;C1
Civil;ANDAIME;Utilização;C1
Civil;ANDAIME;Desmontagem;C1
Civil;ANDAIME;Montagem da plataforma / treliça;C2
Civil;ANDAIME;Fixação e ancoragem;C2
Civil;ANDAIME;Utilização;C2
Civil;ANDAIME;Desmontagem;C2
Civil;ANDAIME;Montagem da plataforma / treliça;C3
Civil;ANDAIME;Fixação e ancoragem;C3
Civil;ANDAIME;Utilização;C3
Civil;ANDAIME;Desmontagem;C3
Civil;ANDAIME;Montagem da plataforma / treliça;C4
Civil;ANDAIME;Fixação e ancoragem;C4
Civil;ANDAIME;Utilização;C4
Civil;ANDAIME;Desmontagem;C4
Civil;ANDAIME;Montagem da plataforma / treliça;CANTEIRO INDUSTRIAL
Civil;ANDAIME;Fixação e ancoragem;CANTEIRO INDUSTRIAL
Civil;ANDAIME;Utilização;CANTEIRO INDUSTRIAL
Civil;ANDAIME;Desmontagem;CANTEIRO INDUSTRIAL
Civil;ANDAIME;Montagem da plataforma / treliça;CONTORNO DE FUNDÃO
Civil;ANDAIME;Fixação e ancoragem;CONTORNO DE FUNDÃO
Civil;ANDAIME;Utilização;CONTORNO DE FUNDÃO
Civil;ANDAIME;Desmontagem;CONTORNO DE FUNDÃO
Civil;ANDAIME;Montagem da plataforma / treliça;CONTORNO DE IBIRAÇU
Civil;ANDAIME;Fixação e ancoragem;CONTORNO DE IBIRAÇU
Civil;ANDAIME;Utilização;CONTORNO DE IBIRAÇU
Civil;ANDAIME;Desmontagem;CONTORNO DE IBIRAÇU
Civil;ANDAIME;Montagem da plataforma / treliça;D2
Civil;ANDAIME;Fixação e ancoragem;D2
Civil;ANDAIME;Utilização;D2
Civil;ANDAIME;Desmontagem;D2
Civil;ANDAIME;Montagem da plataforma / treliça;PARALELO DE IBIRAÇU
Civil;ANDAIME;Fixação e ancoragem;PARALELO DE IBIRAÇU
Civil;ANDAIME;Utilização;PARALELO DE IBIRAÇU
Civil;ANDAIME;Desmontagem;PARALELO DE IBIRAÇU
Civil;ANDAIME;Montagem da plataforma / treliça;PÁTIO DE VIGAS
Civil;ANDAIME;Fixação e ancoragem;PÁTIO DE VIGAS
Civil;ANDAIME;Utilização;PÁTIO DE VIGAS
Civil;ANDAIME;Desmontagem;PÁTIO DE VIGAS
Civil;APARELHO DE APOIO DE NEOPRENE;Preparo e nivelamento do berço de apoio;C1
Civil;APARELHO DE APOIO DE NEOPRENE;Posicionamento do aparelho de neoprene;C1
Civil;APARELHO DE APOIO DE NEOPRENE;Fixação e regularização;C1
Civil;APARELHO DE APOIO DE NEOPRENE;Preparo e nivelamento do berço de apoio;C2
Civil;APARELHO DE APOIO DE NEOPRENE;Posicionamento do aparelho de neoprene;C2
Civil;APARELHO DE APOIO DE NEOPRENE;Fixação e regularização;C2
Civil;APARELHO DE APOIO DE NEOPRENE;Preparo e nivelamento do berço de apoio;C3
Civil;APARELHO DE APOIO DE NEOPRENE;Posicionamento do aparelho de neoprene;C3
Civil;APARELHO DE APOIO DE NEOPRENE;Fixação e regularização;C3
Civil;APARELHO DE APOIO DE NEOPRENE;Preparo e nivelamento do berço de apoio;C4
Civil;APARELHO DE APOIO DE NEOPRENE;Posicionamento do aparelho de neoprene;C4
Civil;APARELHO DE APOIO DE NEOPRENE;Fixação e regularização;C4
Civil;APARELHO DE APOIO DE NEOPRENE;Preparo e nivelamento do berço de apoio;CANTEIRO INDUSTRIAL
Civil;APARELHO DE APOIO DE NEOPRENE;Posicionamento do aparelho de neoprene;CANTEIRO INDUSTRIAL
Civil;APARELHO DE APOIO DE NEOPRENE;Fixação e regularização;CANTEIRO INDUSTRIAL
Civil;APARELHO DE APOIO DE NEOPRENE;Preparo e nivelamento do berço de apoio;CONTORNO DE FUNDÃO
Civil;APARELHO DE APOIO DE NEOPRENE;Posicionamento do aparelho de neoprene;CONTORNO DE FUNDÃO
Civil;APARELHO DE APOIO DE NEOPRENE;Fixação e regularização;CONTORNO DE FUNDÃO
Civil;APARELHO DE APOIO DE NEOPRENE;Preparo e nivelamento do berço de apoio;CONTORNO DE IBIRAÇU
Civil;APARELHO DE APOIO DE NEOPRENE;Posicionamento do aparelho de neoprene;CONTORNO DE IBIRAÇU
Civil;APARELHO DE APOIO DE NEOPRENE;Fixação e regularização;CONTORNO DE IBIRAÇU
Civil;APARELHO DE APOIO DE NEOPRENE;Preparo e nivelamento do berço de apoio;D2
Civil;APARELHO DE APOIO DE NEOPRENE;Posicionamento do aparelho de neoprene;D2
Civil;APARELHO DE APOIO DE NEOPRENE;Fixação e regularização;D2
Civil;APARELHO DE APOIO DE NEOPRENE;Preparo e nivelamento do berço de apoio;PARALELO DE IBIRAÇU
Civil;APARELHO DE APOIO DE NEOPRENE;Posicionamento do aparelho de neoprene;PARALELO DE IBIRAÇU
Civil;APARELHO DE APOIO DE NEOPRENE;Fixação e regularização;PARALELO DE IBIRAÇU
Civil;APARELHO DE APOIO DE NEOPRENE;Preparo e nivelamento do berço de apoio;PÁTIO DE VIGAS
Civil;APARELHO DE APOIO DE NEOPRENE;Posicionamento do aparelho de neoprene;PÁTIO DE VIGAS
Civil;APARELHO DE APOIO DE NEOPRENE;Fixação e regularização;PÁTIO DE VIGAS
Civil;ARGAMASSA PARA REPAROS;Preparo e limpeza da superfície;C1
Civil;ARGAMASSA PARA REPAROS;Confecção da argamassa (misturador);C1
Civil;ARGAMASSA PARA REPAROS;Lançamento / aplicação manual;C1
Civil;ARGAMASSA PARA REPAROS;Acabamento e cura;C1
Civil;ARGAMASSA PARA REPAROS;Preparo e limpeza da superfície;C2
Civil;ARGAMASSA PARA REPAROS;Confecção da argamassa (misturador);C2
Civil;ARGAMASSA PARA REPAROS;Lançamento / aplicação manual;C2
Civil;ARGAMASSA PARA REPAROS;Acabamento e cura;C2
Civil;ARGAMASSA PARA REPAROS;Preparo e limpeza da superfície;C3
Civil;ARGAMASSA PARA REPAROS;Confecção da argamassa (misturador);C3
Civil;ARGAMASSA PARA REPAROS;Lançamento / aplicação manual;C3
Civil;ARGAMASSA PARA REPAROS;Acabamento e cura;C3
Civil;ARGAMASSA PARA REPAROS;Preparo e limpeza da superfície;C4
Civil;ARGAMASSA PARA REPAROS;Confecção da argamassa (misturador);C4
Civil;ARGAMASSA PARA REPAROS;Lançamento / aplicação manual;C4
Civil;ARGAMASSA PARA REPAROS;Acabamento e cura;C4
Civil;ARGAMASSA PARA REPAROS;Preparo e limpeza da superfície;CANTEIRO INDUSTRIAL
Civil;ARGAMASSA PARA REPAROS;Confecção da argamassa (misturador);CANTEIRO INDUSTRIAL
Civil;ARGAMASSA PARA REPAROS;Lançamento / aplicação manual;CANTEIRO INDUSTRIAL
Civil;ARGAMASSA PARA REPAROS;Acabamento e cura;CANTEIRO INDUSTRIAL
Civil;ARGAMASSA PARA REPAROS;Preparo e limpeza da superfície;CONTORNO DE FUNDÃO
Civil;ARGAMASSA PARA REPAROS;Confecção da argamassa (misturador);CONTORNO DE FUNDÃO
Civil;ARGAMASSA PARA REPAROS;Lançamento / aplicação manual;CONTORNO DE FUNDÃO
Civil;ARGAMASSA PARA REPAROS;Acabamento e cura;CONTORNO DE FUNDÃO
Civil;ARGAMASSA PARA REPAROS;Preparo e limpeza da superfície;CONTORNO DE IBIRAÇU
Civil;ARGAMASSA PARA REPAROS;Confecção da argamassa (misturador);CONTORNO DE IBIRAÇU
Civil;ARGAMASSA PARA REPAROS;Lançamento / aplicação manual;CONTORNO DE IBIRAÇU
Civil;ARGAMASSA PARA REPAROS;Acabamento e cura;CONTORNO DE IBIRAÇU
Civil;ARGAMASSA PARA REPAROS;Preparo e limpeza da superfície;D2
Civil;ARGAMASSA PARA REPAROS;Confecção da argamassa (misturador);D2
Civil;ARGAMASSA PARA REPAROS;Lançamento / aplicação manual;D2
Civil;ARGAMASSA PARA REPAROS;Acabamento e cura;D2
Civil;ARGAMASSA PARA REPAROS;Preparo e limpeza da superfície;PARALELO DE IBIRAÇU
Civil;ARGAMASSA PARA REPAROS;Confecção da argamassa (misturador);PARALELO DE IBIRAÇU
Civil;ARGAMASSA PARA REPAROS;Lançamento / aplicação manual;PARALELO DE IBIRAÇU
Civil;ARGAMASSA PARA REPAROS;Acabamento e cura;PARALELO DE IBIRAÇU
Civil;ARGAMASSA PARA REPAROS;Preparo e limpeza da superfície;PÁTIO DE VIGAS
Civil;ARGAMASSA PARA REPAROS;Confecção da argamassa (misturador);PÁTIO DE VIGAS
Civil;ARGAMASSA PARA REPAROS;Lançamento / aplicação manual;PÁTIO DE VIGAS
Civil;ARGAMASSA PARA REPAROS;Acabamento e cura;PÁTIO DE VIGAS
Civil;ARMAÇÃO EM AÇO;Corte do aço;C1
Civil;ARMAÇÃO EM AÇO;Dobra / moldagem;C1
Civil;ARMAÇÃO EM AÇO;Pré-montagem das armaduras;C1
Civil;ARMAÇÃO EM AÇO;Colocação e posicionamento na fôrma;C1
Civil;ARMAÇÃO EM AÇO;Amarração, fixação e espaçadores;C1
Civil;ARMAÇÃO EM AÇO;Corte do aço;C2
Civil;ARMAÇÃO EM AÇO;Dobra / moldagem;C2
Civil;ARMAÇÃO EM AÇO;Pré-montagem das armaduras;C2
Civil;ARMAÇÃO EM AÇO;Colocação e posicionamento na fôrma;C2
Civil;ARMAÇÃO EM AÇO;Amarração, fixação e espaçadores;C2
Civil;ARMAÇÃO EM AÇO;Corte do aço;C3
Civil;ARMAÇÃO EM AÇO;Dobra / moldagem;C3
Civil;ARMAÇÃO EM AÇO;Pré-montagem das armaduras;C3
Civil;ARMAÇÃO EM AÇO;Colocação e posicionamento na fôrma;C3
Civil;ARMAÇÃO EM AÇO;Amarração, fixação e espaçadores;C3
Civil;ARMAÇÃO EM AÇO;Corte do aço;C4
Civil;ARMAÇÃO EM AÇO;Dobra / moldagem;C4
Civil;ARMAÇÃO EM AÇO;Pré-montagem das armaduras;C4
Civil;ARMAÇÃO EM AÇO;Colocação e posicionamento na fôrma;C4
Civil;ARMAÇÃO EM AÇO;Amarração, fixação e espaçadores;C4
Civil;ARMAÇÃO EM AÇO;Corte do aço;CANTEIRO INDUSTRIAL
Civil;ARMAÇÃO EM AÇO;Dobra / moldagem;CANTEIRO INDUSTRIAL
Civil;ARMAÇÃO EM AÇO;Pré-montagem das armaduras;CANTEIRO INDUSTRIAL
Civil;ARMAÇÃO EM AÇO;Colocação e posicionamento na fôrma;CANTEIRO INDUSTRIAL
Civil;ARMAÇÃO EM AÇO;Amarração, fixação e espaçadores;CANTEIRO INDUSTRIAL
Civil;ARMAÇÃO EM AÇO;Corte do aço;CONTORNO DE FUNDÃO
Civil;ARMAÇÃO EM AÇO;Dobra / moldagem;CONTORNO DE FUNDÃO
Civil;ARMAÇÃO EM AÇO;Pré-montagem das armaduras;CONTORNO DE FUNDÃO
Civil;ARMAÇÃO EM AÇO;Colocação e posicionamento na fôrma;CONTORNO DE FUNDÃO
Civil;ARMAÇÃO EM AÇO;Amarração, fixação e espaçadores;CONTORNO DE FUNDÃO
Civil;ARMAÇÃO EM AÇO;Corte do aço;CONTORNO DE IBIRAÇU
Civil;ARMAÇÃO EM AÇO;Dobra / moldagem;CONTORNO DE IBIRAÇU
Civil;ARMAÇÃO EM AÇO;Pré-montagem das armaduras;CONTORNO DE IBIRAÇU
Civil;ARMAÇÃO EM AÇO;Colocação e posicionamento na fôrma;CONTORNO DE IBIRAÇU
Civil;ARMAÇÃO EM AÇO;Amarração, fixação e espaçadores;CONTORNO DE IBIRAÇU
Civil;ARMAÇÃO EM AÇO;Corte do aço;D2
Civil;ARMAÇÃO EM AÇO;Dobra / moldagem;D2
Civil;ARMAÇÃO EM AÇO;Pré-montagem das armaduras;D2
Civil;ARMAÇÃO EM AÇO;Colocação e posicionamento na fôrma;D2
Civil;ARMAÇÃO EM AÇO;Amarração, fixação e espaçadores;D2
Civil;ARMAÇÃO EM AÇO;Corte do aço;PARALELO DE IBIRAÇU
Civil;ARMAÇÃO EM AÇO;Dobra / moldagem;PARALELO DE IBIRAÇU
Civil;ARMAÇÃO EM AÇO;Pré-montagem das armaduras;PARALELO DE IBIRAÇU
Civil;ARMAÇÃO EM AÇO;Colocação e posicionamento na fôrma;PARALELO DE IBIRAÇU
Civil;ARMAÇÃO EM AÇO;Amarração, fixação e espaçadores;PARALELO DE IBIRAÇU
Civil;ARMAÇÃO EM AÇO;Corte do aço;PÁTIO DE VIGAS
Civil;ARMAÇÃO EM AÇO;Dobra / moldagem;PÁTIO DE VIGAS
Civil;ARMAÇÃO EM AÇO;Pré-montagem das armaduras;PÁTIO DE VIGAS
Civil;ARMAÇÃO EM AÇO;Colocação e posicionamento na fôrma;PÁTIO DE VIGAS
Civil;ARMAÇÃO EM AÇO;Amarração, fixação e espaçadores;PÁTIO DE VIGAS
Civil;ARTICULAÇÃO DE CONCRETO TIPO FREYSSINET;Preparo de fôrma e armadura (interface);C1
Civil;ARTICULAÇÃO DE CONCRETO TIPO FREYSSINET;Usinagem / confecção do concreto;C1
Civil;ARTICULAÇÃO DE CONCRETO TIPO FREYSSINET;Transporte do concreto;C1
Civil;ARTICULAÇÃO DE CONCRETO TIPO FREYSSINET;Lançamento do concreto;C1
Civil;ARTICULAÇÃO DE CONCRETO TIPO FREYSSINET;Adensamento / vibração;C1
Civil;ARTICULAÇÃO DE CONCRETO TIPO FREYSSINET;Cura;C1
Civil;ARTICULAÇÃO DE CONCRETO TIPO FREYSSINET;Preparo de fôrma e armadura (interface);C2
Civil;ARTICULAÇÃO DE CONCRETO TIPO FREYSSINET;Usinagem / confecção do concreto;C2
Civil;ARTICULAÇÃO DE CONCRETO TIPO FREYSSINET;Transporte do concreto;C2
Civil;ARTICULAÇÃO DE CONCRETO TIPO FREYSSINET;Lançamento do concreto;C2
Civil;ARTICULAÇÃO DE CONCRETO TIPO FREYSSINET;Adensamento / vibração;C2
Civil;ARTICULAÇÃO DE CONCRETO TIPO FREYSSINET;Cura;C2
Civil;ARTICULAÇÃO DE CONCRETO TIPO FREYSSINET;Preparo de fôrma e armadura (interface);C3
Civil;ARTICULAÇÃO DE CONCRETO TIPO FREYSSINET;Usinagem / confecção do concreto;C3
Civil;ARTICULAÇÃO DE CONCRETO TIPO FREYSSINET;Transporte do concreto;C3
Civil;ARTICULAÇÃO DE CONCRETO TIPO FREYSSINET;Lançamento do concreto;C3
Civil;ARTICULAÇÃO DE CONCRETO TIPO FREYSSINET;Adensamento / vibração;C3
Civil;ARTICULAÇÃO DE CONCRETO TIPO FREYSSINET;Cura;C3
Civil;ARTICULAÇÃO DE CONCRETO TIPO FREYSSINET;Preparo de fôrma e armadura (interface);C4
Civil;ARTICULAÇÃO DE CONCRETO TIPO FREYSSINET;Usinagem / confecção do concreto;C4
Civil;ARTICULAÇÃO DE CONCRETO TIPO FREYSSINET;Transporte do concreto;C4
Civil;ARTICULAÇÃO DE CONCRETO TIPO FREYSSINET;Lançamento do concreto;C4
Civil;ARTICULAÇÃO DE CONCRETO TIPO FREYSSINET;Adensamento / vibração;C4
Civil;ARTICULAÇÃO DE CONCRETO TIPO FREYSSINET;Cura;C4
Civil;ARTICULAÇÃO DE CONCRETO TIPO FREYSSINET;Preparo de fôrma e armadura (interface);CANTEIRO INDUSTRIAL
Civil;ARTICULAÇÃO DE CONCRETO TIPO FREYSSINET;Usinagem / confecção do concreto;CANTEIRO INDUSTRIAL
Civil;ARTICULAÇÃO DE CONCRETO TIPO FREYSSINET;Transporte do concreto;CANTEIRO INDUSTRIAL
Civil;ARTICULAÇÃO DE CONCRETO TIPO FREYSSINET;Lançamento do concreto;CANTEIRO INDUSTRIAL
Civil;ARTICULAÇÃO DE CONCRETO TIPO FREYSSINET;Adensamento / vibração;CANTEIRO INDUSTRIAL
Civil;ARTICULAÇÃO DE CONCRETO TIPO FREYSSINET;Cura;CANTEIRO INDUSTRIAL
Civil;ARTICULAÇÃO DE CONCRETO TIPO FREYSSINET;Preparo de fôrma e armadura (interface);CONTORNO DE FUNDÃO
Civil;ARTICULAÇÃO DE CONCRETO TIPO FREYSSINET;Usinagem / confecção do concreto;CONTORNO DE FUNDÃO
Civil;ARTICULAÇÃO DE CONCRETO TIPO FREYSSINET;Transporte do concreto;CONTORNO DE FUNDÃO
Civil;ARTICULAÇÃO DE CONCRETO TIPO FREYSSINET;Lançamento do concreto;CONTORNO DE FUNDÃO
Civil;ARTICULAÇÃO DE CONCRETO TIPO FREYSSINET;Adensamento / vibração;CONTORNO DE FUNDÃO
Civil;ARTICULAÇÃO DE CONCRETO TIPO FREYSSINET;Cura;CONTORNO DE FUNDÃO
Civil;ARTICULAÇÃO DE CONCRETO TIPO FREYSSINET;Preparo de fôrma e armadura (interface);CONTORNO DE IBIRAÇU
Civil;ARTICULAÇÃO DE CONCRETO TIPO FREYSSINET;Usinagem / confecção do concreto;CONTORNO DE IBIRAÇU
Civil;ARTICULAÇÃO DE CONCRETO TIPO FREYSSINET;Transporte do concreto;CONTORNO DE IBIRAÇU
Civil;ARTICULAÇÃO DE CONCRETO TIPO FREYSSINET;Lançamento do concreto;CONTORNO DE IBIRAÇU
Civil;ARTICULAÇÃO DE CONCRETO TIPO FREYSSINET;Adensamento / vibração;CONTORNO DE IBIRAÇU
Civil;ARTICULAÇÃO DE CONCRETO TIPO FREYSSINET;Cura;CONTORNO DE IBIRAÇU
Civil;ARTICULAÇÃO DE CONCRETO TIPO FREYSSINET;Preparo de fôrma e armadura (interface);D2
Civil;ARTICULAÇÃO DE CONCRETO TIPO FREYSSINET;Usinagem / confecção do concreto;D2
Civil;ARTICULAÇÃO DE CONCRETO TIPO FREYSSINET;Transporte do concreto;D2
Civil;ARTICULAÇÃO DE CONCRETO TIPO FREYSSINET;Lançamento do concreto;D2
Civil;ARTICULAÇÃO DE CONCRETO TIPO FREYSSINET;Adensamento / vibração;D2
Civil;ARTICULAÇÃO DE CONCRETO TIPO FREYSSINET;Cura;D2
Civil;ARTICULAÇÃO DE CONCRETO TIPO FREYSSINET;Preparo de fôrma e armadura (interface);PARALELO DE IBIRAÇU
Civil;ARTICULAÇÃO DE CONCRETO TIPO FREYSSINET;Usinagem / confecção do concreto;PARALELO DE IBIRAÇU
Civil;ARTICULAÇÃO DE CONCRETO TIPO FREYSSINET;Transporte do concreto;PARALELO DE IBIRAÇU
Civil;ARTICULAÇÃO DE CONCRETO TIPO FREYSSINET;Lançamento do concreto;PARALELO DE IBIRAÇU
Civil;ARTICULAÇÃO DE CONCRETO TIPO FREYSSINET;Adensamento / vibração;PARALELO DE IBIRAÇU
Civil;ARTICULAÇÃO DE CONCRETO TIPO FREYSSINET;Cura;PARALELO DE IBIRAÇU
Civil;ARTICULAÇÃO DE CONCRETO TIPO FREYSSINET;Preparo de fôrma e armadura (interface);PÁTIO DE VIGAS
Civil;ARTICULAÇÃO DE CONCRETO TIPO FREYSSINET;Usinagem / confecção do concreto;PÁTIO DE VIGAS
Civil;ARTICULAÇÃO DE CONCRETO TIPO FREYSSINET;Transporte do concreto;PÁTIO DE VIGAS
Civil;ARTICULAÇÃO DE CONCRETO TIPO FREYSSINET;Lançamento do concreto;PÁTIO DE VIGAS
Civil;ARTICULAÇÃO DE CONCRETO TIPO FREYSSINET;Adensamento / vibração;PÁTIO DE VIGAS
Civil;ARTICULAÇÃO DE CONCRETO TIPO FREYSSINET;Cura;PÁTIO DE VIGAS
Civil;BAINHA METÁLICA REDONDA;Fornecimento das bainhas;C1
Civil;BAINHA METÁLICA REDONDA;Posicionamento e fixação na armadura;C1
Civil;BAINHA METÁLICA REDONDA;Emenda e vedação das juntas;C1
Civil;BAINHA METÁLICA REDONDA;Fornecimento das bainhas;C2
Civil;BAINHA METÁLICA REDONDA;Posicionamento e fixação na armadura;C2
Civil;BAINHA METÁLICA REDONDA;Emenda e vedação das juntas;C2
Civil;BAINHA METÁLICA REDONDA;Fornecimento das bainhas;C3
Civil;BAINHA METÁLICA REDONDA;Posicionamento e fixação na armadura;C3
Civil;BAINHA METÁLICA REDONDA;Emenda e vedação das juntas;C3
Civil;BAINHA METÁLICA REDONDA;Fornecimento das bainhas;C4
Civil;BAINHA METÁLICA REDONDA;Posicionamento e fixação na armadura;C4
Civil;BAINHA METÁLICA REDONDA;Emenda e vedação das juntas;C4
Civil;BAINHA METÁLICA REDONDA;Fornecimento das bainhas;CANTEIRO INDUSTRIAL
Civil;BAINHA METÁLICA REDONDA;Posicionamento e fixação na armadura;CANTEIRO INDUSTRIAL
Civil;BAINHA METÁLICA REDONDA;Emenda e vedação das juntas;CANTEIRO INDUSTRIAL
Civil;BAINHA METÁLICA REDONDA;Fornecimento das bainhas;CONTORNO DE FUNDÃO
Civil;BAINHA METÁLICA REDONDA;Posicionamento e fixação na armadura;CONTORNO DE FUNDÃO
Civil;BAINHA METÁLICA REDONDA;Emenda e vedação das juntas;CONTORNO DE FUNDÃO
Civil;BAINHA METÁLICA REDONDA;Fornecimento das bainhas;CONTORNO DE IBIRAÇU
Civil;BAINHA METÁLICA REDONDA;Posicionamento e fixação na armadura;CONTORNO DE IBIRAÇU
Civil;BAINHA METÁLICA REDONDA;Emenda e vedação das juntas;CONTORNO DE IBIRAÇU
Civil;BAINHA METÁLICA REDONDA;Fornecimento das bainhas;D2
Civil;BAINHA METÁLICA REDONDA;Posicionamento e fixação na armadura;D2
Civil;BAINHA METÁLICA REDONDA;Emenda e vedação das juntas;D2
Civil;BAINHA METÁLICA REDONDA;Fornecimento das bainhas;PARALELO DE IBIRAÇU
Civil;BAINHA METÁLICA REDONDA;Posicionamento e fixação na armadura;PARALELO DE IBIRAÇU
Civil;BAINHA METÁLICA REDONDA;Emenda e vedação das juntas;PARALELO DE IBIRAÇU
Civil;BAINHA METÁLICA REDONDA;Fornecimento das bainhas;PÁTIO DE VIGAS
Civil;BAINHA METÁLICA REDONDA;Posicionamento e fixação na armadura;PÁTIO DE VIGAS
Civil;BAINHA METÁLICA REDONDA;Emenda e vedação das juntas;PÁTIO DE VIGAS
Civil;BASE DE SOLO CIMENTO;Preparo e regularização do subleito;C1
Civil;BASE DE SOLO CIMENTO;Distribuição do cimento;C1
Civil;BASE DE SOLO CIMENTO;Mistura na pista;C1
Civil;BASE DE SOLO CIMENTO;Umectação e homogeneização;C1
Civil;BASE DE SOLO CIMENTO;Compactação;C1
Civil;BASE DE SOLO CIMENTO;Acabamento e cura;C1
Civil;BASE DE SOLO CIMENTO;Preparo e regularização do subleito;C2
Civil;BASE DE SOLO CIMENTO;Distribuição do cimento;C2
Civil;BASE DE SOLO CIMENTO;Mistura na pista;C2
Civil;BASE DE SOLO CIMENTO;Umectação e homogeneização;C2
Civil;BASE DE SOLO CIMENTO;Compactação;C2
Civil;BASE DE SOLO CIMENTO;Acabamento e cura;C2
Civil;BASE DE SOLO CIMENTO;Preparo e regularização do subleito;C3
Civil;BASE DE SOLO CIMENTO;Distribuição do cimento;C3
Civil;BASE DE SOLO CIMENTO;Mistura na pista;C3
Civil;BASE DE SOLO CIMENTO;Umectação e homogeneização;C3
Civil;BASE DE SOLO CIMENTO;Compactação;C3
Civil;BASE DE SOLO CIMENTO;Acabamento e cura;C3
Civil;BASE DE SOLO CIMENTO;Preparo e regularização do subleito;C4
Civil;BASE DE SOLO CIMENTO;Distribuição do cimento;C4
Civil;BASE DE SOLO CIMENTO;Mistura na pista;C4
Civil;BASE DE SOLO CIMENTO;Umectação e homogeneização;C4
Civil;BASE DE SOLO CIMENTO;Compactação;C4
Civil;BASE DE SOLO CIMENTO;Acabamento e cura;C4
Civil;BASE DE SOLO CIMENTO;Preparo e regularização do subleito;CANTEIRO INDUSTRIAL
Civil;BASE DE SOLO CIMENTO;Distribuição do cimento;CANTEIRO INDUSTRIAL
Civil;BASE DE SOLO CIMENTO;Mistura na pista;CANTEIRO INDUSTRIAL
Civil;BASE DE SOLO CIMENTO;Umectação e homogeneização;CANTEIRO INDUSTRIAL
Civil;BASE DE SOLO CIMENTO;Compactação;CANTEIRO INDUSTRIAL
Civil;BASE DE SOLO CIMENTO;Acabamento e cura;CANTEIRO INDUSTRIAL
Civil;BASE DE SOLO CIMENTO;Preparo e regularização do subleito;CONTORNO DE FUNDÃO
Civil;BASE DE SOLO CIMENTO;Distribuição do cimento;CONTORNO DE FUNDÃO
Civil;BASE DE SOLO CIMENTO;Mistura na pista;CONTORNO DE FUNDÃO
Civil;BASE DE SOLO CIMENTO;Umectação e homogeneização;CONTORNO DE FUNDÃO
Civil;BASE DE SOLO CIMENTO;Compactação;CONTORNO DE FUNDÃO
Civil;BASE DE SOLO CIMENTO;Acabamento e cura;CONTORNO DE FUNDÃO
Civil;BASE DE SOLO CIMENTO;Preparo e regularização do subleito;CONTORNO DE IBIRAÇU
Civil;BASE DE SOLO CIMENTO;Distribuição do cimento;CONTORNO DE IBIRAÇU
Civil;BASE DE SOLO CIMENTO;Mistura na pista;CONTORNO DE IBIRAÇU
Civil;BASE DE SOLO CIMENTO;Umectação e homogeneização;CONTORNO DE IBIRAÇU
Civil;BASE DE SOLO CIMENTO;Compactação;CONTORNO DE IBIRAÇU
Civil;BASE DE SOLO CIMENTO;Acabamento e cura;CONTORNO DE IBIRAÇU
Civil;BASE DE SOLO CIMENTO;Preparo e regularização do subleito;D2
Civil;BASE DE SOLO CIMENTO;Distribuição do cimento;D2
Civil;BASE DE SOLO CIMENTO;Mistura na pista;D2
Civil;BASE DE SOLO CIMENTO;Umectação e homogeneização;D2
Civil;BASE DE SOLO CIMENTO;Compactação;D2
Civil;BASE DE SOLO CIMENTO;Acabamento e cura;D2
Civil;BASE DE SOLO CIMENTO;Preparo e regularização do subleito;PARALELO DE IBIRAÇU
Civil;BASE DE SOLO CIMENTO;Distribuição do cimento;PARALELO DE IBIRAÇU
Civil;BASE DE SOLO CIMENTO;Mistura na pista;PARALELO DE IBIRAÇU
Civil;BASE DE SOLO CIMENTO;Umectação e homogeneização;PARALELO DE IBIRAÇU
Civil;BASE DE SOLO CIMENTO;Compactação;PARALELO DE IBIRAÇU
Civil;BASE DE SOLO CIMENTO;Acabamento e cura;PARALELO DE IBIRAÇU
Civil;BASE DE SOLO CIMENTO;Preparo e regularização do subleito;PÁTIO DE VIGAS
Civil;BASE DE SOLO CIMENTO;Distribuição do cimento;PÁTIO DE VIGAS
Civil;BASE DE SOLO CIMENTO;Mistura na pista;PÁTIO DE VIGAS
Civil;BASE DE SOLO CIMENTO;Umectação e homogeneização;PÁTIO DE VIGAS
Civil;BASE DE SOLO CIMENTO;Compactação;PÁTIO DE VIGAS
Civil;BASE DE SOLO CIMENTO;Acabamento e cura;PÁTIO DE VIGAS
Civil;BASE OU SUB-BASE;Preparo e regularização da camada inferior;C1
Civil;BASE OU SUB-BASE;Espalhamento da brita graduada (BGS);C1
Civil;BASE OU SUB-BASE;Umectação e homogeneização;C1
Civil;BASE OU SUB-BASE;Compactação;C1
Civil;BASE OU SUB-BASE;Acabamento e controle geométrico;C1
Civil;BASE OU SUB-BASE;Preparo e regularização da camada inferior;C2
Civil;BASE OU SUB-BASE;Espalhamento da brita graduada (BGS);C2
Civil;BASE OU SUB-BASE;Umectação e homogeneização;C2
Civil;BASE OU SUB-BASE;Compactação;C2
Civil;BASE OU SUB-BASE;Acabamento e controle geométrico;C2
Civil;BASE OU SUB-BASE;Preparo e regularização da camada inferior;C3
Civil;BASE OU SUB-BASE;Espalhamento da brita graduada (BGS);C3
Civil;BASE OU SUB-BASE;Umectação e homogeneização;C3
Civil;BASE OU SUB-BASE;Compactação;C3
Civil;BASE OU SUB-BASE;Acabamento e controle geométrico;C3
Civil;BASE OU SUB-BASE;Preparo e regularização da camada inferior;C4
Civil;BASE OU SUB-BASE;Espalhamento da brita graduada (BGS);C4
Civil;BASE OU SUB-BASE;Umectação e homogeneização;C4
Civil;BASE OU SUB-BASE;Compactação;C4
Civil;BASE OU SUB-BASE;Acabamento e controle geométrico;C4
Civil;BASE OU SUB-BASE;Preparo e regularização da camada inferior;CANTEIRO INDUSTRIAL
Civil;BASE OU SUB-BASE;Espalhamento da brita graduada (BGS);CANTEIRO INDUSTRIAL
Civil;BASE OU SUB-BASE;Umectação e homogeneização;CANTEIRO INDUSTRIAL
Civil;BASE OU SUB-BASE;Compactação;CANTEIRO INDUSTRIAL
Civil;BASE OU SUB-BASE;Acabamento e controle geométrico;CANTEIRO INDUSTRIAL
Civil;BASE OU SUB-BASE;Preparo e regularização da camada inferior;CONTORNO DE FUNDÃO
Civil;BASE OU SUB-BASE;Espalhamento da brita graduada (BGS);CONTORNO DE FUNDÃO
Civil;BASE OU SUB-BASE;Umectação e homogeneização;CONTORNO DE FUNDÃO
Civil;BASE OU SUB-BASE;Compactação;CONTORNO DE FUNDÃO
Civil;BASE OU SUB-BASE;Acabamento e controle geométrico;CONTORNO DE FUNDÃO
Civil;BASE OU SUB-BASE;Preparo e regularização da camada inferior;CONTORNO DE IBIRAÇU
Civil;BASE OU SUB-BASE;Espalhamento da brita graduada (BGS);CONTORNO DE IBIRAÇU
Civil;BASE OU SUB-BASE;Umectação e homogeneização;CONTORNO DE IBIRAÇU
Civil;BASE OU SUB-BASE;Compactação;CONTORNO DE IBIRAÇU
Civil;BASE OU SUB-BASE;Acabamento e controle geométrico;CONTORNO DE IBIRAÇU
Civil;BASE OU SUB-BASE;Preparo e regularização da camada inferior;D2
Civil;BASE OU SUB-BASE;Espalhamento da brita graduada (BGS);D2
Civil;BASE OU SUB-BASE;Umectação e homogeneização;D2
Civil;BASE OU SUB-BASE;Compactação;D2
Civil;BASE OU SUB-BASE;Acabamento e controle geométrico;D2
Civil;BASE OU SUB-BASE;Preparo e regularização da camada inferior;PARALELO DE IBIRAÇU
Civil;BASE OU SUB-BASE;Espalhamento da brita graduada (BGS);PARALELO DE IBIRAÇU
Civil;BASE OU SUB-BASE;Umectação e homogeneização;PARALELO DE IBIRAÇU
Civil;BASE OU SUB-BASE;Compactação;PARALELO DE IBIRAÇU
Civil;BASE OU SUB-BASE;Acabamento e controle geométrico;PARALELO DE IBIRAÇU
Civil;BASE OU SUB-BASE;Preparo e regularização da camada inferior;PÁTIO DE VIGAS
Civil;BASE OU SUB-BASE;Espalhamento da brita graduada (BGS);PÁTIO DE VIGAS
Civil;BASE OU SUB-BASE;Umectação e homogeneização;PÁTIO DE VIGAS
Civil;BASE OU SUB-BASE;Compactação;PÁTIO DE VIGAS
Civil;BASE OU SUB-BASE;Acabamento e controle geométrico;PÁTIO DE VIGAS
Civil;COMPACTAÇÃO DE ATERRO;Espalhamento do material em camadas;C1
Civil;COMPACTAÇÃO DE ATERRO;Homogeneização e umectação;C1
Civil;COMPACTAÇÃO DE ATERRO;Compactação (rolo);C1
Civil;COMPACTAÇÃO DE ATERRO;Controle de grau de compactação;C1
Civil;COMPACTAÇÃO DE ATERRO;Espalhamento do material em camadas;C2
Civil;COMPACTAÇÃO DE ATERRO;Homogeneização e umectação;C2
Civil;COMPACTAÇÃO DE ATERRO;Compactação (rolo);C2
Civil;COMPACTAÇÃO DE ATERRO;Controle de grau de compactação;C2
Civil;COMPACTAÇÃO DE ATERRO;Espalhamento do material em camadas;C3
Civil;COMPACTAÇÃO DE ATERRO;Homogeneização e umectação;C3
Civil;COMPACTAÇÃO DE ATERRO;Compactação (rolo);C3
Civil;COMPACTAÇÃO DE ATERRO;Controle de grau de compactação;C3
Civil;COMPACTAÇÃO DE ATERRO;Espalhamento do material em camadas;C4
Civil;COMPACTAÇÃO DE ATERRO;Homogeneização e umectação;C4
Civil;COMPACTAÇÃO DE ATERRO;Compactação (rolo);C4
Civil;COMPACTAÇÃO DE ATERRO;Controle de grau de compactação;C4
Civil;COMPACTAÇÃO DE ATERRO;Espalhamento do material em camadas;CANTEIRO INDUSTRIAL
Civil;COMPACTAÇÃO DE ATERRO;Homogeneização e umectação;CANTEIRO INDUSTRIAL
Civil;COMPACTAÇÃO DE ATERRO;Compactação (rolo);CANTEIRO INDUSTRIAL
Civil;COMPACTAÇÃO DE ATERRO;Controle de grau de compactação;CANTEIRO INDUSTRIAL
Civil;COMPACTAÇÃO DE ATERRO;Espalhamento do material em camadas;CONTORNO DE FUNDÃO
Civil;COMPACTAÇÃO DE ATERRO;Homogeneização e umectação;CONTORNO DE FUNDÃO
Civil;COMPACTAÇÃO DE ATERRO;Compactação (rolo);CONTORNO DE FUNDÃO
Civil;COMPACTAÇÃO DE ATERRO;Controle de grau de compactação;CONTORNO DE FUNDÃO
Civil;COMPACTAÇÃO DE ATERRO;Espalhamento do material em camadas;CONTORNO DE IBIRAÇU
Civil;COMPACTAÇÃO DE ATERRO;Homogeneização e umectação;CONTORNO DE IBIRAÇU
Civil;COMPACTAÇÃO DE ATERRO;Compactação (rolo);CONTORNO DE IBIRAÇU
Civil;COMPACTAÇÃO DE ATERRO;Controle de grau de compactação;CONTORNO DE IBIRAÇU
Civil;COMPACTAÇÃO DE ATERRO;Espalhamento do material em camadas;D2
Civil;COMPACTAÇÃO DE ATERRO;Homogeneização e umectação;D2
Civil;COMPACTAÇÃO DE ATERRO;Compactação (rolo);D2
Civil;COMPACTAÇÃO DE ATERRO;Controle de grau de compactação;D2
Civil;COMPACTAÇÃO DE ATERRO;Espalhamento do material em camadas;PARALELO DE IBIRAÇU
Civil;COMPACTAÇÃO DE ATERRO;Homogeneização e umectação;PARALELO DE IBIRAÇU
Civil;COMPACTAÇÃO DE ATERRO;Compactação (rolo);PARALELO DE IBIRAÇU
Civil;COMPACTAÇÃO DE ATERRO;Controle de grau de compactação;PARALELO DE IBIRAÇU
Civil;COMPACTAÇÃO DE ATERRO;Espalhamento do material em camadas;PÁTIO DE VIGAS
Civil;COMPACTAÇÃO DE ATERRO;Homogeneização e umectação;PÁTIO DE VIGAS
Civil;COMPACTAÇÃO DE ATERRO;Compactação (rolo);PÁTIO DE VIGAS
Civil;COMPACTAÇÃO DE ATERRO;Controle de grau de compactação;PÁTIO DE VIGAS
Civil;CONCRETO;Preparo de fôrma e armadura (interface);C1
Civil;CONCRETO;Usinagem / confecção do concreto;C1
Civil;CONCRETO;Transporte do concreto;C1
Civil;CONCRETO;Lançamento do concreto;C1
Civil;CONCRETO;Adensamento / vibração;C1
Civil;CONCRETO;Cura;C1
Civil;CONCRETO;Preparo de fôrma e armadura (interface);C2
Civil;CONCRETO;Usinagem / confecção do concreto;C2
Civil;CONCRETO;Transporte do concreto;C2
Civil;CONCRETO;Lançamento do concreto;C2
Civil;CONCRETO;Adensamento / vibração;C2
Civil;CONCRETO;Cura;C2
Civil;CONCRETO;Preparo de fôrma e armadura (interface);C3
Civil;CONCRETO;Usinagem / confecção do concreto;C3
Civil;CONCRETO;Transporte do concreto;C3
Civil;CONCRETO;Lançamento do concreto;C3
Civil;CONCRETO;Adensamento / vibração;C3
Civil;CONCRETO;Cura;C3
Civil;CONCRETO;Preparo de fôrma e armadura (interface);C4
Civil;CONCRETO;Usinagem / confecção do concreto;C4
Civil;CONCRETO;Transporte do concreto;C4
Civil;CONCRETO;Lançamento do concreto;C4
Civil;CONCRETO;Adensamento / vibração;C4
Civil;CONCRETO;Cura;C4
Civil;CONCRETO;Preparo de fôrma e armadura (interface);CANTEIRO INDUSTRIAL
Civil;CONCRETO;Usinagem / confecção do concreto;CANTEIRO INDUSTRIAL
Civil;CONCRETO;Transporte do concreto;CANTEIRO INDUSTRIAL
Civil;CONCRETO;Lançamento do concreto;CANTEIRO INDUSTRIAL
Civil;CONCRETO;Adensamento / vibração;CANTEIRO INDUSTRIAL
Civil;CONCRETO;Cura;CANTEIRO INDUSTRIAL
Civil;CONCRETO;Preparo de fôrma e armadura (interface);CONTORNO DE FUNDÃO
Civil;CONCRETO;Usinagem / confecção do concreto;CONTORNO DE FUNDÃO
Civil;CONCRETO;Transporte do concreto;CONTORNO DE FUNDÃO
Civil;CONCRETO;Lançamento do concreto;CONTORNO DE FUNDÃO
Civil;CONCRETO;Adensamento / vibração;CONTORNO DE FUNDÃO
Civil;CONCRETO;Cura;CONTORNO DE FUNDÃO
Civil;CONCRETO;Preparo de fôrma e armadura (interface);CONTORNO DE IBIRAÇU
Civil;CONCRETO;Usinagem / confecção do concreto;CONTORNO DE IBIRAÇU
Civil;CONCRETO;Transporte do concreto;CONTORNO DE IBIRAÇU
Civil;CONCRETO;Lançamento do concreto;CONTORNO DE IBIRAÇU
Civil;CONCRETO;Adensamento / vibração;CONTORNO DE IBIRAÇU
Civil;CONCRETO;Cura;CONTORNO DE IBIRAÇU
Civil;CONCRETO;Preparo de fôrma e armadura (interface);D2
Civil;CONCRETO;Usinagem / confecção do concreto;D2
Civil;CONCRETO;Transporte do concreto;D2
Civil;CONCRETO;Lançamento do concreto;D2
Civil;CONCRETO;Adensamento / vibração;D2
Civil;CONCRETO;Cura;D2
Civil;CONCRETO;Preparo de fôrma e armadura (interface);PARALELO DE IBIRAÇU
Civil;CONCRETO;Usinagem / confecção do concreto;PARALELO DE IBIRAÇU
Civil;CONCRETO;Transporte do concreto;PARALELO DE IBIRAÇU
Civil;CONCRETO;Lançamento do concreto;PARALELO DE IBIRAÇU
Civil;CONCRETO;Adensamento / vibração;PARALELO DE IBIRAÇU
Civil;CONCRETO;Cura;PARALELO DE IBIRAÇU
Civil;CONCRETO;Preparo de fôrma e armadura (interface);PÁTIO DE VIGAS
Civil;CONCRETO;Usinagem / confecção do concreto;PÁTIO DE VIGAS
Civil;CONCRETO;Transporte do concreto;PÁTIO DE VIGAS
Civil;CONCRETO;Lançamento do concreto;PÁTIO DE VIGAS
Civil;CONCRETO;Adensamento / vibração;PÁTIO DE VIGAS
Civil;CONCRETO;Cura;PÁTIO DE VIGAS
Civil;CONCRETO -;Preparo de fôrma e armadura (interface);C1
Civil;CONCRETO -;Usinagem / confecção do concreto;C1
Civil;CONCRETO -;Transporte do concreto;C1
Civil;CONCRETO -;Lançamento do concreto;C1
Civil;CONCRETO -;Adensamento / vibração;C1
Civil;CONCRETO -;Cura;C1
Civil;CONCRETO -;Preparo de fôrma e armadura (interface);C2
Civil;CONCRETO -;Usinagem / confecção do concreto;C2
Civil;CONCRETO -;Transporte do concreto;C2
Civil;CONCRETO -;Lançamento do concreto;C2
Civil;CONCRETO -;Adensamento / vibração;C2
Civil;CONCRETO -;Cura;C2
Civil;CONCRETO -;Preparo de fôrma e armadura (interface);C3
Civil;CONCRETO -;Usinagem / confecção do concreto;C3
Civil;CONCRETO -;Transporte do concreto;C3
Civil;CONCRETO -;Lançamento do concreto;C3
Civil;CONCRETO -;Adensamento / vibração;C3
Civil;CONCRETO -;Cura;C3
Civil;CONCRETO -;Preparo de fôrma e armadura (interface);C4
Civil;CONCRETO -;Usinagem / confecção do concreto;C4
Civil;CONCRETO -;Transporte do concreto;C4
Civil;CONCRETO -;Lançamento do concreto;C4
Civil;CONCRETO -;Adensamento / vibração;C4
Civil;CONCRETO -;Cura;C4
Civil;CONCRETO -;Preparo de fôrma e armadura (interface);CANTEIRO INDUSTRIAL
Civil;CONCRETO -;Usinagem / confecção do concreto;CANTEIRO INDUSTRIAL
Civil;CONCRETO -;Transporte do concreto;CANTEIRO INDUSTRIAL
Civil;CONCRETO -;Lançamento do concreto;CANTEIRO INDUSTRIAL
Civil;CONCRETO -;Adensamento / vibração;CANTEIRO INDUSTRIAL
Civil;CONCRETO -;Cura;CANTEIRO INDUSTRIAL
Civil;CONCRETO -;Preparo de fôrma e armadura (interface);CONTORNO DE FUNDÃO
Civil;CONCRETO -;Usinagem / confecção do concreto;CONTORNO DE FUNDÃO
Civil;CONCRETO -;Transporte do concreto;CONTORNO DE FUNDÃO
Civil;CONCRETO -;Lançamento do concreto;CONTORNO DE FUNDÃO
Civil;CONCRETO -;Adensamento / vibração;CONTORNO DE FUNDÃO
Civil;CONCRETO -;Cura;CONTORNO DE FUNDÃO
Civil;CONCRETO -;Preparo de fôrma e armadura (interface);CONTORNO DE IBIRAÇU
Civil;CONCRETO -;Usinagem / confecção do concreto;CONTORNO DE IBIRAÇU
Civil;CONCRETO -;Transporte do concreto;CONTORNO DE IBIRAÇU
Civil;CONCRETO -;Lançamento do concreto;CONTORNO DE IBIRAÇU
Civil;CONCRETO -;Adensamento / vibração;CONTORNO DE IBIRAÇU
Civil;CONCRETO -;Cura;CONTORNO DE IBIRAÇU
Civil;CONCRETO -;Preparo de fôrma e armadura (interface);D2
Civil;CONCRETO -;Usinagem / confecção do concreto;D2
Civil;CONCRETO -;Transporte do concreto;D2
Civil;CONCRETO -;Lançamento do concreto;D2
Civil;CONCRETO -;Adensamento / vibração;D2
Civil;CONCRETO -;Cura;D2
Civil;CONCRETO -;Preparo de fôrma e armadura (interface);PARALELO DE IBIRAÇU
Civil;CONCRETO -;Usinagem / confecção do concreto;PARALELO DE IBIRAÇU
Civil;CONCRETO -;Transporte do concreto;PARALELO DE IBIRAÇU
Civil;CONCRETO -;Lançamento do concreto;PARALELO DE IBIRAÇU
Civil;CONCRETO -;Adensamento / vibração;PARALELO DE IBIRAÇU
Civil;CONCRETO -;Cura;PARALELO DE IBIRAÇU
Civil;CONCRETO -;Preparo de fôrma e armadura (interface);PÁTIO DE VIGAS
Civil;CONCRETO -;Usinagem / confecção do concreto;PÁTIO DE VIGAS
Civil;CONCRETO -;Transporte do concreto;PÁTIO DE VIGAS
Civil;CONCRETO -;Lançamento do concreto;PÁTIO DE VIGAS
Civil;CONCRETO -;Adensamento / vibração;PÁTIO DE VIGAS
Civil;CONCRETO -;Cura;PÁTIO DE VIGAS
Civil;CORDOALHA;Fornecimento das cordoalhas;C1
Civil;CORDOALHA;Enfiação nas bainhas;C1
Civil;CORDOALHA;Posicionamento e corte;C1
Civil;CORDOALHA;Fornecimento das cordoalhas;C2
Civil;CORDOALHA;Enfiação nas bainhas;C2
Civil;CORDOALHA;Posicionamento e corte;C2
Civil;CORDOALHA;Fornecimento das cordoalhas;C3
Civil;CORDOALHA;Enfiação nas bainhas;C3
Civil;CORDOALHA;Posicionamento e corte;C3
Civil;CORDOALHA;Fornecimento das cordoalhas;C4
Civil;CORDOALHA;Enfiação nas bainhas;C4
Civil;CORDOALHA;Posicionamento e corte;C4
Civil;CORDOALHA;Fornecimento das cordoalhas;CANTEIRO INDUSTRIAL
Civil;CORDOALHA;Enfiação nas bainhas;CANTEIRO INDUSTRIAL
Civil;CORDOALHA;Posicionamento e corte;CANTEIRO INDUSTRIAL
Civil;CORDOALHA;Fornecimento das cordoalhas;CONTORNO DE FUNDÃO
Civil;CORDOALHA;Enfiação nas bainhas;CONTORNO DE FUNDÃO
Civil;CORDOALHA;Posicionamento e corte;CONTORNO DE FUNDÃO
Civil;CORDOALHA;Fornecimento das cordoalhas;CONTORNO DE IBIRAÇU
Civil;CORDOALHA;Enfiação nas bainhas;CONTORNO DE IBIRAÇU
Civil;CORDOALHA;Posicionamento e corte;CONTORNO DE IBIRAÇU
Civil;CORDOALHA;Fornecimento das cordoalhas;D2
Civil;CORDOALHA;Enfiação nas bainhas;D2
Civil;CORDOALHA;Posicionamento e corte;D2
Civil;CORDOALHA;Fornecimento das cordoalhas;PARALELO DE IBIRAÇU
Civil;CORDOALHA;Enfiação nas bainhas;PARALELO DE IBIRAÇU
Civil;CORDOALHA;Posicionamento e corte;PARALELO DE IBIRAÇU
Civil;CORDOALHA;Fornecimento das cordoalhas;PÁTIO DE VIGAS
Civil;CORDOALHA;Enfiação nas bainhas;PÁTIO DE VIGAS
Civil;CORDOALHA;Posicionamento e corte;PÁTIO DE VIGAS
Civil;CURA QUÍMICA;Preparo da superfície;C1
Civil;CURA QUÍMICA;Aplicação do produto de cura química;C1
Civil;CURA QUÍMICA;Verificação;C1
Civil;CURA QUÍMICA;Preparo da superfície;C2
Civil;CURA QUÍMICA;Aplicação do produto de cura química;C2
Civil;CURA QUÍMICA;Verificação;C2
Civil;CURA QUÍMICA;Preparo da superfície;C3
Civil;CURA QUÍMICA;Aplicação do produto de cura química;C3
Civil;CURA QUÍMICA;Verificação;C3
Civil;CURA QUÍMICA;Preparo da superfície;C4
Civil;CURA QUÍMICA;Aplicação do produto de cura química;C4
Civil;CURA QUÍMICA;Verificação;C4
Civil;CURA QUÍMICA;Preparo da superfície;CANTEIRO INDUSTRIAL
Civil;CURA QUÍMICA;Aplicação do produto de cura química;CANTEIRO INDUSTRIAL
Civil;CURA QUÍMICA;Verificação;CANTEIRO INDUSTRIAL
Civil;CURA QUÍMICA;Preparo da superfície;CONTORNO DE FUNDÃO
Civil;CURA QUÍMICA;Aplicação do produto de cura química;CONTORNO DE FUNDÃO
Civil;CURA QUÍMICA;Verificação;CONTORNO DE FUNDÃO
Civil;CURA QUÍMICA;Preparo da superfície;CONTORNO DE IBIRAÇU
Civil;CURA QUÍMICA;Aplicação do produto de cura química;CONTORNO DE IBIRAÇU
Civil;CURA QUÍMICA;Verificação;CONTORNO DE IBIRAÇU
Civil;CURA QUÍMICA;Preparo da superfície;D2
Civil;CURA QUÍMICA;Aplicação do produto de cura química;D2
Civil;CURA QUÍMICA;Verificação;D2
Civil;CURA QUÍMICA;Preparo da superfície;PARALELO DE IBIRAÇU
Civil;CURA QUÍMICA;Aplicação do produto de cura química;PARALELO DE IBIRAÇU
Civil;CURA QUÍMICA;Verificação;PARALELO DE IBIRAÇU
Civil;CURA QUÍMICA;Preparo da superfície;PÁTIO DE VIGAS
Civil;CURA QUÍMICA;Aplicação do produto de cura química;PÁTIO DE VIGAS
Civil;CURA QUÍMICA;Verificação;PÁTIO DE VIGAS
Civil;DRENO DE PVC;Marcação dos pontos;C1
Civil;DRENO DE PVC;Perfuração / preparo do furo;C1
Civil;DRENO DE PVC;Fornecimento e instalação do tubo de PVC;C1
Civil;DRENO DE PVC;Fixação e vedação;C1
Civil;DRENO DE PVC;Marcação dos pontos;C2
Civil;DRENO DE PVC;Perfuração / preparo do furo;C2
Civil;DRENO DE PVC;Fornecimento e instalação do tubo de PVC;C2
Civil;DRENO DE PVC;Fixação e vedação;C2
Civil;DRENO DE PVC;Marcação dos pontos;C3
Civil;DRENO DE PVC;Perfuração / preparo do furo;C3
Civil;DRENO DE PVC;Fornecimento e instalação do tubo de PVC;C3
Civil;DRENO DE PVC;Fixação e vedação;C3
Civil;DRENO DE PVC;Marcação dos pontos;C4
Civil;DRENO DE PVC;Perfuração / preparo do furo;C4
Civil;DRENO DE PVC;Fornecimento e instalação do tubo de PVC;C4
Civil;DRENO DE PVC;Fixação e vedação;C4
Civil;DRENO DE PVC;Marcação dos pontos;CANTEIRO INDUSTRIAL
Civil;DRENO DE PVC;Perfuração / preparo do furo;CANTEIRO INDUSTRIAL
Civil;DRENO DE PVC;Fornecimento e instalação do tubo de PVC;CANTEIRO INDUSTRIAL
Civil;DRENO DE PVC;Fixação e vedação;CANTEIRO INDUSTRIAL
Civil;DRENO DE PVC;Marcação dos pontos;CONTORNO DE FUNDÃO
Civil;DRENO DE PVC;Perfuração / preparo do furo;CONTORNO DE FUNDÃO
Civil;DRENO DE PVC;Fornecimento e instalação do tubo de PVC;CONTORNO DE FUNDÃO
Civil;DRENO DE PVC;Fixação e vedação;CONTORNO DE FUNDÃO
Civil;DRENO DE PVC;Marcação dos pontos;CONTORNO DE IBIRAÇU
Civil;DRENO DE PVC;Perfuração / preparo do furo;CONTORNO DE IBIRAÇU
Civil;DRENO DE PVC;Fornecimento e instalação do tubo de PVC;CONTORNO DE IBIRAÇU
Civil;DRENO DE PVC;Fixação e vedação;CONTORNO DE IBIRAÇU
Civil;DRENO DE PVC;Marcação dos pontos;D2
Civil;DRENO DE PVC;Perfuração / preparo do furo;D2
Civil;DRENO DE PVC;Fornecimento e instalação do tubo de PVC;D2
Civil;DRENO DE PVC;Fixação e vedação;D2
Civil;DRENO DE PVC;Marcação dos pontos;PARALELO DE IBIRAÇU
Civil;DRENO DE PVC;Perfuração / preparo do furo;PARALELO DE IBIRAÇU
Civil;DRENO DE PVC;Fornecimento e instalação do tubo de PVC;PARALELO DE IBIRAÇU
Civil;DRENO DE PVC;Fixação e vedação;PARALELO DE IBIRAÇU
Civil;DRENO DE PVC;Marcação dos pontos;PÁTIO DE VIGAS
Civil;DRENO DE PVC;Perfuração / preparo do furo;PÁTIO DE VIGAS
Civil;DRENO DE PVC;Fornecimento e instalação do tubo de PVC;PÁTIO DE VIGAS
Civil;DRENO DE PVC;Fixação e vedação;PÁTIO DE VIGAS
Civil;ESCAVAÇÃO 1ª CATEGORIA;Escavação mecânica do material de 1ª categoria;C1
Civil;ESCAVAÇÃO 1ª CATEGORIA;Carga em caminhão;C1
Civil;ESCAVAÇÃO 1ª CATEGORIA;Transporte (DMT);C1
Civil;ESCAVAÇÃO 1ª CATEGORIA;Descarga / espalhamento no destino;C1
Civil;ESCAVAÇÃO 1ª CATEGORIA;Escavação mecânica do material de 1ª categoria;C1
Civil;ESCAVAÇÃO 1ª CATEGORIA;Carga em caminhão;C1
Civil;ESCAVAÇÃO 1ª CATEGORIA;Transporte (DMT);C1
Civil;ESCAVAÇÃO 1ª CATEGORIA;Descarga / espalhamento no destino;C1
Civil;ESCAVAÇÃO 1ª CATEGORIA;Escavação mecânica do material de 1ª categoria;C1
Civil;ESCAVAÇÃO 1ª CATEGORIA;Carga em caminhão;C1
Civil;ESCAVAÇÃO 1ª CATEGORIA;Transporte (DMT);C1
Civil;ESCAVAÇÃO 1ª CATEGORIA;Descarga / espalhamento no destino;C1
Civil;ESCAVAÇÃO 1ª CATEGORIA;Escavação mecânica do material de 1ª categoria;C2
Civil;ESCAVAÇÃO 1ª CATEGORIA;Carga em caminhão;C2
Civil;ESCAVAÇÃO 1ª CATEGORIA;Transporte (DMT);C2
Civil;ESCAVAÇÃO 1ª CATEGORIA;Descarga / espalhamento no destino;C2
Civil;ESCAVAÇÃO 1ª CATEGORIA;Escavação mecânica do material de 1ª categoria;C2
Civil;ESCAVAÇÃO 1ª CATEGORIA;Carga em caminhão;C2
Civil;ESCAVAÇÃO 1ª CATEGORIA;Transporte (DMT);C2
Civil;ESCAVAÇÃO 1ª CATEGORIA;Descarga / espalhamento no destino;C2
Civil;ESCAVAÇÃO 1ª CATEGORIA;Escavação mecânica do material de 1ª categoria;C2
Civil;ESCAVAÇÃO 1ª CATEGORIA;Carga em caminhão;C2
Civil;ESCAVAÇÃO 1ª CATEGORIA;Transporte (DMT);C2
Civil;ESCAVAÇÃO 1ª CATEGORIA;Descarga / espalhamento no destino;C2
Civil;ESCAVAÇÃO 1ª CATEGORIA;Escavação mecânica do material de 1ª categoria;C3
Civil;ESCAVAÇÃO 1ª CATEGORIA;Carga em caminhão;C3
Civil;ESCAVAÇÃO 1ª CATEGORIA;Transporte (DMT);C3
Civil;ESCAVAÇÃO 1ª CATEGORIA;Descarga / espalhamento no destino;C3
Civil;ESCAVAÇÃO 1ª CATEGORIA;Escavação mecânica do material de 1ª categoria;C3
Civil;ESCAVAÇÃO 1ª CATEGORIA;Carga em caminhão;C3
Civil;ESCAVAÇÃO 1ª CATEGORIA;Transporte (DMT);C3
Civil;ESCAVAÇÃO 1ª CATEGORIA;Descarga / espalhamento no destino;C3
Civil;ESCAVAÇÃO 1ª CATEGORIA;Escavação mecânica do material de 1ª categoria;C3
Civil;ESCAVAÇÃO 1ª CATEGORIA;Carga em caminhão;C3
Civil;ESCAVAÇÃO 1ª CATEGORIA;Transporte (DMT);C3
Civil;ESCAVAÇÃO 1ª CATEGORIA;Descarga / espalhamento no destino;C3
Civil;ESCAVAÇÃO 1ª CATEGORIA;Escavação mecânica do material de 1ª categoria;C4
Civil;ESCAVAÇÃO 1ª CATEGORIA;Carga em caminhão;C4
Civil;ESCAVAÇÃO 1ª CATEGORIA;Transporte (DMT);C4
Civil;ESCAVAÇÃO 1ª CATEGORIA;Descarga / espalhamento no destino;C4
Civil;ESCAVAÇÃO 1ª CATEGORIA;Escavação mecânica do material de 1ª categoria;C4
Civil;ESCAVAÇÃO 1ª CATEGORIA;Carga em caminhão;C4
Civil;ESCAVAÇÃO 1ª CATEGORIA;Transporte (DMT);C4
Civil;ESCAVAÇÃO 1ª CATEGORIA;Descarga / espalhamento no destino;C4
Civil;ESCAVAÇÃO 1ª CATEGORIA;Escavação mecânica do material de 1ª categoria;C4
Civil;ESCAVAÇÃO 1ª CATEGORIA;Carga em caminhão;C4
Civil;ESCAVAÇÃO 1ª CATEGORIA;Transporte (DMT);C4
Civil;ESCAVAÇÃO 1ª CATEGORIA;Descarga / espalhamento no destino;C4
Civil;ESCAVAÇÃO 1ª CATEGORIA;Escavação mecânica do material de 1ª categoria;CANTEIRO INDUSTRIAL
Civil;ESCAVAÇÃO 1ª CATEGORIA;Carga em caminhão;CANTEIRO INDUSTRIAL
Civil;ESCAVAÇÃO 1ª CATEGORIA;Transporte (DMT);CANTEIRO INDUSTRIAL
Civil;ESCAVAÇÃO 1ª CATEGORIA;Descarga / espalhamento no destino;CANTEIRO INDUSTRIAL
Civil;ESCAVAÇÃO 1ª CATEGORIA;Escavação mecânica do material de 1ª categoria;CANTEIRO INDUSTRIAL
Civil;ESCAVAÇÃO 1ª CATEGORIA;Carga em caminhão;CANTEIRO INDUSTRIAL
Civil;ESCAVAÇÃO 1ª CATEGORIA;Transporte (DMT);CANTEIRO INDUSTRIAL
Civil;ESCAVAÇÃO 1ª CATEGORIA;Descarga / espalhamento no destino;CANTEIRO INDUSTRIAL
Civil;ESCAVAÇÃO 1ª CATEGORIA;Escavação mecânica do material de 1ª categoria;CANTEIRO INDUSTRIAL
Civil;ESCAVAÇÃO 1ª CATEGORIA;Carga em caminhão;CANTEIRO INDUSTRIAL
Civil;ESCAVAÇÃO 1ª CATEGORIA;Transporte (DMT);CANTEIRO INDUSTRIAL
Civil;ESCAVAÇÃO 1ª CATEGORIA;Descarga / espalhamento no destino;CANTEIRO INDUSTRIAL
Civil;ESCAVAÇÃO 1ª CATEGORIA;Escavação mecânica do material de 1ª categoria;CONTORNO DE FUNDÃO
Civil;ESCAVAÇÃO 1ª CATEGORIA;Carga em caminhão;CONTORNO DE FUNDÃO
Civil;ESCAVAÇÃO 1ª CATEGORIA;Transporte (DMT);CONTORNO DE FUNDÃO
Civil;ESCAVAÇÃO 1ª CATEGORIA;Descarga / espalhamento no destino;CONTORNO DE FUNDÃO
Civil;ESCAVAÇÃO 1ª CATEGORIA;Escavação mecânica do material de 1ª categoria;CONTORNO DE FUNDÃO
Civil;ESCAVAÇÃO 1ª CATEGORIA;Carga em caminhão;CONTORNO DE FUNDÃO
Civil;ESCAVAÇÃO 1ª CATEGORIA;Transporte (DMT);CONTORNO DE FUNDÃO
Civil;ESCAVAÇÃO 1ª CATEGORIA;Descarga / espalhamento no destino;CONTORNO DE FUNDÃO
Civil;ESCAVAÇÃO 1ª CATEGORIA;Escavação mecânica do material de 1ª categoria;CONTORNO DE FUNDÃO
Civil;ESCAVAÇÃO 1ª CATEGORIA;Carga em caminhão;CONTORNO DE FUNDÃO
Civil;ESCAVAÇÃO 1ª CATEGORIA;Transporte (DMT);CONTORNO DE FUNDÃO
Civil;ESCAVAÇÃO 1ª CATEGORIA;Descarga / espalhamento no destino;CONTORNO DE FUNDÃO
Civil;ESCAVAÇÃO 1ª CATEGORIA;Escavação mecânica do material de 1ª categoria;CONTORNO DE IBIRAÇU
Civil;ESCAVAÇÃO 1ª CATEGORIA;Carga em caminhão;CONTORNO DE IBIRAÇU
Civil;ESCAVAÇÃO 1ª CATEGORIA;Transporte (DMT);CONTORNO DE IBIRAÇU
Civil;ESCAVAÇÃO 1ª CATEGORIA;Descarga / espalhamento no destino;CONTORNO DE IBIRAÇU
Civil;ESCAVAÇÃO 1ª CATEGORIA;Escavação mecânica do material de 1ª categoria;CONTORNO DE IBIRAÇU
Civil;ESCAVAÇÃO 1ª CATEGORIA;Carga em caminhão;CONTORNO DE IBIRAÇU
Civil;ESCAVAÇÃO 1ª CATEGORIA;Transporte (DMT);CONTORNO DE IBIRAÇU
Civil;ESCAVAÇÃO 1ª CATEGORIA;Descarga / espalhamento no destino;CONTORNO DE IBIRAÇU
Civil;ESCAVAÇÃO 1ª CATEGORIA;Escavação mecânica do material de 1ª categoria;CONTORNO DE IBIRAÇU
Civil;ESCAVAÇÃO 1ª CATEGORIA;Carga em caminhão;CONTORNO DE IBIRAÇU
Civil;ESCAVAÇÃO 1ª CATEGORIA;Transporte (DMT);CONTORNO DE IBIRAÇU
Civil;ESCAVAÇÃO 1ª CATEGORIA;Descarga / espalhamento no destino;CONTORNO DE IBIRAÇU
Civil;ESCAVAÇÃO 1ª CATEGORIA;Escavação mecânica do material de 1ª categoria;D2
Civil;ESCAVAÇÃO 1ª CATEGORIA;Carga em caminhão;D2
Civil;ESCAVAÇÃO 1ª CATEGORIA;Transporte (DMT);D2
Civil;ESCAVAÇÃO 1ª CATEGORIA;Descarga / espalhamento no destino;D2
Civil;ESCAVAÇÃO 1ª CATEGORIA;Escavação mecânica do material de 1ª categoria;D2
Civil;ESCAVAÇÃO 1ª CATEGORIA;Carga em caminhão;D2
Civil;ESCAVAÇÃO 1ª CATEGORIA;Transporte (DMT);D2
Civil;ESCAVAÇÃO 1ª CATEGORIA;Descarga / espalhamento no destino;D2
Civil;ESCAVAÇÃO 1ª CATEGORIA;Escavação mecânica do material de 1ª categoria;D2
Civil;ESCAVAÇÃO 1ª CATEGORIA;Carga em caminhão;D2
Civil;ESCAVAÇÃO 1ª CATEGORIA;Transporte (DMT);D2
Civil;ESCAVAÇÃO 1ª CATEGORIA;Descarga / espalhamento no destino;D2
Civil;ESCAVAÇÃO 1ª CATEGORIA;Escavação mecânica do material de 1ª categoria;PARALELO DE IBIRAÇU
Civil;ESCAVAÇÃO 1ª CATEGORIA;Carga em caminhão;PARALELO DE IBIRAÇU
Civil;ESCAVAÇÃO 1ª CATEGORIA;Transporte (DMT);PARALELO DE IBIRAÇU
Civil;ESCAVAÇÃO 1ª CATEGORIA;Descarga / espalhamento no destino;PARALELO DE IBIRAÇU
Civil;ESCAVAÇÃO 1ª CATEGORIA;Escavação mecânica do material de 1ª categoria;PARALELO DE IBIRAÇU
Civil;ESCAVAÇÃO 1ª CATEGORIA;Carga em caminhão;PARALELO DE IBIRAÇU
Civil;ESCAVAÇÃO 1ª CATEGORIA;Transporte (DMT);PARALELO DE IBIRAÇU
Civil;ESCAVAÇÃO 1ª CATEGORIA;Descarga / espalhamento no destino;PARALELO DE IBIRAÇU
Civil;ESCAVAÇÃO 1ª CATEGORIA;Escavação mecânica do material de 1ª categoria;PARALELO DE IBIRAÇU
Civil;ESCAVAÇÃO 1ª CATEGORIA;Carga em caminhão;PARALELO DE IBIRAÇU
Civil;ESCAVAÇÃO 1ª CATEGORIA;Transporte (DMT);PARALELO DE IBIRAÇU
Civil;ESCAVAÇÃO 1ª CATEGORIA;Descarga / espalhamento no destino;PARALELO DE IBIRAÇU
Civil;ESCAVAÇÃO 1ª CATEGORIA;Escavação mecânica do material de 1ª categoria;PÁTIO DE VIGAS
Civil;ESCAVAÇÃO 1ª CATEGORIA;Carga em caminhão;PÁTIO DE VIGAS
Civil;ESCAVAÇÃO 1ª CATEGORIA;Transporte (DMT);PÁTIO DE VIGAS
Civil;ESCAVAÇÃO 1ª CATEGORIA;Descarga / espalhamento no destino;PÁTIO DE VIGAS
Civil;ESCAVAÇÃO 1ª CATEGORIA;Escavação mecânica do material de 1ª categoria;PÁTIO DE VIGAS
Civil;ESCAVAÇÃO 1ª CATEGORIA;Carga em caminhão;PÁTIO DE VIGAS
Civil;ESCAVAÇÃO 1ª CATEGORIA;Transporte (DMT);PÁTIO DE VIGAS
Civil;ESCAVAÇÃO 1ª CATEGORIA;Descarga / espalhamento no destino;PÁTIO DE VIGAS
Civil;ESCAVAÇÃO 1ª CATEGORIA;Escavação mecânica do material de 1ª categoria;PÁTIO DE VIGAS
Civil;ESCAVAÇÃO 1ª CATEGORIA;Carga em caminhão;PÁTIO DE VIGAS
Civil;ESCAVAÇÃO 1ª CATEGORIA;Transporte (DMT);PÁTIO DE VIGAS
Civil;ESCAVAÇÃO 1ª CATEGORIA;Descarga / espalhamento no destino;PÁTIO DE VIGAS
Civil;ESCAVAÇÃO 3ª CATEGORIA;Perfuração e desmonte de rocha (fogo / rompedor);C1
Civil;ESCAVAÇÃO 3ª CATEGORIA;Escavação e carga do material;C1
Civil;ESCAVAÇÃO 3ª CATEGORIA;Transporte (DMT);C1
Civil;ESCAVAÇÃO 3ª CATEGORIA;Descarga no destino;C1
Civil;ESCAVAÇÃO 3ª CATEGORIA;Perfuração e desmonte de rocha (fogo / rompedor);C2
Civil;ESCAVAÇÃO 3ª CATEGORIA;Escavação e carga do material;C2
Civil;ESCAVAÇÃO 3ª CATEGORIA;Transporte (DMT);C2
Civil;ESCAVAÇÃO 3ª CATEGORIA;Descarga no destino;C2
Civil;ESCAVAÇÃO 3ª CATEGORIA;Perfuração e desmonte de rocha (fogo / rompedor);C3
Civil;ESCAVAÇÃO 3ª CATEGORIA;Escavação e carga do material;C3
Civil;ESCAVAÇÃO 3ª CATEGORIA;Transporte (DMT);C3
Civil;ESCAVAÇÃO 3ª CATEGORIA;Descarga no destino;C3
Civil;ESCAVAÇÃO 3ª CATEGORIA;Perfuração e desmonte de rocha (fogo / rompedor);C4
Civil;ESCAVAÇÃO 3ª CATEGORIA;Escavação e carga do material;C4
Civil;ESCAVAÇÃO 3ª CATEGORIA;Transporte (DMT);C4
Civil;ESCAVAÇÃO 3ª CATEGORIA;Descarga no destino;C4
Civil;ESCAVAÇÃO 3ª CATEGORIA;Perfuração e desmonte de rocha (fogo / rompedor);CANTEIRO INDUSTRIAL
Civil;ESCAVAÇÃO 3ª CATEGORIA;Escavação e carga do material;CANTEIRO INDUSTRIAL
Civil;ESCAVAÇÃO 3ª CATEGORIA;Transporte (DMT);CANTEIRO INDUSTRIAL
Civil;ESCAVAÇÃO 3ª CATEGORIA;Descarga no destino;CANTEIRO INDUSTRIAL
Civil;ESCAVAÇÃO 3ª CATEGORIA;Perfuração e desmonte de rocha (fogo / rompedor);CONTORNO DE FUNDÃO
Civil;ESCAVAÇÃO 3ª CATEGORIA;Escavação e carga do material;CONTORNO DE FUNDÃO
Civil;ESCAVAÇÃO 3ª CATEGORIA;Transporte (DMT);CONTORNO DE FUNDÃO
Civil;ESCAVAÇÃO 3ª CATEGORIA;Descarga no destino;CONTORNO DE FUNDÃO
Civil;ESCAVAÇÃO 3ª CATEGORIA;Perfuração e desmonte de rocha (fogo / rompedor);CONTORNO DE IBIRAÇU
Civil;ESCAVAÇÃO 3ª CATEGORIA;Escavação e carga do material;CONTORNO DE IBIRAÇU
Civil;ESCAVAÇÃO 3ª CATEGORIA;Transporte (DMT);CONTORNO DE IBIRAÇU
Civil;ESCAVAÇÃO 3ª CATEGORIA;Descarga no destino;CONTORNO DE IBIRAÇU
Civil;ESCAVAÇÃO 3ª CATEGORIA;Perfuração e desmonte de rocha (fogo / rompedor);D2
Civil;ESCAVAÇÃO 3ª CATEGORIA;Escavação e carga do material;D2
Civil;ESCAVAÇÃO 3ª CATEGORIA;Transporte (DMT);D2
Civil;ESCAVAÇÃO 3ª CATEGORIA;Descarga no destino;D2
Civil;ESCAVAÇÃO 3ª CATEGORIA;Perfuração e desmonte de rocha (fogo / rompedor);PARALELO DE IBIRAÇU
Civil;ESCAVAÇÃO 3ª CATEGORIA;Escavação e carga do material;PARALELO DE IBIRAÇU
Civil;ESCAVAÇÃO 3ª CATEGORIA;Transporte (DMT);PARALELO DE IBIRAÇU
Civil;ESCAVAÇÃO 3ª CATEGORIA;Descarga no destino;PARALELO DE IBIRAÇU
Civil;ESCAVAÇÃO 3ª CATEGORIA;Perfuração e desmonte de rocha (fogo / rompedor);PÁTIO DE VIGAS
Civil;ESCAVAÇÃO 3ª CATEGORIA;Escavação e carga do material;PÁTIO DE VIGAS
Civil;ESCAVAÇÃO 3ª CATEGORIA;Transporte (DMT);PÁTIO DE VIGAS
Civil;ESCAVAÇÃO 3ª CATEGORIA;Descarga no destino;PÁTIO DE VIGAS
Civil;ESCAVAÇÃO MANUAL DE VALA - 1ª CATEGORIA;Locação da vala;C1
Civil;ESCAVAÇÃO MANUAL DE VALA - 1ª CATEGORIA;Escavação manual;C1
Civil;ESCAVAÇÃO MANUAL DE VALA - 1ª CATEGORIA;Regularização do fundo;C1
Civil;ESCAVAÇÃO MANUAL DE VALA - 1ª CATEGORIA;Bota-fora manual do excedente;C1
Civil;ESCAVAÇÃO MANUAL DE VALA - 1ª CATEGORIA;Locação da vala;C2
Civil;ESCAVAÇÃO MANUAL DE VALA - 1ª CATEGORIA;Escavação manual;C2
Civil;ESCAVAÇÃO MANUAL DE VALA - 1ª CATEGORIA;Regularização do fundo;C2
Civil;ESCAVAÇÃO MANUAL DE VALA - 1ª CATEGORIA;Bota-fora manual do excedente;C2
Civil;ESCAVAÇÃO MANUAL DE VALA - 1ª CATEGORIA;Locação da vala;C3
Civil;ESCAVAÇÃO MANUAL DE VALA - 1ª CATEGORIA;Escavação manual;C3
Civil;ESCAVAÇÃO MANUAL DE VALA - 1ª CATEGORIA;Regularização do fundo;C3
Civil;ESCAVAÇÃO MANUAL DE VALA - 1ª CATEGORIA;Bota-fora manual do excedente;C3
Civil;ESCAVAÇÃO MANUAL DE VALA - 1ª CATEGORIA;Locação da vala;C4
Civil;ESCAVAÇÃO MANUAL DE VALA - 1ª CATEGORIA;Escavação manual;C4
Civil;ESCAVAÇÃO MANUAL DE VALA - 1ª CATEGORIA;Regularização do fundo;C4
Civil;ESCAVAÇÃO MANUAL DE VALA - 1ª CATEGORIA;Bota-fora manual do excedente;C4
Civil;ESCAVAÇÃO MANUAL DE VALA - 1ª CATEGORIA;Locação da vala;CANTEIRO INDUSTRIAL
Civil;ESCAVAÇÃO MANUAL DE VALA - 1ª CATEGORIA;Escavação manual;CANTEIRO INDUSTRIAL
Civil;ESCAVAÇÃO MANUAL DE VALA - 1ª CATEGORIA;Regularização do fundo;CANTEIRO INDUSTRIAL
Civil;ESCAVAÇÃO MANUAL DE VALA - 1ª CATEGORIA;Bota-fora manual do excedente;CANTEIRO INDUSTRIAL
Civil;ESCAVAÇÃO MANUAL DE VALA - 1ª CATEGORIA;Locação da vala;CONTORNO DE FUNDÃO
Civil;ESCAVAÇÃO MANUAL DE VALA - 1ª CATEGORIA;Escavação manual;CONTORNO DE FUNDÃO
Civil;ESCAVAÇÃO MANUAL DE VALA - 1ª CATEGORIA;Regularização do fundo;CONTORNO DE FUNDÃO
Civil;ESCAVAÇÃO MANUAL DE VALA - 1ª CATEGORIA;Bota-fora manual do excedente;CONTORNO DE FUNDÃO
Civil;ESCAVAÇÃO MANUAL DE VALA - 1ª CATEGORIA;Locação da vala;CONTORNO DE IBIRAÇU
Civil;ESCAVAÇÃO MANUAL DE VALA - 1ª CATEGORIA;Escavação manual;CONTORNO DE IBIRAÇU
Civil;ESCAVAÇÃO MANUAL DE VALA - 1ª CATEGORIA;Regularização do fundo;CONTORNO DE IBIRAÇU
Civil;ESCAVAÇÃO MANUAL DE VALA - 1ª CATEGORIA;Bota-fora manual do excedente;CONTORNO DE IBIRAÇU
Civil;ESCAVAÇÃO MANUAL DE VALA - 1ª CATEGORIA;Locação da vala;D2
Civil;ESCAVAÇÃO MANUAL DE VALA - 1ª CATEGORIA;Escavação manual;D2
Civil;ESCAVAÇÃO MANUAL DE VALA - 1ª CATEGORIA;Regularização do fundo;D2
Civil;ESCAVAÇÃO MANUAL DE VALA - 1ª CATEGORIA;Bota-fora manual do excedente;D2
Civil;ESCAVAÇÃO MANUAL DE VALA - 1ª CATEGORIA;Locação da vala;PARALELO DE IBIRAÇU
Civil;ESCAVAÇÃO MANUAL DE VALA - 1ª CATEGORIA;Escavação manual;PARALELO DE IBIRAÇU
Civil;ESCAVAÇÃO MANUAL DE VALA - 1ª CATEGORIA;Regularização do fundo;PARALELO DE IBIRAÇU
Civil;ESCAVAÇÃO MANUAL DE VALA - 1ª CATEGORIA;Bota-fora manual do excedente;PARALELO DE IBIRAÇU
Civil;ESCAVAÇÃO MANUAL DE VALA - 1ª CATEGORIA;Locação da vala;PÁTIO DE VIGAS
Civil;ESCAVAÇÃO MANUAL DE VALA - 1ª CATEGORIA;Escavação manual;PÁTIO DE VIGAS
Civil;ESCAVAÇÃO MANUAL DE VALA - 1ª CATEGORIA;Regularização do fundo;PÁTIO DE VIGAS
Civil;ESCAVAÇÃO MANUAL DE VALA - 1ª CATEGORIA;Bota-fora manual do excedente;PÁTIO DE VIGAS
Civil;ESCAVAÇÃO MECÂNICA DE VALA - 1ª CATEGORIA;Locação da vala;C1
Civil;ESCAVAÇÃO MECÂNICA DE VALA - 1ª CATEGORIA;Escavação mecânica de vala;C1
Civil;ESCAVAÇÃO MECÂNICA DE VALA - 1ª CATEGORIA;Regularização do fundo;C1
Civil;ESCAVAÇÃO MECÂNICA DE VALA - 1ª CATEGORIA;Carga e transporte do excedente;C1
Civil;ESCAVAÇÃO MECÂNICA DE VALA - 1ª CATEGORIA;Locação da vala;C2
Civil;ESCAVAÇÃO MECÂNICA DE VALA - 1ª CATEGORIA;Escavação mecânica de vala;C2
Civil;ESCAVAÇÃO MECÂNICA DE VALA - 1ª CATEGORIA;Regularização do fundo;C2
Civil;ESCAVAÇÃO MECÂNICA DE VALA - 1ª CATEGORIA;Carga e transporte do excedente;C2
Civil;ESCAVAÇÃO MECÂNICA DE VALA - 1ª CATEGORIA;Locação da vala;C3
Civil;ESCAVAÇÃO MECÂNICA DE VALA - 1ª CATEGORIA;Escavação mecânica de vala;C3
Civil;ESCAVAÇÃO MECÂNICA DE VALA - 1ª CATEGORIA;Regularização do fundo;C3
Civil;ESCAVAÇÃO MECÂNICA DE VALA - 1ª CATEGORIA;Carga e transporte do excedente;C3
Civil;ESCAVAÇÃO MECÂNICA DE VALA - 1ª CATEGORIA;Locação da vala;C4
Civil;ESCAVAÇÃO MECÂNICA DE VALA - 1ª CATEGORIA;Escavação mecânica de vala;C4
Civil;ESCAVAÇÃO MECÂNICA DE VALA - 1ª CATEGORIA;Regularização do fundo;C4
Civil;ESCAVAÇÃO MECÂNICA DE VALA - 1ª CATEGORIA;Carga e transporte do excedente;C4
Civil;ESCAVAÇÃO MECÂNICA DE VALA - 1ª CATEGORIA;Locação da vala;CANTEIRO INDUSTRIAL
Civil;ESCAVAÇÃO MECÂNICA DE VALA - 1ª CATEGORIA;Escavação mecânica de vala;CANTEIRO INDUSTRIAL
Civil;ESCAVAÇÃO MECÂNICA DE VALA - 1ª CATEGORIA;Regularização do fundo;CANTEIRO INDUSTRIAL
Civil;ESCAVAÇÃO MECÂNICA DE VALA - 1ª CATEGORIA;Carga e transporte do excedente;CANTEIRO INDUSTRIAL
Civil;ESCAVAÇÃO MECÂNICA DE VALA - 1ª CATEGORIA;Locação da vala;CONTORNO DE FUNDÃO
Civil;ESCAVAÇÃO MECÂNICA DE VALA - 1ª CATEGORIA;Escavação mecânica de vala;CONTORNO DE FUNDÃO
Civil;ESCAVAÇÃO MECÂNICA DE VALA - 1ª CATEGORIA;Regularização do fundo;CONTORNO DE FUNDÃO
Civil;ESCAVAÇÃO MECÂNICA DE VALA - 1ª CATEGORIA;Carga e transporte do excedente;CONTORNO DE FUNDÃO
Civil;ESCAVAÇÃO MECÂNICA DE VALA - 1ª CATEGORIA;Locação da vala;CONTORNO DE IBIRAÇU
Civil;ESCAVAÇÃO MECÂNICA DE VALA - 1ª CATEGORIA;Escavação mecânica de vala;CONTORNO DE IBIRAÇU
Civil;ESCAVAÇÃO MECÂNICA DE VALA - 1ª CATEGORIA;Regularização do fundo;CONTORNO DE IBIRAÇU
Civil;ESCAVAÇÃO MECÂNICA DE VALA - 1ª CATEGORIA;Carga e transporte do excedente;CONTORNO DE IBIRAÇU
Civil;ESCAVAÇÃO MECÂNICA DE VALA - 1ª CATEGORIA;Locação da vala;D2
Civil;ESCAVAÇÃO MECÂNICA DE VALA - 1ª CATEGORIA;Escavação mecânica de vala;D2
Civil;ESCAVAÇÃO MECÂNICA DE VALA - 1ª CATEGORIA;Regularização do fundo;D2
Civil;ESCAVAÇÃO MECÂNICA DE VALA - 1ª CATEGORIA;Carga e transporte do excedente;D2
Civil;ESCAVAÇÃO MECÂNICA DE VALA - 1ª CATEGORIA;Locação da vala;PARALELO DE IBIRAÇU
Civil;ESCAVAÇÃO MECÂNICA DE VALA - 1ª CATEGORIA;Escavação mecânica de vala;PARALELO DE IBIRAÇU
Civil;ESCAVAÇÃO MECÂNICA DE VALA - 1ª CATEGORIA;Regularização do fundo;PARALELO DE IBIRAÇU
Civil;ESCAVAÇÃO MECÂNICA DE VALA - 1ª CATEGORIA;Carga e transporte do excedente;PARALELO DE IBIRAÇU
Civil;ESCAVAÇÃO MECÂNICA DE VALA - 1ª CATEGORIA;Locação da vala;PÁTIO DE VIGAS
Civil;ESCAVAÇÃO MECÂNICA DE VALA - 1ª CATEGORIA;Escavação mecânica de vala;PÁTIO DE VIGAS
Civil;ESCAVAÇÃO MECÂNICA DE VALA - 1ª CATEGORIA;Regularização do fundo;PÁTIO DE VIGAS
Civil;ESCAVAÇÃO MECÂNICA DE VALA - 1ª CATEGORIA;Carga e transporte do excedente;PÁTIO DE VIGAS
Civil;ESTACA DUPLO PERFIL METÁLICO;Locação;C1
Civil;ESTACA DUPLO PERFIL METÁLICO;Posicionamento do equipamento de cravação;C1
Civil;ESTACA DUPLO PERFIL METÁLICO;Içamento do perfil / prancha;C1
Civil;ESTACA DUPLO PERFIL METÁLICO;Cravação;C1
Civil;ESTACA DUPLO PERFIL METÁLICO;Emenda (se necessário);C1
Civil;ESTACA DUPLO PERFIL METÁLICO;Arrasamento e acabamento;C1
Civil;ESTACA DUPLO PERFIL METÁLICO;Locação;C2
Civil;ESTACA DUPLO PERFIL METÁLICO;Posicionamento do equipamento de cravação;C2
Civil;ESTACA DUPLO PERFIL METÁLICO;Içamento do perfil / prancha;C2
Civil;ESTACA DUPLO PERFIL METÁLICO;Cravação;C2
Civil;ESTACA DUPLO PERFIL METÁLICO;Emenda (se necessário);C2
Civil;ESTACA DUPLO PERFIL METÁLICO;Arrasamento e acabamento;C2
Civil;ESTACA DUPLO PERFIL METÁLICO;Locação;C3
Civil;ESTACA DUPLO PERFIL METÁLICO;Posicionamento do equipamento de cravação;C3
Civil;ESTACA DUPLO PERFIL METÁLICO;Içamento do perfil / prancha;C3
Civil;ESTACA DUPLO PERFIL METÁLICO;Cravação;C3
Civil;ESTACA DUPLO PERFIL METÁLICO;Emenda (se necessário);C3
Civil;ESTACA DUPLO PERFIL METÁLICO;Arrasamento e acabamento;C3
Civil;ESTACA DUPLO PERFIL METÁLICO;Locação;C4
Civil;ESTACA DUPLO PERFIL METÁLICO;Posicionamento do equipamento de cravação;C4
Civil;ESTACA DUPLO PERFIL METÁLICO;Içamento do perfil / prancha;C4
Civil;ESTACA DUPLO PERFIL METÁLICO;Cravação;C4
Civil;ESTACA DUPLO PERFIL METÁLICO;Emenda (se necessário);C4
Civil;ESTACA DUPLO PERFIL METÁLICO;Arrasamento e acabamento;C4
Civil;ESTACA DUPLO PERFIL METÁLICO;Locação;CANTEIRO INDUSTRIAL
Civil;ESTACA DUPLO PERFIL METÁLICO;Posicionamento do equipamento de cravação;CANTEIRO INDUSTRIAL
Civil;ESTACA DUPLO PERFIL METÁLICO;Içamento do perfil / prancha;CANTEIRO INDUSTRIAL
Civil;ESTACA DUPLO PERFIL METÁLICO;Cravação;CANTEIRO INDUSTRIAL
Civil;ESTACA DUPLO PERFIL METÁLICO;Emenda (se necessário);CANTEIRO INDUSTRIAL
Civil;ESTACA DUPLO PERFIL METÁLICO;Arrasamento e acabamento;CANTEIRO INDUSTRIAL
Civil;ESTACA DUPLO PERFIL METÁLICO;Locação;CONTORNO DE FUNDÃO
Civil;ESTACA DUPLO PERFIL METÁLICO;Posicionamento do equipamento de cravação;CONTORNO DE FUNDÃO
Civil;ESTACA DUPLO PERFIL METÁLICO;Içamento do perfil / prancha;CONTORNO DE FUNDÃO
Civil;ESTACA DUPLO PERFIL METÁLICO;Cravação;CONTORNO DE FUNDÃO
Civil;ESTACA DUPLO PERFIL METÁLICO;Emenda (se necessário);CONTORNO DE FUNDÃO
Civil;ESTACA DUPLO PERFIL METÁLICO;Arrasamento e acabamento;CONTORNO DE FUNDÃO
Civil;ESTACA DUPLO PERFIL METÁLICO;Locação;CONTORNO DE IBIRAÇU
Civil;ESTACA DUPLO PERFIL METÁLICO;Posicionamento do equipamento de cravação;CONTORNO DE IBIRAÇU
Civil;ESTACA DUPLO PERFIL METÁLICO;Içamento do perfil / prancha;CONTORNO DE IBIRAÇU
Civil;ESTACA DUPLO PERFIL METÁLICO;Cravação;CONTORNO DE IBIRAÇU
Civil;ESTACA DUPLO PERFIL METÁLICO;Emenda (se necessário);CONTORNO DE IBIRAÇU
Civil;ESTACA DUPLO PERFIL METÁLICO;Arrasamento e acabamento;CONTORNO DE IBIRAÇU
Civil;ESTACA DUPLO PERFIL METÁLICO;Locação;D2
Civil;ESTACA DUPLO PERFIL METÁLICO;Posicionamento do equipamento de cravação;D2
Civil;ESTACA DUPLO PERFIL METÁLICO;Içamento do perfil / prancha;D2
Civil;ESTACA DUPLO PERFIL METÁLICO;Cravação;D2
Civil;ESTACA DUPLO PERFIL METÁLICO;Emenda (se necessário);D2
Civil;ESTACA DUPLO PERFIL METÁLICO;Arrasamento e acabamento;D2
Civil;ESTACA DUPLO PERFIL METÁLICO;Locação;PARALELO DE IBIRAÇU
Civil;ESTACA DUPLO PERFIL METÁLICO;Posicionamento do equipamento de cravação;PARALELO DE IBIRAÇU
Civil;ESTACA DUPLO PERFIL METÁLICO;Içamento do perfil / prancha;PARALELO DE IBIRAÇU
Civil;ESTACA DUPLO PERFIL METÁLICO;Cravação;PARALELO DE IBIRAÇU
Civil;ESTACA DUPLO PERFIL METÁLICO;Emenda (se necessário);PARALELO DE IBIRAÇU
Civil;ESTACA DUPLO PERFIL METÁLICO;Arrasamento e acabamento;PARALELO DE IBIRAÇU
Civil;ESTACA DUPLO PERFIL METÁLICO;Locação;PÁTIO DE VIGAS
Civil;ESTACA DUPLO PERFIL METÁLICO;Posicionamento do equipamento de cravação;PÁTIO DE VIGAS
Civil;ESTACA DUPLO PERFIL METÁLICO;Içamento do perfil / prancha;PÁTIO DE VIGAS
Civil;ESTACA DUPLO PERFIL METÁLICO;Cravação;PÁTIO DE VIGAS
Civil;ESTACA DUPLO PERFIL METÁLICO;Emenda (se necessário);PÁTIO DE VIGAS
Civil;ESTACA DUPLO PERFIL METÁLICO;Arrasamento e acabamento;PÁTIO DE VIGAS
Civil;ESTACA HÉLICE CONTÍNUA;Locação;C1
Civil;ESTACA HÉLICE CONTÍNUA;Perfuração com trado contínuo;C1
Civil;ESTACA HÉLICE CONTÍNUA;Concretagem simultânea à extração;C1
Civil;ESTACA HÉLICE CONTÍNUA;Colocação da armadura;C1
Civil;ESTACA HÉLICE CONTÍNUA;Arrasamento e limpeza do topo;C1
Civil;ESTACA HÉLICE CONTÍNUA;Locação;C2
Civil;ESTACA HÉLICE CONTÍNUA;Perfuração com trado contínuo;C2
Civil;ESTACA HÉLICE CONTÍNUA;Concretagem simultânea à extração;C2
Civil;ESTACA HÉLICE CONTÍNUA;Colocação da armadura;C2
Civil;ESTACA HÉLICE CONTÍNUA;Arrasamento e limpeza do topo;C2
Civil;ESTACA HÉLICE CONTÍNUA;Locação;C3
Civil;ESTACA HÉLICE CONTÍNUA;Perfuração com trado contínuo;C3
Civil;ESTACA HÉLICE CONTÍNUA;Concretagem simultânea à extração;C3
Civil;ESTACA HÉLICE CONTÍNUA;Colocação da armadura;C3
Civil;ESTACA HÉLICE CONTÍNUA;Arrasamento e limpeza do topo;C3
Civil;ESTACA HÉLICE CONTÍNUA;Locação;C4
Civil;ESTACA HÉLICE CONTÍNUA;Perfuração com trado contínuo;C4
Civil;ESTACA HÉLICE CONTÍNUA;Concretagem simultânea à extração;C4
Civil;ESTACA HÉLICE CONTÍNUA;Colocação da armadura;C4
Civil;ESTACA HÉLICE CONTÍNUA;Arrasamento e limpeza do topo;C4
Civil;ESTACA HÉLICE CONTÍNUA;Locação;CANTEIRO INDUSTRIAL
Civil;ESTACA HÉLICE CONTÍNUA;Perfuração com trado contínuo;CANTEIRO INDUSTRIAL
Civil;ESTACA HÉLICE CONTÍNUA;Concretagem simultânea à extração;CANTEIRO INDUSTRIAL
Civil;ESTACA HÉLICE CONTÍNUA;Colocação da armadura;CANTEIRO INDUSTRIAL
Civil;ESTACA HÉLICE CONTÍNUA;Arrasamento e limpeza do topo;CANTEIRO INDUSTRIAL
Civil;ESTACA HÉLICE CONTÍNUA;Locação;CONTORNO DE FUNDÃO
Civil;ESTACA HÉLICE CONTÍNUA;Perfuração com trado contínuo;CONTORNO DE FUNDÃO
Civil;ESTACA HÉLICE CONTÍNUA;Concretagem simultânea à extração;CONTORNO DE FUNDÃO
Civil;ESTACA HÉLICE CONTÍNUA;Colocação da armadura;CONTORNO DE FUNDÃO
Civil;ESTACA HÉLICE CONTÍNUA;Arrasamento e limpeza do topo;CONTORNO DE FUNDÃO
Civil;ESTACA HÉLICE CONTÍNUA;Locação;CONTORNO DE IBIRAÇU
Civil;ESTACA HÉLICE CONTÍNUA;Perfuração com trado contínuo;CONTORNO DE IBIRAÇU
Civil;ESTACA HÉLICE CONTÍNUA;Concretagem simultânea à extração;CONTORNO DE IBIRAÇU
Civil;ESTACA HÉLICE CONTÍNUA;Colocação da armadura;CONTORNO DE IBIRAÇU
Civil;ESTACA HÉLICE CONTÍNUA;Arrasamento e limpeza do topo;CONTORNO DE IBIRAÇU
Civil;ESTACA HÉLICE CONTÍNUA;Locação;D2
Civil;ESTACA HÉLICE CONTÍNUA;Perfuração com trado contínuo;D2
Civil;ESTACA HÉLICE CONTÍNUA;Concretagem simultânea à extração;D2
Civil;ESTACA HÉLICE CONTÍNUA;Colocação da armadura;D2
Civil;ESTACA HÉLICE CONTÍNUA;Arrasamento e limpeza do topo;D2
Civil;ESTACA HÉLICE CONTÍNUA;Locação;PARALELO DE IBIRAÇU
Civil;ESTACA HÉLICE CONTÍNUA;Perfuração com trado contínuo;PARALELO DE IBIRAÇU
Civil;ESTACA HÉLICE CONTÍNUA;Concretagem simultânea à extração;PARALELO DE IBIRAÇU
Civil;ESTACA HÉLICE CONTÍNUA;Colocação da armadura;PARALELO DE IBIRAÇU
Civil;ESTACA HÉLICE CONTÍNUA;Arrasamento e limpeza do topo;PARALELO DE IBIRAÇU
Civil;ESTACA HÉLICE CONTÍNUA;Locação;PÁTIO DE VIGAS
Civil;ESTACA HÉLICE CONTÍNUA;Perfuração com trado contínuo;PÁTIO DE VIGAS
Civil;ESTACA HÉLICE CONTÍNUA;Concretagem simultânea à extração;PÁTIO DE VIGAS
Civil;ESTACA HÉLICE CONTÍNUA;Colocação da armadura;PÁTIO DE VIGAS
Civil;ESTACA HÉLICE CONTÍNUA;Arrasamento e limpeza do topo;PÁTIO DE VIGAS
Civil;ESTACA PRANCHA METÁLICA;Locação;C1
Civil;ESTACA PRANCHA METÁLICA;Posicionamento do equipamento de cravação;C1
Civil;ESTACA PRANCHA METÁLICA;Içamento do perfil / prancha;C1
Civil;ESTACA PRANCHA METÁLICA;Cravação;C1
Civil;ESTACA PRANCHA METÁLICA;Emenda (se necessário);C1
Civil;ESTACA PRANCHA METÁLICA;Arrasamento e acabamento;C1
Civil;ESTACA PRANCHA METÁLICA;Locação;C2
Civil;ESTACA PRANCHA METÁLICA;Posicionamento do equipamento de cravação;C2
Civil;ESTACA PRANCHA METÁLICA;Içamento do perfil / prancha;C2
Civil;ESTACA PRANCHA METÁLICA;Cravação;C2
Civil;ESTACA PRANCHA METÁLICA;Emenda (se necessário);C2
Civil;ESTACA PRANCHA METÁLICA;Arrasamento e acabamento;C2
Civil;ESTACA PRANCHA METÁLICA;Locação;C3
Civil;ESTACA PRANCHA METÁLICA;Posicionamento do equipamento de cravação;C3
Civil;ESTACA PRANCHA METÁLICA;Içamento do perfil / prancha;C3
Civil;ESTACA PRANCHA METÁLICA;Cravação;C3
Civil;ESTACA PRANCHA METÁLICA;Emenda (se necessário);C3
Civil;ESTACA PRANCHA METÁLICA;Arrasamento e acabamento;C3
Civil;ESTACA PRANCHA METÁLICA;Locação;C4
Civil;ESTACA PRANCHA METÁLICA;Posicionamento do equipamento de cravação;C4
Civil;ESTACA PRANCHA METÁLICA;Içamento do perfil / prancha;C4
Civil;ESTACA PRANCHA METÁLICA;Cravação;C4
Civil;ESTACA PRANCHA METÁLICA;Emenda (se necessário);C4
Civil;ESTACA PRANCHA METÁLICA;Arrasamento e acabamento;C4
Civil;ESTACA PRANCHA METÁLICA;Locação;CANTEIRO INDUSTRIAL
Civil;ESTACA PRANCHA METÁLICA;Posicionamento do equipamento de cravação;CANTEIRO INDUSTRIAL
Civil;ESTACA PRANCHA METÁLICA;Içamento do perfil / prancha;CANTEIRO INDUSTRIAL
Civil;ESTACA PRANCHA METÁLICA;Cravação;CANTEIRO INDUSTRIAL
Civil;ESTACA PRANCHA METÁLICA;Emenda (se necessário);CANTEIRO INDUSTRIAL
Civil;ESTACA PRANCHA METÁLICA;Arrasamento e acabamento;CANTEIRO INDUSTRIAL
Civil;ESTACA PRANCHA METÁLICA;Locação;CONTORNO DE FUNDÃO
Civil;ESTACA PRANCHA METÁLICA;Posicionamento do equipamento de cravação;CONTORNO DE FUNDÃO
Civil;ESTACA PRANCHA METÁLICA;Içamento do perfil / prancha;CONTORNO DE FUNDÃO
Civil;ESTACA PRANCHA METÁLICA;Cravação;CONTORNO DE FUNDÃO
Civil;ESTACA PRANCHA METÁLICA;Emenda (se necessário);CONTORNO DE FUNDÃO
Civil;ESTACA PRANCHA METÁLICA;Arrasamento e acabamento;CONTORNO DE FUNDÃO
Civil;ESTACA PRANCHA METÁLICA;Locação;CONTORNO DE IBIRAÇU
Civil;ESTACA PRANCHA METÁLICA;Posicionamento do equipamento de cravação;CONTORNO DE IBIRAÇU
Civil;ESTACA PRANCHA METÁLICA;Içamento do perfil / prancha;CONTORNO DE IBIRAÇU
Civil;ESTACA PRANCHA METÁLICA;Cravação;CONTORNO DE IBIRAÇU
Civil;ESTACA PRANCHA METÁLICA;Emenda (se necessário);CONTORNO DE IBIRAÇU
Civil;ESTACA PRANCHA METÁLICA;Arrasamento e acabamento;CONTORNO DE IBIRAÇU
Civil;ESTACA PRANCHA METÁLICA;Locação;D2
Civil;ESTACA PRANCHA METÁLICA;Posicionamento do equipamento de cravação;D2
Civil;ESTACA PRANCHA METÁLICA;Içamento do perfil / prancha;D2
Civil;ESTACA PRANCHA METÁLICA;Cravação;D2
Civil;ESTACA PRANCHA METÁLICA;Emenda (se necessário);D2
Civil;ESTACA PRANCHA METÁLICA;Arrasamento e acabamento;D2
Civil;ESTACA PRANCHA METÁLICA;Locação;PARALELO DE IBIRAÇU
Civil;ESTACA PRANCHA METÁLICA;Posicionamento do equipamento de cravação;PARALELO DE IBIRAÇU
Civil;ESTACA PRANCHA METÁLICA;Içamento do perfil / prancha;PARALELO DE IBIRAÇU
Civil;ESTACA PRANCHA METÁLICA;Cravação;PARALELO DE IBIRAÇU
Civil;ESTACA PRANCHA METÁLICA;Emenda (se necessário);PARALELO DE IBIRAÇU
Civil;ESTACA PRANCHA METÁLICA;Arrasamento e acabamento;PARALELO DE IBIRAÇU
Civil;ESTACA PRANCHA METÁLICA;Locação;PÁTIO DE VIGAS
Civil;ESTACA PRANCHA METÁLICA;Posicionamento do equipamento de cravação;PÁTIO DE VIGAS
Civil;ESTACA PRANCHA METÁLICA;Içamento do perfil / prancha;PÁTIO DE VIGAS
Civil;ESTACA PRANCHA METÁLICA;Cravação;PÁTIO DE VIGAS
Civil;ESTACA PRANCHA METÁLICA;Emenda (se necessário);PÁTIO DE VIGAS
Civil;ESTACA PRANCHA METÁLICA;Arrasamento e acabamento;PÁTIO DE VIGAS
Civil;ESTACA PRÉ MOLDADA;Locação da estaca;C1
Civil;ESTACA PRÉ MOLDADA;Posicionamento do equipamento de cravação;C1
Civil;ESTACA PRÉ MOLDADA;Içamento e posicionamento;C1
Civil;ESTACA PRÉ MOLDADA;Cravação;C1
Civil;ESTACA PRÉ MOLDADA;Arrasamento / preparo do topo;C1
Civil;ESTACA PRÉ MOLDADA;Locação da estaca;C2
Civil;ESTACA PRÉ MOLDADA;Posicionamento do equipamento de cravação;C2
Civil;ESTACA PRÉ MOLDADA;Içamento e posicionamento;C2
Civil;ESTACA PRÉ MOLDADA;Cravação;C2
Civil;ESTACA PRÉ MOLDADA;Arrasamento / preparo do topo;C2
Civil;ESTACA PRÉ MOLDADA;Locação da estaca;C3
Civil;ESTACA PRÉ MOLDADA;Posicionamento do equipamento de cravação;C3
Civil;ESTACA PRÉ MOLDADA;Içamento e posicionamento;C3
Civil;ESTACA PRÉ MOLDADA;Cravação;C3
Civil;ESTACA PRÉ MOLDADA;Arrasamento / preparo do topo;C3
Civil;ESTACA PRÉ MOLDADA;Locação da estaca;C4
Civil;ESTACA PRÉ MOLDADA;Posicionamento do equipamento de cravação;C4
Civil;ESTACA PRÉ MOLDADA;Içamento e posicionamento;C4
Civil;ESTACA PRÉ MOLDADA;Cravação;C4
Civil;ESTACA PRÉ MOLDADA;Arrasamento / preparo do topo;C4
Civil;ESTACA PRÉ MOLDADA;Locação da estaca;CANTEIRO INDUSTRIAL
Civil;ESTACA PRÉ MOLDADA;Posicionamento do equipamento de cravação;CANTEIRO INDUSTRIAL
Civil;ESTACA PRÉ MOLDADA;Içamento e posicionamento;CANTEIRO INDUSTRIAL
Civil;ESTACA PRÉ MOLDADA;Cravação;CANTEIRO INDUSTRIAL
Civil;ESTACA PRÉ MOLDADA;Arrasamento / preparo do topo;CANTEIRO INDUSTRIAL
Civil;ESTACA PRÉ MOLDADA;Locação da estaca;CONTORNO DE FUNDÃO
Civil;ESTACA PRÉ MOLDADA;Posicionamento do equipamento de cravação;CONTORNO DE FUNDÃO
Civil;ESTACA PRÉ MOLDADA;Içamento e posicionamento;CONTORNO DE FUNDÃO
Civil;ESTACA PRÉ MOLDADA;Cravação;CONTORNO DE FUNDÃO
Civil;ESTACA PRÉ MOLDADA;Arrasamento / preparo do topo;CONTORNO DE FUNDÃO
Civil;ESTACA PRÉ MOLDADA;Locação da estaca;CONTORNO DE IBIRAÇU
Civil;ESTACA PRÉ MOLDADA;Posicionamento do equipamento de cravação;CONTORNO DE IBIRAÇU
Civil;ESTACA PRÉ MOLDADA;Içamento e posicionamento;CONTORNO DE IBIRAÇU
Civil;ESTACA PRÉ MOLDADA;Cravação;CONTORNO DE IBIRAÇU
Civil;ESTACA PRÉ MOLDADA;Arrasamento / preparo do topo;CONTORNO DE IBIRAÇU
Civil;ESTACA PRÉ MOLDADA;Locação da estaca;D2
Civil;ESTACA PRÉ MOLDADA;Posicionamento do equipamento de cravação;D2
Civil;ESTACA PRÉ MOLDADA;Içamento e posicionamento;D2
Civil;ESTACA PRÉ MOLDADA;Cravação;D2
Civil;ESTACA PRÉ MOLDADA;Arrasamento / preparo do topo;D2
Civil;ESTACA PRÉ MOLDADA;Locação da estaca;PARALELO DE IBIRAÇU
Civil;ESTACA PRÉ MOLDADA;Posicionamento do equipamento de cravação;PARALELO DE IBIRAÇU
Civil;ESTACA PRÉ MOLDADA;Içamento e posicionamento;PARALELO DE IBIRAÇU
Civil;ESTACA PRÉ MOLDADA;Cravação;PARALELO DE IBIRAÇU
Civil;ESTACA PRÉ MOLDADA;Arrasamento / preparo do topo;PARALELO DE IBIRAÇU
Civil;ESTACA PRÉ MOLDADA;Locação da estaca;PÁTIO DE VIGAS
Civil;ESTACA PRÉ MOLDADA;Posicionamento do equipamento de cravação;PÁTIO DE VIGAS
Civil;ESTACA PRÉ MOLDADA;Içamento e posicionamento;PÁTIO DE VIGAS
Civil;ESTACA PRÉ MOLDADA;Cravação;PÁTIO DE VIGAS
Civil;ESTACA PRÉ MOLDADA;Arrasamento / preparo do topo;PÁTIO DE VIGAS
Civil;ESTACA PRÉ-MOLDADA;Locação da estaca;C1
Civil;ESTACA PRÉ-MOLDADA;Posicionamento do equipamento de cravação;C1
Civil;ESTACA PRÉ-MOLDADA;Içamento e posicionamento;C1
Civil;ESTACA PRÉ-MOLDADA;Cravação;C1
Civil;ESTACA PRÉ-MOLDADA;Arrasamento / preparo do topo;C1
Civil;ESTACA PRÉ-MOLDADA;Locação da estaca;C2
Civil;ESTACA PRÉ-MOLDADA;Posicionamento do equipamento de cravação;C2
Civil;ESTACA PRÉ-MOLDADA;Içamento e posicionamento;C2
Civil;ESTACA PRÉ-MOLDADA;Cravação;C2
Civil;ESTACA PRÉ-MOLDADA;Arrasamento / preparo do topo;C2
Civil;ESTACA PRÉ-MOLDADA;Locação da estaca;C3
Civil;ESTACA PRÉ-MOLDADA;Posicionamento do equipamento de cravação;C3
Civil;ESTACA PRÉ-MOLDADA;Içamento e posicionamento;C3
Civil;ESTACA PRÉ-MOLDADA;Cravação;C3
Civil;ESTACA PRÉ-MOLDADA;Arrasamento / preparo do topo;C3
Civil;ESTACA PRÉ-MOLDADA;Locação da estaca;C4
Civil;ESTACA PRÉ-MOLDADA;Posicionamento do equipamento de cravação;C4
Civil;ESTACA PRÉ-MOLDADA;Içamento e posicionamento;C4
Civil;ESTACA PRÉ-MOLDADA;Cravação;C4
Civil;ESTACA PRÉ-MOLDADA;Arrasamento / preparo do topo;C4
Civil;ESTACA PRÉ-MOLDADA;Locação da estaca;CANTEIRO INDUSTRIAL
Civil;ESTACA PRÉ-MOLDADA;Posicionamento do equipamento de cravação;CANTEIRO INDUSTRIAL
Civil;ESTACA PRÉ-MOLDADA;Içamento e posicionamento;CANTEIRO INDUSTRIAL
Civil;ESTACA PRÉ-MOLDADA;Cravação;CANTEIRO INDUSTRIAL
Civil;ESTACA PRÉ-MOLDADA;Arrasamento / preparo do topo;CANTEIRO INDUSTRIAL
Civil;ESTACA PRÉ-MOLDADA;Locação da estaca;CONTORNO DE FUNDÃO
Civil;ESTACA PRÉ-MOLDADA;Posicionamento do equipamento de cravação;CONTORNO DE FUNDÃO
Civil;ESTACA PRÉ-MOLDADA;Içamento e posicionamento;CONTORNO DE FUNDÃO
Civil;ESTACA PRÉ-MOLDADA;Cravação;CONTORNO DE FUNDÃO
Civil;ESTACA PRÉ-MOLDADA;Arrasamento / preparo do topo;CONTORNO DE FUNDÃO
Civil;ESTACA PRÉ-MOLDADA;Locação da estaca;CONTORNO DE IBIRAÇU
Civil;ESTACA PRÉ-MOLDADA;Posicionamento do equipamento de cravação;CONTORNO DE IBIRAÇU
Civil;ESTACA PRÉ-MOLDADA;Içamento e posicionamento;CONTORNO DE IBIRAÇU
Civil;ESTACA PRÉ-MOLDADA;Cravação;CONTORNO DE IBIRAÇU
Civil;ESTACA PRÉ-MOLDADA;Arrasamento / preparo do topo;CONTORNO DE IBIRAÇU
Civil;ESTACA PRÉ-MOLDADA;Locação da estaca;D2
Civil;ESTACA PRÉ-MOLDADA;Posicionamento do equipamento de cravação;D2
Civil;ESTACA PRÉ-MOLDADA;Içamento e posicionamento;D2
Civil;ESTACA PRÉ-MOLDADA;Cravação;D2
Civil;ESTACA PRÉ-MOLDADA;Arrasamento / preparo do topo;D2
Civil;ESTACA PRÉ-MOLDADA;Locação da estaca;PARALELO DE IBIRAÇU
Civil;ESTACA PRÉ-MOLDADA;Posicionamento do equipamento de cravação;PARALELO DE IBIRAÇU
Civil;ESTACA PRÉ-MOLDADA;Içamento e posicionamento;PARALELO DE IBIRAÇU
Civil;ESTACA PRÉ-MOLDADA;Cravação;PARALELO DE IBIRAÇU
Civil;ESTACA PRÉ-MOLDADA;Arrasamento / preparo do topo;PARALELO DE IBIRAÇU
Civil;ESTACA PRÉ-MOLDADA;Locação da estaca;PÁTIO DE VIGAS
Civil;ESTACA PRÉ-MOLDADA;Posicionamento do equipamento de cravação;PÁTIO DE VIGAS
Civil;ESTACA PRÉ-MOLDADA;Içamento e posicionamento;PÁTIO DE VIGAS
Civil;ESTACA PRÉ-MOLDADA;Cravação;PÁTIO DE VIGAS
Civil;ESTACA PRÉ-MOLDADA;Arrasamento / preparo do topo;PÁTIO DE VIGAS
Civil;ESTACA RAIZ;Locação da estaca;C1
Civil;ESTACA RAIZ;Perfuração do solo;C1
Civil;ESTACA RAIZ;Colocação da armadura;C1
Civil;ESTACA RAIZ;Injeção / preenchimento com argamassa;C1
Civil;ESTACA RAIZ;Aplicação de pressão (ar comprimido);C1
Civil;ESTACA RAIZ;Arrasamento e limpeza do topo;C1
Civil;ESTACA RAIZ;Locação da estaca;C2
Civil;ESTACA RAIZ;Perfuração do solo;C2
Civil;ESTACA RAIZ;Colocação da armadura;C2
Civil;ESTACA RAIZ;Injeção / preenchimento com argamassa;C2
Civil;ESTACA RAIZ;Aplicação de pressão (ar comprimido);C2
Civil;ESTACA RAIZ;Arrasamento e limpeza do topo;C2
Civil;ESTACA RAIZ;Locação da estaca;C3
Civil;ESTACA RAIZ;Perfuração do solo;C3
Civil;ESTACA RAIZ;Colocação da armadura;C3
Civil;ESTACA RAIZ;Injeção / preenchimento com argamassa;C3
Civil;ESTACA RAIZ;Aplicação de pressão (ar comprimido);C3
Civil;ESTACA RAIZ;Arrasamento e limpeza do topo;C3
Civil;ESTACA RAIZ;Locação da estaca;C4
Civil;ESTACA RAIZ;Perfuração do solo;C4
Civil;ESTACA RAIZ;Colocação da armadura;C4
Civil;ESTACA RAIZ;Injeção / preenchimento com argamassa;C4
Civil;ESTACA RAIZ;Aplicação de pressão (ar comprimido);C4
Civil;ESTACA RAIZ;Arrasamento e limpeza do topo;C4
Civil;ESTACA RAIZ;Locação da estaca;CANTEIRO INDUSTRIAL
Civil;ESTACA RAIZ;Perfuração do solo;CANTEIRO INDUSTRIAL
Civil;ESTACA RAIZ;Colocação da armadura;CANTEIRO INDUSTRIAL
Civil;ESTACA RAIZ;Injeção / preenchimento com argamassa;CANTEIRO INDUSTRIAL
Civil;ESTACA RAIZ;Aplicação de pressão (ar comprimido);CANTEIRO INDUSTRIAL
Civil;ESTACA RAIZ;Arrasamento e limpeza do topo;CANTEIRO INDUSTRIAL
Civil;ESTACA RAIZ;Locação da estaca;CONTORNO DE FUNDÃO
Civil;ESTACA RAIZ;Perfuração do solo;CONTORNO DE FUNDÃO
Civil;ESTACA RAIZ;Colocação da armadura;CONTORNO DE FUNDÃO
Civil;ESTACA RAIZ;Injeção / preenchimento com argamassa;CONTORNO DE FUNDÃO
Civil;ESTACA RAIZ;Aplicação de pressão (ar comprimido);CONTORNO DE FUNDÃO
Civil;ESTACA RAIZ;Arrasamento e limpeza do topo;CONTORNO DE FUNDÃO
Civil;ESTACA RAIZ;Locação da estaca;CONTORNO DE IBIRAÇU
Civil;ESTACA RAIZ;Perfuração do solo;CONTORNO DE IBIRAÇU
Civil;ESTACA RAIZ;Colocação da armadura;CONTORNO DE IBIRAÇU
Civil;ESTACA RAIZ;Injeção / preenchimento com argamassa;CONTORNO DE IBIRAÇU
Civil;ESTACA RAIZ;Aplicação de pressão (ar comprimido);CONTORNO DE IBIRAÇU
Civil;ESTACA RAIZ;Arrasamento e limpeza do topo;CONTORNO DE IBIRAÇU
Civil;ESTACA RAIZ;Locação da estaca;D2
Civil;ESTACA RAIZ;Perfuração do solo;D2
Civil;ESTACA RAIZ;Colocação da armadura;D2
Civil;ESTACA RAIZ;Injeção / preenchimento com argamassa;D2
Civil;ESTACA RAIZ;Aplicação de pressão (ar comprimido);D2
Civil;ESTACA RAIZ;Arrasamento e limpeza do topo;D2
Civil;ESTACA RAIZ;Locação da estaca;PARALELO DE IBIRAÇU
Civil;ESTACA RAIZ;Perfuração do solo;PARALELO DE IBIRAÇU
Civil;ESTACA RAIZ;Colocação da armadura;PARALELO DE IBIRAÇU
Civil;ESTACA RAIZ;Injeção / preenchimento com argamassa;PARALELO DE IBIRAÇU
Civil;ESTACA RAIZ;Aplicação de pressão (ar comprimido);PARALELO DE IBIRAÇU
Civil;ESTACA RAIZ;Arrasamento e limpeza do topo;PARALELO DE IBIRAÇU
Civil;ESTACA RAIZ;Locação da estaca;PÁTIO DE VIGAS
Civil;ESTACA RAIZ;Perfuração do solo;PÁTIO DE VIGAS
Civil;ESTACA RAIZ;Colocação da armadura;PÁTIO DE VIGAS
Civil;ESTACA RAIZ;Injeção / preenchimento com argamassa;PÁTIO DE VIGAS
Civil;ESTACA RAIZ;Aplicação de pressão (ar comprimido);PÁTIO DE VIGAS
Civil;ESTACA RAIZ;Arrasamento e limpeza do topo;PÁTIO DE VIGAS
Civil;FORMAS;Corte e preparo das peças;C1
Civil;FORMAS;Montagem / instalação da fôrma;C1
Civil;FORMAS;Escoramento e travamento;C1
Civil;FORMAS;Aplicação de desmoldante;C1
Civil;FORMAS;Retirada / desforma;C1
Civil;FORMAS;Corte e preparo das peças;C2
Civil;FORMAS;Montagem / instalação da fôrma;C2
Civil;FORMAS;Escoramento e travamento;C2
Civil;FORMAS;Aplicação de desmoldante;C2
Civil;FORMAS;Retirada / desforma;C2
Civil;FORMAS;Corte e preparo das peças;C3
Civil;FORMAS;Montagem / instalação da fôrma;C3
Civil;FORMAS;Escoramento e travamento;C3
Civil;FORMAS;Aplicação de desmoldante;C3
Civil;FORMAS;Retirada / desforma;C3
Civil;FORMAS;Corte e preparo das peças;C4
Civil;FORMAS;Montagem / instalação da fôrma;C4
Civil;FORMAS;Escoramento e travamento;C4
Civil;FORMAS;Aplicação de desmoldante;C4
Civil;FORMAS;Retirada / desforma;C4
Civil;FORMAS;Corte e preparo das peças;CANTEIRO INDUSTRIAL
Civil;FORMAS;Montagem / instalação da fôrma;CANTEIRO INDUSTRIAL
Civil;FORMAS;Escoramento e travamento;CANTEIRO INDUSTRIAL
Civil;FORMAS;Aplicação de desmoldante;CANTEIRO INDUSTRIAL
Civil;FORMAS;Retirada / desforma;CANTEIRO INDUSTRIAL
Civil;FORMAS;Corte e preparo das peças;CONTORNO DE FUNDÃO
Civil;FORMAS;Montagem / instalação da fôrma;CONTORNO DE FUNDÃO
Civil;FORMAS;Escoramento e travamento;CONTORNO DE FUNDÃO
Civil;FORMAS;Aplicação de desmoldante;CONTORNO DE FUNDÃO
Civil;FORMAS;Retirada / desforma;CONTORNO DE FUNDÃO
Civil;FORMAS;Corte e preparo das peças;CONTORNO DE IBIRAÇU
Civil;FORMAS;Montagem / instalação da fôrma;CONTORNO DE IBIRAÇU
Civil;FORMAS;Escoramento e travamento;CONTORNO DE IBIRAÇU
Civil;FORMAS;Aplicação de desmoldante;CONTORNO DE IBIRAÇU
Civil;FORMAS;Retirada / desforma;CONTORNO DE IBIRAÇU
Civil;FORMAS;Corte e preparo das peças;D2
Civil;FORMAS;Montagem / instalação da fôrma;D2
Civil;FORMAS;Escoramento e travamento;D2
Civil;FORMAS;Aplicação de desmoldante;D2
Civil;FORMAS;Retirada / desforma;D2
Civil;FORMAS;Corte e preparo das peças;PARALELO DE IBIRAÇU
Civil;FORMAS;Montagem / instalação da fôrma;PARALELO DE IBIRAÇU
Civil;FORMAS;Escoramento e travamento;PARALELO DE IBIRAÇU
Civil;FORMAS;Aplicação de desmoldante;PARALELO DE IBIRAÇU
Civil;FORMAS;Retirada / desforma;PARALELO DE IBIRAÇU
Civil;FORMAS;Corte e preparo das peças;PÁTIO DE VIGAS
Civil;FORMAS;Montagem / instalação da fôrma;PÁTIO DE VIGAS
Civil;FORMAS;Escoramento e travamento;PÁTIO DE VIGAS
Civil;FORMAS;Aplicação de desmoldante;PÁTIO DE VIGAS
Civil;FORMAS;Retirada / desforma;PÁTIO DE VIGAS
Civil;FORNECIMENTO DE PERFIL METÁLICO;Fornecimento do perfil metálico;C1
Civil;FORNECIMENTO DE PERFIL METÁLICO;Transporte e descarga;C1
Civil;FORNECIMENTO DE PERFIL METÁLICO;Estoque e preparo;C1
Civil;FORNECIMENTO DE PERFIL METÁLICO;Fornecimento do perfil metálico;C2
Civil;FORNECIMENTO DE PERFIL METÁLICO;Transporte e descarga;C2
Civil;FORNECIMENTO DE PERFIL METÁLICO;Estoque e preparo;C2
Civil;FORNECIMENTO DE PERFIL METÁLICO;Fornecimento do perfil metálico;C3
Civil;FORNECIMENTO DE PERFIL METÁLICO;Transporte e descarga;C3
Civil;FORNECIMENTO DE PERFIL METÁLICO;Estoque e preparo;C3
Civil;FORNECIMENTO DE PERFIL METÁLICO;Fornecimento do perfil metálico;C4
Civil;FORNECIMENTO DE PERFIL METÁLICO;Transporte e descarga;C4
Civil;FORNECIMENTO DE PERFIL METÁLICO;Estoque e preparo;C4
Civil;FORNECIMENTO DE PERFIL METÁLICO;Fornecimento do perfil metálico;CANTEIRO INDUSTRIAL
Civil;FORNECIMENTO DE PERFIL METÁLICO;Transporte e descarga;CANTEIRO INDUSTRIAL
Civil;FORNECIMENTO DE PERFIL METÁLICO;Estoque e preparo;CANTEIRO INDUSTRIAL
Civil;FORNECIMENTO DE PERFIL METÁLICO;Fornecimento do perfil metálico;CONTORNO DE FUNDÃO
Civil;FORNECIMENTO DE PERFIL METÁLICO;Transporte e descarga;CONTORNO DE FUNDÃO
Civil;FORNECIMENTO DE PERFIL METÁLICO;Estoque e preparo;CONTORNO DE FUNDÃO
Civil;FORNECIMENTO DE PERFIL METÁLICO;Fornecimento do perfil metálico;CONTORNO DE IBIRAÇU
Civil;FORNECIMENTO DE PERFIL METÁLICO;Transporte e descarga;CONTORNO DE IBIRAÇU
Civil;FORNECIMENTO DE PERFIL METÁLICO;Estoque e preparo;CONTORNO DE IBIRAÇU
Civil;FORNECIMENTO DE PERFIL METÁLICO;Fornecimento do perfil metálico;D2
Civil;FORNECIMENTO DE PERFIL METÁLICO;Transporte e descarga;D2
Civil;FORNECIMENTO DE PERFIL METÁLICO;Estoque e preparo;D2
Civil;FORNECIMENTO DE PERFIL METÁLICO;Fornecimento do perfil metálico;PARALELO DE IBIRAÇU
Civil;FORNECIMENTO DE PERFIL METÁLICO;Transporte e descarga;PARALELO DE IBIRAÇU
Civil;FORNECIMENTO DE PERFIL METÁLICO;Estoque e preparo;PARALELO DE IBIRAÇU
Civil;FORNECIMENTO DE PERFIL METÁLICO;Fornecimento do perfil metálico;PÁTIO DE VIGAS
Civil;FORNECIMENTO DE PERFIL METÁLICO;Transporte e descarga;PÁTIO DE VIGAS
Civil;FORNECIMENTO DE PERFIL METÁLICO;Estoque e preparo;PÁTIO DE VIGAS
Civil;IÇAMENTO DE CARGA;Planejamento e estudo do plano de rigging;C1
Civil;IÇAMENTO DE CARGA;Isolamento e sinalização da área;C1
Civil;IÇAMENTO DE CARGA;Posicionamento e nivelamento do guindaste;C1
Civil;IÇAMENTO DE CARGA;Inspeção dos acessórios de içamento (cabos, cintas, manilhas);C1
Civil;IÇAMENTO DE CARGA;Amarração e fixação da carga (laçamento);C1
Civil;IÇAMENTO DE CARGA;Içamento e movimentação da carga;C1
Civil;IÇAMENTO DE CARGA;Posicionamento e assentamento no local;C1
Civil;IÇAMENTO DE CARGA;Desamarração e liberação;C1
Civil;IÇAMENTO DE CARGA;Planejamento e estudo do plano de rigging;C2
Civil;IÇAMENTO DE CARGA;Isolamento e sinalização da área;C2
Civil;IÇAMENTO DE CARGA;Posicionamento e nivelamento do guindaste;C2
Civil;IÇAMENTO DE CARGA;Inspeção dos acessórios de içamento (cabos, cintas, manilhas);C2
Civil;IÇAMENTO DE CARGA;Amarração e fixação da carga (laçamento);C2
Civil;IÇAMENTO DE CARGA;Içamento e movimentação da carga;C2
Civil;IÇAMENTO DE CARGA;Posicionamento e assentamento no local;C2
Civil;IÇAMENTO DE CARGA;Desamarração e liberação;C2
Civil;IÇAMENTO DE CARGA;Planejamento e estudo do plano de rigging;C3
Civil;IÇAMENTO DE CARGA;Isolamento e sinalização da área;C3
Civil;IÇAMENTO DE CARGA;Posicionamento e nivelamento do guindaste;C3
Civil;IÇAMENTO DE CARGA;Inspeção dos acessórios de içamento (cabos, cintas, manilhas);C3
Civil;IÇAMENTO DE CARGA;Amarração e fixação da carga (laçamento);C3
Civil;IÇAMENTO DE CARGA;Içamento e movimentação da carga;C3
Civil;IÇAMENTO DE CARGA;Posicionamento e assentamento no local;C3
Civil;IÇAMENTO DE CARGA;Desamarração e liberação;C3
Civil;IÇAMENTO DE CARGA;Planejamento e estudo do plano de rigging;C4
Civil;IÇAMENTO DE CARGA;Isolamento e sinalização da área;C4
Civil;IÇAMENTO DE CARGA;Posicionamento e nivelamento do guindaste;C4
Civil;IÇAMENTO DE CARGA;Inspeção dos acessórios de içamento (cabos, cintas, manilhas);C4
Civil;IÇAMENTO DE CARGA;Amarração e fixação da carga (laçamento);C4
Civil;IÇAMENTO DE CARGA;Içamento e movimentação da carga;C4
Civil;IÇAMENTO DE CARGA;Posicionamento e assentamento no local;C4
Civil;IÇAMENTO DE CARGA;Desamarração e liberação;C4
Civil;IÇAMENTO DE CARGA;Planejamento e estudo do plano de rigging;CANTEIRO INDUSTRIAL
Civil;IÇAMENTO DE CARGA;Isolamento e sinalização da área;CANTEIRO INDUSTRIAL
Civil;IÇAMENTO DE CARGA;Posicionamento e nivelamento do guindaste;CANTEIRO INDUSTRIAL
Civil;IÇAMENTO DE CARGA;Inspeção dos acessórios de içamento (cabos, cintas, manilhas);CANTEIRO INDUSTRIAL
Civil;IÇAMENTO DE CARGA;Amarração e fixação da carga (laçamento);CANTEIRO INDUSTRIAL
Civil;IÇAMENTO DE CARGA;Içamento e movimentação da carga;CANTEIRO INDUSTRIAL
Civil;IÇAMENTO DE CARGA;Posicionamento e assentamento no local;CANTEIRO INDUSTRIAL
Civil;IÇAMENTO DE CARGA;Desamarração e liberação;CANTEIRO INDUSTRIAL
Civil;IÇAMENTO DE CARGA;Planejamento e estudo do plano de rigging;CONTORNO DE FUNDÃO
Civil;IÇAMENTO DE CARGA;Isolamento e sinalização da área;CONTORNO DE FUNDÃO
Civil;IÇAMENTO DE CARGA;Posicionamento e nivelamento do guindaste;CONTORNO DE FUNDÃO
Civil;IÇAMENTO DE CARGA;Inspeção dos acessórios de içamento (cabos, cintas, manilhas);CONTORNO DE FUNDÃO
Civil;IÇAMENTO DE CARGA;Amarração e fixação da carga (laçamento);CONTORNO DE FUNDÃO
Civil;IÇAMENTO DE CARGA;Içamento e movimentação da carga;CONTORNO DE FUNDÃO
Civil;IÇAMENTO DE CARGA;Posicionamento e assentamento no local;CONTORNO DE FUNDÃO
Civil;IÇAMENTO DE CARGA;Desamarração e liberação;CONTORNO DE FUNDÃO
Civil;IÇAMENTO DE CARGA;Planejamento e estudo do plano de rigging;CONTORNO DE IBIRAÇU
Civil;IÇAMENTO DE CARGA;Isolamento e sinalização da área;CONTORNO DE IBIRAÇU
Civil;IÇAMENTO DE CARGA;Posicionamento e nivelamento do guindaste;CONTORNO DE IBIRAÇU
Civil;IÇAMENTO DE CARGA;Inspeção dos acessórios de içamento (cabos, cintas, manilhas);CONTORNO DE IBIRAÇU
Civil;IÇAMENTO DE CARGA;Amarração e fixação da carga (laçamento);CONTORNO DE IBIRAÇU
Civil;IÇAMENTO DE CARGA;Içamento e movimentação da carga;CONTORNO DE IBIRAÇU
Civil;IÇAMENTO DE CARGA;Posicionamento e assentamento no local;CONTORNO DE IBIRAÇU
Civil;IÇAMENTO DE CARGA;Desamarração e liberação;CONTORNO DE IBIRAÇU
Civil;IÇAMENTO DE CARGA;Planejamento e estudo do plano de rigging;D2
Civil;IÇAMENTO DE CARGA;Isolamento e sinalização da área;D2
Civil;IÇAMENTO DE CARGA;Posicionamento e nivelamento do guindaste;D2
Civil;IÇAMENTO DE CARGA;Inspeção dos acessórios de içamento (cabos, cintas, manilhas);D2
Civil;IÇAMENTO DE CARGA;Amarração e fixação da carga (laçamento);D2
Civil;IÇAMENTO DE CARGA;Içamento e movimentação da carga;D2
Civil;IÇAMENTO DE CARGA;Posicionamento e assentamento no local;D2
Civil;IÇAMENTO DE CARGA;Desamarração e liberação;D2
Civil;IÇAMENTO DE CARGA;Planejamento e estudo do plano de rigging;PARALELO DE IBIRAÇU
Civil;IÇAMENTO DE CARGA;Isolamento e sinalização da área;PARALELO DE IBIRAÇU
Civil;IÇAMENTO DE CARGA;Posicionamento e nivelamento do guindaste;PARALELO DE IBIRAÇU
Civil;IÇAMENTO DE CARGA;Inspeção dos acessórios de içamento (cabos, cintas, manilhas);PARALELO DE IBIRAÇU
Civil;IÇAMENTO DE CARGA;Amarração e fixação da carga (laçamento);PARALELO DE IBIRAÇU
Civil;IÇAMENTO DE CARGA;Içamento e movimentação da carga;PARALELO DE IBIRAÇU
Civil;IÇAMENTO DE CARGA;Posicionamento e assentamento no local;PARALELO DE IBIRAÇU
Civil;IÇAMENTO DE CARGA;Desamarração e liberação;PARALELO DE IBIRAÇU
Civil;IÇAMENTO DE CARGA;Planejamento e estudo do plano de rigging;PÁTIO DE VIGAS
Civil;IÇAMENTO DE CARGA;Isolamento e sinalização da área;PÁTIO DE VIGAS
Civil;IÇAMENTO DE CARGA;Posicionamento e nivelamento do guindaste;PÁTIO DE VIGAS
Civil;IÇAMENTO DE CARGA;Inspeção dos acessórios de içamento (cabos, cintas, manilhas);PÁTIO DE VIGAS
Civil;IÇAMENTO DE CARGA;Amarração e fixação da carga (laçamento);PÁTIO DE VIGAS
Civil;IÇAMENTO DE CARGA;Içamento e movimentação da carga;PÁTIO DE VIGAS
Civil;IÇAMENTO DE CARGA;Posicionamento e assentamento no local;PÁTIO DE VIGAS
Civil;IÇAMENTO DE CARGA;Desamarração e liberação;PÁTIO DE VIGAS
Civil;LÁBIOS POLIMÉRICOS;Preparo e limpeza da junta;C1
Civil;LÁBIOS POLIMÉRICOS;Fôrma / delimitação;C1
Civil;LÁBIOS POLIMÉRICOS;Aplicação do polímero;C1
Civil;LÁBIOS POLIMÉRICOS;Acabamento e cura;C1
Civil;LÁBIOS POLIMÉRICOS;Preparo e limpeza da junta;C2
Civil;LÁBIOS POLIMÉRICOS;Fôrma / delimitação;C2
Civil;LÁBIOS POLIMÉRICOS;Aplicação do polímero;C2
Civil;LÁBIOS POLIMÉRICOS;Acabamento e cura;C2
Civil;LÁBIOS POLIMÉRICOS;Preparo e limpeza da junta;C3
Civil;LÁBIOS POLIMÉRICOS;Fôrma / delimitação;C3
Civil;LÁBIOS POLIMÉRICOS;Aplicação do polímero;C3
Civil;LÁBIOS POLIMÉRICOS;Acabamento e cura;C3
Civil;LÁBIOS POLIMÉRICOS;Preparo e limpeza da junta;C4
Civil;LÁBIOS POLIMÉRICOS;Fôrma / delimitação;C4
Civil;LÁBIOS POLIMÉRICOS;Aplicação do polímero;C4
Civil;LÁBIOS POLIMÉRICOS;Acabamento e cura;C4
Civil;LÁBIOS POLIMÉRICOS;Preparo e limpeza da junta;CANTEIRO INDUSTRIAL
Civil;LÁBIOS POLIMÉRICOS;Fôrma / delimitação;CANTEIRO INDUSTRIAL
Civil;LÁBIOS POLIMÉRICOS;Aplicação do polímero;CANTEIRO INDUSTRIAL
Civil;LÁBIOS POLIMÉRICOS;Acabamento e cura;CANTEIRO INDUSTRIAL
Civil;LÁBIOS POLIMÉRICOS;Preparo e limpeza da junta;CONTORNO DE FUNDÃO
Civil;LÁBIOS POLIMÉRICOS;Fôrma / delimitação;CONTORNO DE FUNDÃO
Civil;LÁBIOS POLIMÉRICOS;Aplicação do polímero;CONTORNO DE FUNDÃO
Civil;LÁBIOS POLIMÉRICOS;Acabamento e cura;CONTORNO DE FUNDÃO
Civil;LÁBIOS POLIMÉRICOS;Preparo e limpeza da junta;CONTORNO DE IBIRAÇU
Civil;LÁBIOS POLIMÉRICOS;Fôrma / delimitação;CONTORNO DE IBIRAÇU
Civil;LÁBIOS POLIMÉRICOS;Aplicação do polímero;CONTORNO DE IBIRAÇU
Civil;LÁBIOS POLIMÉRICOS;Acabamento e cura;CONTORNO DE IBIRAÇU
Civil;LÁBIOS POLIMÉRICOS;Preparo e limpeza da junta;D2
Civil;LÁBIOS POLIMÉRICOS;Fôrma / delimitação;D2
Civil;LÁBIOS POLIMÉRICOS;Aplicação do polímero;D2
Civil;LÁBIOS POLIMÉRICOS;Acabamento e cura;D2
Civil;LÁBIOS POLIMÉRICOS;Preparo e limpeza da junta;PARALELO DE IBIRAÇU
Civil;LÁBIOS POLIMÉRICOS;Fôrma / delimitação;PARALELO DE IBIRAÇU
Civil;LÁBIOS POLIMÉRICOS;Aplicação do polímero;PARALELO DE IBIRAÇU
Civil;LÁBIOS POLIMÉRICOS;Acabamento e cura;PARALELO DE IBIRAÇU
Civil;LÁBIOS POLIMÉRICOS;Preparo e limpeza da junta;PÁTIO DE VIGAS
Civil;LÁBIOS POLIMÉRICOS;Fôrma / delimitação;PÁTIO DE VIGAS
Civil;LÁBIOS POLIMÉRICOS;Aplicação do polímero;PÁTIO DE VIGAS
Civil;LÁBIOS POLIMÉRICOS;Acabamento e cura;PÁTIO DE VIGAS
Civil;LANÇAMENTO DE PLACA DE CONCRETO;Preparo de fôrma e armadura (interface);C1
Civil;LANÇAMENTO DE PLACA DE CONCRETO;Usinagem / confecção do concreto;C1
Civil;LANÇAMENTO DE PLACA DE CONCRETO;Transporte do concreto;C1
Civil;LANÇAMENTO DE PLACA DE CONCRETO;Lançamento do concreto;C1
Civil;LANÇAMENTO DE PLACA DE CONCRETO;Adensamento / vibração;C1
Civil;LANÇAMENTO DE PLACA DE CONCRETO;Cura;C1
Civil;LANÇAMENTO DE PLACA DE CONCRETO;Preparo de fôrma e armadura (interface);C2
Civil;LANÇAMENTO DE PLACA DE CONCRETO;Usinagem / confecção do concreto;C2
Civil;LANÇAMENTO DE PLACA DE CONCRETO;Transporte do concreto;C2
Civil;LANÇAMENTO DE PLACA DE CONCRETO;Lançamento do concreto;C2
Civil;LANÇAMENTO DE PLACA DE CONCRETO;Adensamento / vibração;C2
Civil;LANÇAMENTO DE PLACA DE CONCRETO;Cura;C2
Civil;LANÇAMENTO DE PLACA DE CONCRETO;Preparo de fôrma e armadura (interface);C3
Civil;LANÇAMENTO DE PLACA DE CONCRETO;Usinagem / confecção do concreto;C3
Civil;LANÇAMENTO DE PLACA DE CONCRETO;Transporte do concreto;C3
Civil;LANÇAMENTO DE PLACA DE CONCRETO;Lançamento do concreto;C3
Civil;LANÇAMENTO DE PLACA DE CONCRETO;Adensamento / vibração;C3
Civil;LANÇAMENTO DE PLACA DE CONCRETO;Cura;C3
Civil;LANÇAMENTO DE PLACA DE CONCRETO;Preparo de fôrma e armadura (interface);C4
Civil;LANÇAMENTO DE PLACA DE CONCRETO;Usinagem / confecção do concreto;C4
Civil;LANÇAMENTO DE PLACA DE CONCRETO;Transporte do concreto;C4
Civil;LANÇAMENTO DE PLACA DE CONCRETO;Lançamento do concreto;C4
Civil;LANÇAMENTO DE PLACA DE CONCRETO;Adensamento / vibração;C4
Civil;LANÇAMENTO DE PLACA DE CONCRETO;Cura;C4
Civil;LANÇAMENTO DE PLACA DE CONCRETO;Preparo de fôrma e armadura (interface);CANTEIRO INDUSTRIAL
Civil;LANÇAMENTO DE PLACA DE CONCRETO;Usinagem / confecção do concreto;CANTEIRO INDUSTRIAL
Civil;LANÇAMENTO DE PLACA DE CONCRETO;Transporte do concreto;CANTEIRO INDUSTRIAL
Civil;LANÇAMENTO DE PLACA DE CONCRETO;Lançamento do concreto;CANTEIRO INDUSTRIAL
Civil;LANÇAMENTO DE PLACA DE CONCRETO;Adensamento / vibração;CANTEIRO INDUSTRIAL
Civil;LANÇAMENTO DE PLACA DE CONCRETO;Cura;CANTEIRO INDUSTRIAL
Civil;LANÇAMENTO DE PLACA DE CONCRETO;Preparo de fôrma e armadura (interface);CONTORNO DE FUNDÃO
Civil;LANÇAMENTO DE PLACA DE CONCRETO;Usinagem / confecção do concreto;CONTORNO DE FUNDÃO
Civil;LANÇAMENTO DE PLACA DE CONCRETO;Transporte do concreto;CONTORNO DE FUNDÃO
Civil;LANÇAMENTO DE PLACA DE CONCRETO;Lançamento do concreto;CONTORNO DE FUNDÃO
Civil;LANÇAMENTO DE PLACA DE CONCRETO;Adensamento / vibração;CONTORNO DE FUNDÃO
Civil;LANÇAMENTO DE PLACA DE CONCRETO;Cura;CONTORNO DE FUNDÃO
Civil;LANÇAMENTO DE PLACA DE CONCRETO;Preparo de fôrma e armadura (interface);CONTORNO DE IBIRAÇU
Civil;LANÇAMENTO DE PLACA DE CONCRETO;Usinagem / confecção do concreto;CONTORNO DE IBIRAÇU
Civil;LANÇAMENTO DE PLACA DE CONCRETO;Transporte do concreto;CONTORNO DE IBIRAÇU
Civil;LANÇAMENTO DE PLACA DE CONCRETO;Lançamento do concreto;CONTORNO DE IBIRAÇU
Civil;LANÇAMENTO DE PLACA DE CONCRETO;Adensamento / vibração;CONTORNO DE IBIRAÇU
Civil;LANÇAMENTO DE PLACA DE CONCRETO;Cura;CONTORNO DE IBIRAÇU
Civil;LANÇAMENTO DE PLACA DE CONCRETO;Preparo de fôrma e armadura (interface);D2
Civil;LANÇAMENTO DE PLACA DE CONCRETO;Usinagem / confecção do concreto;D2
Civil;LANÇAMENTO DE PLACA DE CONCRETO;Transporte do concreto;D2
Civil;LANÇAMENTO DE PLACA DE CONCRETO;Lançamento do concreto;D2
Civil;LANÇAMENTO DE PLACA DE CONCRETO;Adensamento / vibração;D2
Civil;LANÇAMENTO DE PLACA DE CONCRETO;Cura;D2
Civil;LANÇAMENTO DE PLACA DE CONCRETO;Preparo de fôrma e armadura (interface);PARALELO DE IBIRAÇU
Civil;LANÇAMENTO DE PLACA DE CONCRETO;Usinagem / confecção do concreto;PARALELO DE IBIRAÇU
Civil;LANÇAMENTO DE PLACA DE CONCRETO;Transporte do concreto;PARALELO DE IBIRAÇU
Civil;LANÇAMENTO DE PLACA DE CONCRETO;Lançamento do concreto;PARALELO DE IBIRAÇU
Civil;LANÇAMENTO DE PLACA DE CONCRETO;Adensamento / vibração;PARALELO DE IBIRAÇU
Civil;LANÇAMENTO DE PLACA DE CONCRETO;Cura;PARALELO DE IBIRAÇU
Civil;LANÇAMENTO DE PLACA DE CONCRETO;Preparo de fôrma e armadura (interface);PÁTIO DE VIGAS
Civil;LANÇAMENTO DE PLACA DE CONCRETO;Usinagem / confecção do concreto;PÁTIO DE VIGAS
Civil;LANÇAMENTO DE PLACA DE CONCRETO;Transporte do concreto;PÁTIO DE VIGAS
Civil;LANÇAMENTO DE PLACA DE CONCRETO;Lançamento do concreto;PÁTIO DE VIGAS
Civil;LANÇAMENTO DE PLACA DE CONCRETO;Adensamento / vibração;PÁTIO DE VIGAS
Civil;LANÇAMENTO DE PLACA DE CONCRETO;Cura;PÁTIO DE VIGAS
Civil;LANÇAMENTO DE VIGA PRÉ-MOLDADA;Preparo dos apoios / aparelhos;C1
Civil;LANÇAMENTO DE VIGA PRÉ-MOLDADA;Posicionamento do guindaste;C1
Civil;LANÇAMENTO DE VIGA PRÉ-MOLDADA;Amarração e içamento da viga;C1
Civil;LANÇAMENTO DE VIGA PRÉ-MOLDADA;Lançamento e posicionamento sobre os apoios;C1
Civil;LANÇAMENTO DE VIGA PRÉ-MOLDADA;Fixação / travamento provisório;C1
Civil;LANÇAMENTO DE VIGA PRÉ-MOLDADA;Preparo dos apoios / aparelhos;C2
Civil;LANÇAMENTO DE VIGA PRÉ-MOLDADA;Posicionamento do guindaste;C2
Civil;LANÇAMENTO DE VIGA PRÉ-MOLDADA;Amarração e içamento da viga;C2
Civil;LANÇAMENTO DE VIGA PRÉ-MOLDADA;Lançamento e posicionamento sobre os apoios;C2
Civil;LANÇAMENTO DE VIGA PRÉ-MOLDADA;Fixação / travamento provisório;C2
Civil;LANÇAMENTO DE VIGA PRÉ-MOLDADA;Preparo dos apoios / aparelhos;C3
Civil;LANÇAMENTO DE VIGA PRÉ-MOLDADA;Posicionamento do guindaste;C3
Civil;LANÇAMENTO DE VIGA PRÉ-MOLDADA;Amarração e içamento da viga;C3
Civil;LANÇAMENTO DE VIGA PRÉ-MOLDADA;Lançamento e posicionamento sobre os apoios;C3
Civil;LANÇAMENTO DE VIGA PRÉ-MOLDADA;Fixação / travamento provisório;C3
Civil;LANÇAMENTO DE VIGA PRÉ-MOLDADA;Preparo dos apoios / aparelhos;C4
Civil;LANÇAMENTO DE VIGA PRÉ-MOLDADA;Posicionamento do guindaste;C4
Civil;LANÇAMENTO DE VIGA PRÉ-MOLDADA;Amarração e içamento da viga;C4
Civil;LANÇAMENTO DE VIGA PRÉ-MOLDADA;Lançamento e posicionamento sobre os apoios;C4
Civil;LANÇAMENTO DE VIGA PRÉ-MOLDADA;Fixação / travamento provisório;C4
Civil;LANÇAMENTO DE VIGA PRÉ-MOLDADA;Preparo dos apoios / aparelhos;CANTEIRO INDUSTRIAL
Civil;LANÇAMENTO DE VIGA PRÉ-MOLDADA;Posicionamento do guindaste;CANTEIRO INDUSTRIAL
Civil;LANÇAMENTO DE VIGA PRÉ-MOLDADA;Amarração e içamento da viga;CANTEIRO INDUSTRIAL
Civil;LANÇAMENTO DE VIGA PRÉ-MOLDADA;Lançamento e posicionamento sobre os apoios;CANTEIRO INDUSTRIAL
Civil;LANÇAMENTO DE VIGA PRÉ-MOLDADA;Fixação / travamento provisório;CANTEIRO INDUSTRIAL
Civil;LANÇAMENTO DE VIGA PRÉ-MOLDADA;Preparo dos apoios / aparelhos;CONTORNO DE FUNDÃO
Civil;LANÇAMENTO DE VIGA PRÉ-MOLDADA;Posicionamento do guindaste;CONTORNO DE FUNDÃO
Civil;LANÇAMENTO DE VIGA PRÉ-MOLDADA;Amarração e içamento da viga;CONTORNO DE FUNDÃO
Civil;LANÇAMENTO DE VIGA PRÉ-MOLDADA;Lançamento e posicionamento sobre os apoios;CONTORNO DE FUNDÃO
Civil;LANÇAMENTO DE VIGA PRÉ-MOLDADA;Fixação / travamento provisório;CONTORNO DE FUNDÃO
Civil;LANÇAMENTO DE VIGA PRÉ-MOLDADA;Preparo dos apoios / aparelhos;CONTORNO DE IBIRAÇU
Civil;LANÇAMENTO DE VIGA PRÉ-MOLDADA;Posicionamento do guindaste;CONTORNO DE IBIRAÇU
Civil;LANÇAMENTO DE VIGA PRÉ-MOLDADA;Amarração e içamento da viga;CONTORNO DE IBIRAÇU
Civil;LANÇAMENTO DE VIGA PRÉ-MOLDADA;Lançamento e posicionamento sobre os apoios;CONTORNO DE IBIRAÇU
Civil;LANÇAMENTO DE VIGA PRÉ-MOLDADA;Fixação / travamento provisório;CONTORNO DE IBIRAÇU
Civil;LANÇAMENTO DE VIGA PRÉ-MOLDADA;Preparo dos apoios / aparelhos;D2
Civil;LANÇAMENTO DE VIGA PRÉ-MOLDADA;Posicionamento do guindaste;D2
Civil;LANÇAMENTO DE VIGA PRÉ-MOLDADA;Amarração e içamento da viga;D2
Civil;LANÇAMENTO DE VIGA PRÉ-MOLDADA;Lançamento e posicionamento sobre os apoios;D2
Civil;LANÇAMENTO DE VIGA PRÉ-MOLDADA;Fixação / travamento provisório;D2
Civil;LANÇAMENTO DE VIGA PRÉ-MOLDADA;Preparo dos apoios / aparelhos;PARALELO DE IBIRAÇU
Civil;LANÇAMENTO DE VIGA PRÉ-MOLDADA;Posicionamento do guindaste;PARALELO DE IBIRAÇU
Civil;LANÇAMENTO DE VIGA PRÉ-MOLDADA;Amarração e içamento da viga;PARALELO DE IBIRAÇU
Civil;LANÇAMENTO DE VIGA PRÉ-MOLDADA;Lançamento e posicionamento sobre os apoios;PARALELO DE IBIRAÇU
Civil;LANÇAMENTO DE VIGA PRÉ-MOLDADA;Fixação / travamento provisório;PARALELO DE IBIRAÇU
Civil;LANÇAMENTO DE VIGA PRÉ-MOLDADA;Preparo dos apoios / aparelhos;PÁTIO DE VIGAS
Civil;LANÇAMENTO DE VIGA PRÉ-MOLDADA;Posicionamento do guindaste;PÁTIO DE VIGAS
Civil;LANÇAMENTO DE VIGA PRÉ-MOLDADA;Amarração e içamento da viga;PÁTIO DE VIGAS
Civil;LANÇAMENTO DE VIGA PRÉ-MOLDADA;Lançamento e posicionamento sobre os apoios;PÁTIO DE VIGAS
Civil;LANÇAMENTO DE VIGA PRÉ-MOLDADA;Fixação / travamento provisório;PÁTIO DE VIGAS
Civil;PINTURA COM NATA DE CIMENTO;Limpeza e preparo da superfície;C1
Civil;PINTURA COM NATA DE CIMENTO;Preparo da nata de cimento;C1
Civil;PINTURA COM NATA DE CIMENTO;Aplicação (3 demãos);C1
Civil;PINTURA COM NATA DE CIMENTO;Cura entre demãos;C1
Civil;PINTURA COM NATA DE CIMENTO;Limpeza e preparo da superfície;C2
Civil;PINTURA COM NATA DE CIMENTO;Preparo da nata de cimento;C2
Civil;PINTURA COM NATA DE CIMENTO;Aplicação (3 demãos);C2
Civil;PINTURA COM NATA DE CIMENTO;Cura entre demãos;C2
Civil;PINTURA COM NATA DE CIMENTO;Limpeza e preparo da superfície;C3
Civil;PINTURA COM NATA DE CIMENTO;Preparo da nata de cimento;C3
Civil;PINTURA COM NATA DE CIMENTO;Aplicação (3 demãos);C3
Civil;PINTURA COM NATA DE CIMENTO;Cura entre demãos;C3
Civil;PINTURA COM NATA DE CIMENTO;Limpeza e preparo da superfície;C4
Civil;PINTURA COM NATA DE CIMENTO;Preparo da nata de cimento;C4
Civil;PINTURA COM NATA DE CIMENTO;Aplicação (3 demãos);C4
Civil;PINTURA COM NATA DE CIMENTO;Cura entre demãos;C4
Civil;PINTURA COM NATA DE CIMENTO;Limpeza e preparo da superfície;CANTEIRO INDUSTRIAL
Civil;PINTURA COM NATA DE CIMENTO;Preparo da nata de cimento;CANTEIRO INDUSTRIAL
Civil;PINTURA COM NATA DE CIMENTO;Aplicação (3 demãos);CANTEIRO INDUSTRIAL
Civil;PINTURA COM NATA DE CIMENTO;Cura entre demãos;CANTEIRO INDUSTRIAL
Civil;PINTURA COM NATA DE CIMENTO;Limpeza e preparo da superfície;CONTORNO DE FUNDÃO
Civil;PINTURA COM NATA DE CIMENTO;Preparo da nata de cimento;CONTORNO DE FUNDÃO
Civil;PINTURA COM NATA DE CIMENTO;Aplicação (3 demãos);CONTORNO DE FUNDÃO
Civil;PINTURA COM NATA DE CIMENTO;Cura entre demãos;CONTORNO DE FUNDÃO
Civil;PINTURA COM NATA DE CIMENTO;Limpeza e preparo da superfície;CONTORNO DE IBIRAÇU
Civil;PINTURA COM NATA DE CIMENTO;Preparo da nata de cimento;CONTORNO DE IBIRAÇU
Civil;PINTURA COM NATA DE CIMENTO;Aplicação (3 demãos);CONTORNO DE IBIRAÇU
Civil;PINTURA COM NATA DE CIMENTO;Cura entre demãos;CONTORNO DE IBIRAÇU
Civil;PINTURA COM NATA DE CIMENTO;Limpeza e preparo da superfície;D2
Civil;PINTURA COM NATA DE CIMENTO;Preparo da nata de cimento;D2
Civil;PINTURA COM NATA DE CIMENTO;Aplicação (3 demãos);D2
Civil;PINTURA COM NATA DE CIMENTO;Cura entre demãos;D2
Civil;PINTURA COM NATA DE CIMENTO;Limpeza e preparo da superfície;PARALELO DE IBIRAÇU
Civil;PINTURA COM NATA DE CIMENTO;Preparo da nata de cimento;PARALELO DE IBIRAÇU
Civil;PINTURA COM NATA DE CIMENTO;Aplicação (3 demãos);PARALELO DE IBIRAÇU
Civil;PINTURA COM NATA DE CIMENTO;Cura entre demãos;PARALELO DE IBIRAÇU
Civil;PINTURA COM NATA DE CIMENTO;Limpeza e preparo da superfície;PÁTIO DE VIGAS
Civil;PINTURA COM NATA DE CIMENTO;Preparo da nata de cimento;PÁTIO DE VIGAS
Civil;PINTURA COM NATA DE CIMENTO;Aplicação (3 demãos);PÁTIO DE VIGAS
Civil;PINTURA COM NATA DE CIMENTO;Cura entre demãos;PÁTIO DE VIGAS
Civil;PINTURA MANUAL;Limpeza e preparo da superfície;C1
Civil;PINTURA MANUAL;Preparo da nata de cimento;C1
Civil;PINTURA MANUAL;Aplicação (3 demãos);C1
Civil;PINTURA MANUAL;Cura entre demãos;C1
Civil;PINTURA MANUAL;Limpeza e preparo da superfície;C2
Civil;PINTURA MANUAL;Preparo da nata de cimento;C2
Civil;PINTURA MANUAL;Aplicação (3 demãos);C2
Civil;PINTURA MANUAL;Cura entre demãos;C2
Civil;PINTURA MANUAL;Limpeza e preparo da superfície;C3
Civil;PINTURA MANUAL;Preparo da nata de cimento;C3
Civil;PINTURA MANUAL;Aplicação (3 demãos);C3
Civil;PINTURA MANUAL;Cura entre demãos;C3
Civil;PINTURA MANUAL;Limpeza e preparo da superfície;C4
Civil;PINTURA MANUAL;Preparo da nata de cimento;C4
Civil;PINTURA MANUAL;Aplicação (3 demãos);C4
Civil;PINTURA MANUAL;Cura entre demãos;C4
Civil;PINTURA MANUAL;Limpeza e preparo da superfície;CANTEIRO INDUSTRIAL
Civil;PINTURA MANUAL;Preparo da nata de cimento;CANTEIRO INDUSTRIAL
Civil;PINTURA MANUAL;Aplicação (3 demãos);CANTEIRO INDUSTRIAL
Civil;PINTURA MANUAL;Cura entre demãos;CANTEIRO INDUSTRIAL
Civil;PINTURA MANUAL;Limpeza e preparo da superfície;CONTORNO DE FUNDÃO
Civil;PINTURA MANUAL;Preparo da nata de cimento;CONTORNO DE FUNDÃO
Civil;PINTURA MANUAL;Aplicação (3 demãos);CONTORNO DE FUNDÃO
Civil;PINTURA MANUAL;Cura entre demãos;CONTORNO DE FUNDÃO
Civil;PINTURA MANUAL;Limpeza e preparo da superfície;CONTORNO DE IBIRAÇU
Civil;PINTURA MANUAL;Preparo da nata de cimento;CONTORNO DE IBIRAÇU
Civil;PINTURA MANUAL;Aplicação (3 demãos);CONTORNO DE IBIRAÇU
Civil;PINTURA MANUAL;Cura entre demãos;CONTORNO DE IBIRAÇU
Civil;PINTURA MANUAL;Limpeza e preparo da superfície;D2
Civil;PINTURA MANUAL;Preparo da nata de cimento;D2
Civil;PINTURA MANUAL;Aplicação (3 demãos);D2
Civil;PINTURA MANUAL;Cura entre demãos;D2
Civil;PINTURA MANUAL;Limpeza e preparo da superfície;PARALELO DE IBIRAÇU
Civil;PINTURA MANUAL;Preparo da nata de cimento;PARALELO DE IBIRAÇU
Civil;PINTURA MANUAL;Aplicação (3 demãos);PARALELO DE IBIRAÇU
Civil;PINTURA MANUAL;Cura entre demãos;PARALELO DE IBIRAÇU
Civil;PINTURA MANUAL;Limpeza e preparo da superfície;PÁTIO DE VIGAS
Civil;PINTURA MANUAL;Preparo da nata de cimento;PÁTIO DE VIGAS
Civil;PINTURA MANUAL;Aplicação (3 demãos);PÁTIO DE VIGAS
Civil;PINTURA MANUAL;Cura entre demãos;PÁTIO DE VIGAS
Civil;PROTENSÃO DE TIRANTE;Posicionamento do macaco hidráulico;C1
Civil;PROTENSÃO DE TIRANTE;Aplicação da protensão (tração);C1
Civil;PROTENSÃO DE TIRANTE;Ancoragem e cravação das cunhas;C1
Civil;PROTENSÃO DE TIRANTE;Corte do excedente;C1
Civil;PROTENSÃO DE TIRANTE;Injeção de nata e proteção;C1
Civil;PROTENSÃO DE TIRANTE;Posicionamento do macaco hidráulico;C2
Civil;PROTENSÃO DE TIRANTE;Aplicação da protensão (tração);C2
Civil;PROTENSÃO DE TIRANTE;Ancoragem e cravação das cunhas;C2
Civil;PROTENSÃO DE TIRANTE;Corte do excedente;C2
Civil;PROTENSÃO DE TIRANTE;Injeção de nata e proteção;C2
Civil;PROTENSÃO DE TIRANTE;Posicionamento do macaco hidráulico;C3
Civil;PROTENSÃO DE TIRANTE;Aplicação da protensão (tração);C3
Civil;PROTENSÃO DE TIRANTE;Ancoragem e cravação das cunhas;C3
Civil;PROTENSÃO DE TIRANTE;Corte do excedente;C3
Civil;PROTENSÃO DE TIRANTE;Injeção de nata e proteção;C3
Civil;PROTENSÃO DE TIRANTE;Posicionamento do macaco hidráulico;C4
Civil;PROTENSÃO DE TIRANTE;Aplicação da protensão (tração);C4
Civil;PROTENSÃO DE TIRANTE;Ancoragem e cravação das cunhas;C4
Civil;PROTENSÃO DE TIRANTE;Corte do excedente;C4
Civil;PROTENSÃO DE TIRANTE;Injeção de nata e proteção;C4
Civil;PROTENSÃO DE TIRANTE;Posicionamento do macaco hidráulico;CANTEIRO INDUSTRIAL
Civil;PROTENSÃO DE TIRANTE;Aplicação da protensão (tração);CANTEIRO INDUSTRIAL
Civil;PROTENSÃO DE TIRANTE;Ancoragem e cravação das cunhas;CANTEIRO INDUSTRIAL
Civil;PROTENSÃO DE TIRANTE;Corte do excedente;CANTEIRO INDUSTRIAL
Civil;PROTENSÃO DE TIRANTE;Injeção de nata e proteção;CANTEIRO INDUSTRIAL
Civil;PROTENSÃO DE TIRANTE;Posicionamento do macaco hidráulico;CONTORNO DE FUNDÃO
Civil;PROTENSÃO DE TIRANTE;Aplicação da protensão (tração);CONTORNO DE FUNDÃO
Civil;PROTENSÃO DE TIRANTE;Ancoragem e cravação das cunhas;CONTORNO DE FUNDÃO
Civil;PROTENSÃO DE TIRANTE;Corte do excedente;CONTORNO DE FUNDÃO
Civil;PROTENSÃO DE TIRANTE;Injeção de nata e proteção;CONTORNO DE FUNDÃO
Civil;PROTENSÃO DE TIRANTE;Posicionamento do macaco hidráulico;CONTORNO DE IBIRAÇU
Civil;PROTENSÃO DE TIRANTE;Aplicação da protensão (tração);CONTORNO DE IBIRAÇU
Civil;PROTENSÃO DE TIRANTE;Ancoragem e cravação das cunhas;CONTORNO DE IBIRAÇU
Civil;PROTENSÃO DE TIRANTE;Corte do excedente;CONTORNO DE IBIRAÇU
Civil;PROTENSÃO DE TIRANTE;Injeção de nata e proteção;CONTORNO DE IBIRAÇU
Civil;PROTENSÃO DE TIRANTE;Posicionamento do macaco hidráulico;D2
Civil;PROTENSÃO DE TIRANTE;Aplicação da protensão (tração);D2
Civil;PROTENSÃO DE TIRANTE;Ancoragem e cravação das cunhas;D2
Civil;PROTENSÃO DE TIRANTE;Corte do excedente;D2
Civil;PROTENSÃO DE TIRANTE;Injeção de nata e proteção;D2
Civil;PROTENSÃO DE TIRANTE;Posicionamento do macaco hidráulico;PARALELO DE IBIRAÇU
Civil;PROTENSÃO DE TIRANTE;Aplicação da protensão (tração);PARALELO DE IBIRAÇU
Civil;PROTENSÃO DE TIRANTE;Ancoragem e cravação das cunhas;PARALELO DE IBIRAÇU
Civil;PROTENSÃO DE TIRANTE;Corte do excedente;PARALELO DE IBIRAÇU
Civil;PROTENSÃO DE TIRANTE;Injeção de nata e proteção;PARALELO DE IBIRAÇU
Civil;PROTENSÃO DE TIRANTE;Posicionamento do macaco hidráulico;PÁTIO DE VIGAS
Civil;PROTENSÃO DE TIRANTE;Aplicação da protensão (tração);PÁTIO DE VIGAS
Civil;PROTENSÃO DE TIRANTE;Ancoragem e cravação das cunhas;PÁTIO DE VIGAS
Civil;PROTENSÃO DE TIRANTE;Corte do excedente;PÁTIO DE VIGAS
Civil;PROTENSÃO DE TIRANTE;Injeção de nata e proteção;PÁTIO DE VIGAS
Civil;ANDAIME;Montagem;C1
Civil;CORDOALHA;Instalação das bainhas / dutos;C1
Civil;CORDOALHA;Posicionamento e fixação dos ancoragens;C1
Civil;CORDOALHA;Enfiação / passagem das cordoalhas;C1
Civil;CORDOALHA;Protensão (macaqueamento / estiramento);C1
Civil;CORDOALHA;Conferência de alongamento e cravação das cunhas;C1
Civil;CORDOALHA;Corte das pontas excedentes;C1
Civil;CORDOALHA;Injeção de nata / grauteamento das bainhas;C1
Civil;CORDOALHA;Selagem dos nichos de ancoragem;C1
Civil;CONCRETO MAGRO;Preparo e regularização da superfície;C1
Civil;CONCRETO MAGRO;Conferência de cota e nivelamento;C1
Civil;CONCRETO MAGRO;Usinagem / confecção do concreto;C1
Civil;CONCRETO MAGRO;Transporte do concreto;C1
Civil;CONCRETO MAGRO;Lançamento e espalhamento;C1
Civil;CONCRETO MAGRO;Regularização / sarrafeamento do topo;C1
Civil;CONCRETO MAGRO;Cura;C1
Civil;ESCAVAÇÃO PARA CONCRETO MAGRO;Locação e marcação topográfica;C1
Civil;ESCAVAÇÃO PARA CONCRETO MAGRO;Escavação da cava / vala;C1
Civil;ESCAVAÇÃO PARA CONCRETO MAGRO;Retirada e bota-fora do material;C1
Civil;ESCAVAÇÃO PARA CONCRETO MAGRO;Regularização e apiloamento do fundo;C1
Civil;ESCAVAÇÃO PARA CONCRETO MAGRO;Conferência de cota e geometria;C1
Civil;ESTACA RAIZ;Perfuração em rocha;C1
Civil;ANDAIME;Montagem;C2
Civil;CORDOALHA;Instalação das bainhas / dutos;C2
Civil;CORDOALHA;Posicionamento e fixação dos ancoragens;C2
Civil;CORDOALHA;Enfiação / passagem das cordoalhas;C2
Civil;CORDOALHA;Protensão (macaqueamento / estiramento);C2
Civil;CORDOALHA;Conferência de alongamento e cravação das cunhas;C2
Civil;CORDOALHA;Corte das pontas excedentes;C2
Civil;CORDOALHA;Injeção de nata / grauteamento das bainhas;C2
Civil;CORDOALHA;Selagem dos nichos de ancoragem;C2
Civil;CONCRETO MAGRO;Preparo e regularização da superfície;C2
Civil;CONCRETO MAGRO;Conferência de cota e nivelamento;C2
Civil;CONCRETO MAGRO;Usinagem / confecção do concreto;C2
Civil;CONCRETO MAGRO;Transporte do concreto;C2
Civil;CONCRETO MAGRO;Lançamento e espalhamento;C2
Civil;CONCRETO MAGRO;Regularização / sarrafeamento do topo;C2
Civil;CONCRETO MAGRO;Cura;C2
Civil;ESCAVAÇÃO PARA CONCRETO MAGRO;Locação e marcação topográfica;C2
Civil;ESCAVAÇÃO PARA CONCRETO MAGRO;Escavação da cava / vala;C2
Civil;ESCAVAÇÃO PARA CONCRETO MAGRO;Retirada e bota-fora do material;C2
Civil;ESCAVAÇÃO PARA CONCRETO MAGRO;Regularização e apiloamento do fundo;C2
Civil;ESCAVAÇÃO PARA CONCRETO MAGRO;Conferência de cota e geometria;C2
Civil;ESTACA RAIZ;Perfuração em rocha;C2
Civil;ANDAIME;Montagem;C3
Civil;CORDOALHA;Instalação das bainhas / dutos;C3
Civil;CORDOALHA;Posicionamento e fixação dos ancoragens;C3
Civil;CORDOALHA;Enfiação / passagem das cordoalhas;C3
Civil;CORDOALHA;Protensão (macaqueamento / estiramento);C3
Civil;CORDOALHA;Conferência de alongamento e cravação das cunhas;C3
Civil;CORDOALHA;Corte das pontas excedentes;C3
Civil;CORDOALHA;Injeção de nata / grauteamento das bainhas;C3
Civil;CORDOALHA;Selagem dos nichos de ancoragem;C3
Civil;CONCRETO MAGRO;Preparo e regularização da superfície;C3
Civil;CONCRETO MAGRO;Conferência de cota e nivelamento;C3
Civil;CONCRETO MAGRO;Usinagem / confecção do concreto;C3
Civil;CONCRETO MAGRO;Transporte do concreto;C3
Civil;CONCRETO MAGRO;Lançamento e espalhamento;C3
Civil;CONCRETO MAGRO;Regularização / sarrafeamento do topo;C3
Civil;CONCRETO MAGRO;Cura;C3
Civil;ESCAVAÇÃO PARA CONCRETO MAGRO;Locação e marcação topográfica;C3
Civil;ESCAVAÇÃO PARA CONCRETO MAGRO;Escavação da cava / vala;C3
Civil;ESCAVAÇÃO PARA CONCRETO MAGRO;Retirada e bota-fora do material;C3
Civil;ESCAVAÇÃO PARA CONCRETO MAGRO;Regularização e apiloamento do fundo;C3
Civil;ESCAVAÇÃO PARA CONCRETO MAGRO;Conferência de cota e geometria;C3
Civil;ESTACA RAIZ;Perfuração em rocha;C3
Civil;ANDAIME;Montagem;C4
Civil;CORDOALHA;Instalação das bainhas / dutos;C4
Civil;CORDOALHA;Posicionamento e fixação dos ancoragens;C4
Civil;CORDOALHA;Enfiação / passagem das cordoalhas;C4
Civil;CORDOALHA;Protensão (macaqueamento / estiramento);C4
Civil;CORDOALHA;Conferência de alongamento e cravação das cunhas;C4
Civil;CORDOALHA;Corte das pontas excedentes;C4
Civil;CORDOALHA;Injeção de nata / grauteamento das bainhas;C4
Civil;CORDOALHA;Selagem dos nichos de ancoragem;C4
Civil;CONCRETO MAGRO;Preparo e regularização da superfície;C4
Civil;CONCRETO MAGRO;Conferência de cota e nivelamento;C4
Civil;CONCRETO MAGRO;Usinagem / confecção do concreto;C4
Civil;CONCRETO MAGRO;Transporte do concreto;C4
Civil;CONCRETO MAGRO;Lançamento e espalhamento;C4
Civil;CONCRETO MAGRO;Regularização / sarrafeamento do topo;C4
Civil;CONCRETO MAGRO;Cura;C4
Civil;ESCAVAÇÃO PARA CONCRETO MAGRO;Locação e marcação topográfica;C4
Civil;ESCAVAÇÃO PARA CONCRETO MAGRO;Escavação da cava / vala;C4
Civil;ESCAVAÇÃO PARA CONCRETO MAGRO;Retirada e bota-fora do material;C4
Civil;ESCAVAÇÃO PARA CONCRETO MAGRO;Regularização e apiloamento do fundo;C4
Civil;ESCAVAÇÃO PARA CONCRETO MAGRO;Conferência de cota e geometria;C4
Civil;ESTACA RAIZ;Perfuração em rocha;C4
Civil;ANDAIME;Montagem;CANTEIRO INDUSTRIAL
Civil;CORDOALHA;Instalação das bainhas / dutos;CANTEIRO INDUSTRIAL
Civil;CORDOALHA;Posicionamento e fixação dos ancoragens;CANTEIRO INDUSTRIAL
Civil;CORDOALHA;Enfiação / passagem das cordoalhas;CANTEIRO INDUSTRIAL
Civil;CORDOALHA;Protensão (macaqueamento / estiramento);CANTEIRO INDUSTRIAL
Civil;CORDOALHA;Conferência de alongamento e cravação das cunhas;CANTEIRO INDUSTRIAL
Civil;CORDOALHA;Corte das pontas excedentes;CANTEIRO INDUSTRIAL
Civil;CORDOALHA;Injeção de nata / grauteamento das bainhas;CANTEIRO INDUSTRIAL
Civil;CORDOALHA;Selagem dos nichos de ancoragem;CANTEIRO INDUSTRIAL
Civil;CONCRETO MAGRO;Preparo e regularização da superfície;CANTEIRO INDUSTRIAL
Civil;CONCRETO MAGRO;Conferência de cota e nivelamento;CANTEIRO INDUSTRIAL
Civil;CONCRETO MAGRO;Usinagem / confecção do concreto;CANTEIRO INDUSTRIAL
Civil;CONCRETO MAGRO;Transporte do concreto;CANTEIRO INDUSTRIAL
Civil;CONCRETO MAGRO;Lançamento e espalhamento;CANTEIRO INDUSTRIAL
Civil;CONCRETO MAGRO;Regularização / sarrafeamento do topo;CANTEIRO INDUSTRIAL
Civil;CONCRETO MAGRO;Cura;CANTEIRO INDUSTRIAL
Civil;ESCAVAÇÃO PARA CONCRETO MAGRO;Locação e marcação topográfica;CANTEIRO INDUSTRIAL
Civil;ESCAVAÇÃO PARA CONCRETO MAGRO;Escavação da cava / vala;CANTEIRO INDUSTRIAL
Civil;ESCAVAÇÃO PARA CONCRETO MAGRO;Retirada e bota-fora do material;CANTEIRO INDUSTRIAL
Civil;ESCAVAÇÃO PARA CONCRETO MAGRO;Regularização e apiloamento do fundo;CANTEIRO INDUSTRIAL
Civil;ESCAVAÇÃO PARA CONCRETO MAGRO;Conferência de cota e geometria;CANTEIRO INDUSTRIAL
Civil;ESTACA RAIZ;Perfuração em rocha;CANTEIRO INDUSTRIAL
Civil;ANDAIME;Montagem;CONTORNO DE FUNDÃO
Civil;CORDOALHA;Instalação das bainhas / dutos;CONTORNO DE FUNDÃO
Civil;CORDOALHA;Posicionamento e fixação dos ancoragens;CONTORNO DE FUNDÃO
Civil;CORDOALHA;Enfiação / passagem das cordoalhas;CONTORNO DE FUNDÃO
Civil;CORDOALHA;Protensão (macaqueamento / estiramento);CONTORNO DE FUNDÃO
Civil;CORDOALHA;Conferência de alongamento e cravação das cunhas;CONTORNO DE FUNDÃO
Civil;CORDOALHA;Corte das pontas excedentes;CONTORNO DE FUNDÃO
Civil;CORDOALHA;Injeção de nata / grauteamento das bainhas;CONTORNO DE FUNDÃO
Civil;CORDOALHA;Selagem dos nichos de ancoragem;CONTORNO DE FUNDÃO
Civil;CONCRETO MAGRO;Preparo e regularização da superfície;CONTORNO DE FUNDÃO
Civil;CONCRETO MAGRO;Conferência de cota e nivelamento;CONTORNO DE FUNDÃO
Civil;CONCRETO MAGRO;Usinagem / confecção do concreto;CONTORNO DE FUNDÃO
Civil;CONCRETO MAGRO;Transporte do concreto;CONTORNO DE FUNDÃO
Civil;CONCRETO MAGRO;Lançamento e espalhamento;CONTORNO DE FUNDÃO
Civil;CONCRETO MAGRO;Regularização / sarrafeamento do topo;CONTORNO DE FUNDÃO
Civil;CONCRETO MAGRO;Cura;CONTORNO DE FUNDÃO
Civil;ESCAVAÇÃO PARA CONCRETO MAGRO;Locação e marcação topográfica;CONTORNO DE FUNDÃO
Civil;ESCAVAÇÃO PARA CONCRETO MAGRO;Escavação da cava / vala;CONTORNO DE FUNDÃO
Civil;ESCAVAÇÃO PARA CONCRETO MAGRO;Retirada e bota-fora do material;CONTORNO DE FUNDÃO
Civil;ESCAVAÇÃO PARA CONCRETO MAGRO;Regularização e apiloamento do fundo;CONTORNO DE FUNDÃO
Civil;ESCAVAÇÃO PARA CONCRETO MAGRO;Conferência de cota e geometria;CONTORNO DE FUNDÃO
Civil;ESTACA RAIZ;Perfuração em rocha;CONTORNO DE FUNDÃO
Civil;ANDAIME;Montagem;CONTORNO DE IBIRAÇU
Civil;CORDOALHA;Instalação das bainhas / dutos;CONTORNO DE IBIRAÇU
Civil;CORDOALHA;Posicionamento e fixação dos ancoragens;CONTORNO DE IBIRAÇU
Civil;CORDOALHA;Enfiação / passagem das cordoalhas;CONTORNO DE IBIRAÇU
Civil;CORDOALHA;Protensão (macaqueamento / estiramento);CONTORNO DE IBIRAÇU
Civil;CORDOALHA;Conferência de alongamento e cravação das cunhas;CONTORNO DE IBIRAÇU
Civil;CORDOALHA;Corte das pontas excedentes;CONTORNO DE IBIRAÇU
Civil;CORDOALHA;Injeção de nata / grauteamento das bainhas;CONTORNO DE IBIRAÇU
Civil;CORDOALHA;Selagem dos nichos de ancoragem;CONTORNO DE IBIRAÇU
Civil;CONCRETO MAGRO;Preparo e regularização da superfície;CONTORNO DE IBIRAÇU
Civil;CONCRETO MAGRO;Conferência de cota e nivelamento;CONTORNO DE IBIRAÇU
Civil;CONCRETO MAGRO;Usinagem / confecção do concreto;CONTORNO DE IBIRAÇU
Civil;CONCRETO MAGRO;Transporte do concreto;CONTORNO DE IBIRAÇU
Civil;CONCRETO MAGRO;Lançamento e espalhamento;CONTORNO DE IBIRAÇU
Civil;CONCRETO MAGRO;Regularização / sarrafeamento do topo;CONTORNO DE IBIRAÇU
Civil;CONCRETO MAGRO;Cura;CONTORNO DE IBIRAÇU
Civil;ESCAVAÇÃO PARA CONCRETO MAGRO;Locação e marcação topográfica;CONTORNO DE IBIRAÇU
Civil;ESCAVAÇÃO PARA CONCRETO MAGRO;Escavação da cava / vala;CONTORNO DE IBIRAÇU
Civil;ESCAVAÇÃO PARA CONCRETO MAGRO;Retirada e bota-fora do material;CONTORNO DE IBIRAÇU
Civil;ESCAVAÇÃO PARA CONCRETO MAGRO;Regularização e apiloamento do fundo;CONTORNO DE IBIRAÇU
Civil;ESCAVAÇÃO PARA CONCRETO MAGRO;Conferência de cota e geometria;CONTORNO DE IBIRAÇU
Civil;ESTACA RAIZ;Perfuração em rocha;CONTORNO DE IBIRAÇU
Civil;ANDAIME;Montagem;D2
Civil;CORDOALHA;Instalação das bainhas / dutos;D2
Civil;CORDOALHA;Posicionamento e fixação dos ancoragens;D2
Civil;CORDOALHA;Enfiação / passagem das cordoalhas;D2
Civil;CORDOALHA;Protensão (macaqueamento / estiramento);D2
Civil;CORDOALHA;Conferência de alongamento e cravação das cunhas;D2
Civil;CORDOALHA;Corte das pontas excedentes;D2
Civil;CORDOALHA;Injeção de nata / grauteamento das bainhas;D2
Civil;CORDOALHA;Selagem dos nichos de ancoragem;D2
Civil;CONCRETO MAGRO;Preparo e regularização da superfície;D2
Civil;CONCRETO MAGRO;Conferência de cota e nivelamento;D2
Civil;CONCRETO MAGRO;Usinagem / confecção do concreto;D2
Civil;CONCRETO MAGRO;Transporte do concreto;D2
Civil;CONCRETO MAGRO;Lançamento e espalhamento;D2
Civil;CONCRETO MAGRO;Regularização / sarrafeamento do topo;D2
Civil;CONCRETO MAGRO;Cura;D2
Civil;ESCAVAÇÃO PARA CONCRETO MAGRO;Locação e marcação topográfica;D2
Civil;ESCAVAÇÃO PARA CONCRETO MAGRO;Escavação da cava / vala;D2
Civil;ESCAVAÇÃO PARA CONCRETO MAGRO;Retirada e bota-fora do material;D2
Civil;ESCAVAÇÃO PARA CONCRETO MAGRO;Regularização e apiloamento do fundo;D2
Civil;ESCAVAÇÃO PARA CONCRETO MAGRO;Conferência de cota e geometria;D2
Civil;ESTACA RAIZ;Perfuração em rocha;D2
Civil;ANDAIME;Montagem;PARALELO DE IBIRAÇU
Civil;CORDOALHA;Instalação das bainhas / dutos;PARALELO DE IBIRAÇU
Civil;CORDOALHA;Posicionamento e fixação dos ancoragens;PARALELO DE IBIRAÇU
Civil;CORDOALHA;Enfiação / passagem das cordoalhas;PARALELO DE IBIRAÇU
Civil;CORDOALHA;Protensão (macaqueamento / estiramento);PARALELO DE IBIRAÇU
Civil;CORDOALHA;Conferência de alongamento e cravação das cunhas;PARALELO DE IBIRAÇU
Civil;CORDOALHA;Corte das pontas excedentes;PARALELO DE IBIRAÇU
Civil;CORDOALHA;Injeção de nata / grauteamento das bainhas;PARALELO DE IBIRAÇU
Civil;CORDOALHA;Selagem dos nichos de ancoragem;PARALELO DE IBIRAÇU
Civil;CONCRETO MAGRO;Preparo e regularização da superfície;PARALELO DE IBIRAÇU
Civil;CONCRETO MAGRO;Conferência de cota e nivelamento;PARALELO DE IBIRAÇU
Civil;CONCRETO MAGRO;Usinagem / confecção do concreto;PARALELO DE IBIRAÇU
Civil;CONCRETO MAGRO;Transporte do concreto;PARALELO DE IBIRAÇU
Civil;CONCRETO MAGRO;Lançamento e espalhamento;PARALELO DE IBIRAÇU
Civil;CONCRETO MAGRO;Regularização / sarrafeamento do topo;PARALELO DE IBIRAÇU
Civil;CONCRETO MAGRO;Cura;PARALELO DE IBIRAÇU
Civil;ESCAVAÇÃO PARA CONCRETO MAGRO;Locação e marcação topográfica;PARALELO DE IBIRAÇU
Civil;ESCAVAÇÃO PARA CONCRETO MAGRO;Escavação da cava / vala;PARALELO DE IBIRAÇU
Civil;ESCAVAÇÃO PARA CONCRETO MAGRO;Retirada e bota-fora do material;PARALELO DE IBIRAÇU
Civil;ESCAVAÇÃO PARA CONCRETO MAGRO;Regularização e apiloamento do fundo;PARALELO DE IBIRAÇU
Civil;ESCAVAÇÃO PARA CONCRETO MAGRO;Conferência de cota e geometria;PARALELO DE IBIRAÇU
Civil;ESTACA RAIZ;Perfuração em rocha;PARALELO DE IBIRAÇU
Civil;ANDAIME;Montagem;PÁTIO DE VIGAS
Civil;CORDOALHA;Instalação das bainhas / dutos;PÁTIO DE VIGAS
Civil;CORDOALHA;Posicionamento e fixação dos ancoragens;PÁTIO DE VIGAS
Civil;CORDOALHA;Enfiação / passagem das cordoalhas;PÁTIO DE VIGAS
Civil;CORDOALHA;Protensão (macaqueamento / estiramento);PÁTIO DE VIGAS
Civil;CORDOALHA;Conferência de alongamento e cravação das cunhas;PÁTIO DE VIGAS
Civil;CORDOALHA;Corte das pontas excedentes;PÁTIO DE VIGAS
Civil;CORDOALHA;Injeção de nata / grauteamento das bainhas;PÁTIO DE VIGAS
Civil;CORDOALHA;Selagem dos nichos de ancoragem;PÁTIO DE VIGAS
Civil;CONCRETO MAGRO;Preparo e regularização da superfície;PÁTIO DE VIGAS
Civil;CONCRETO MAGRO;Conferência de cota e nivelamento;PÁTIO DE VIGAS
Civil;CONCRETO MAGRO;Usinagem / confecção do concreto;PÁTIO DE VIGAS
Civil;CONCRETO MAGRO;Transporte do concreto;PÁTIO DE VIGAS
Civil;CONCRETO MAGRO;Lançamento e espalhamento;PÁTIO DE VIGAS
Civil;CONCRETO MAGRO;Regularização / sarrafeamento do topo;PÁTIO DE VIGAS
Civil;CONCRETO MAGRO;Cura;PÁTIO DE VIGAS
Civil;ESCAVAÇÃO PARA CONCRETO MAGRO;Locação e marcação topográfica;PÁTIO DE VIGAS
Civil;ESCAVAÇÃO PARA CONCRETO MAGRO;Escavação da cava / vala;PÁTIO DE VIGAS
Civil;ESCAVAÇÃO PARA CONCRETO MAGRO;Retirada e bota-fora do material;PÁTIO DE VIGAS
Civil;ESCAVAÇÃO PARA CONCRETO MAGRO;Regularização e apiloamento do fundo;PÁTIO DE VIGAS
Civil;ESCAVAÇÃO PARA CONCRETO MAGRO;Conferência de cota e geometria;PÁTIO DE VIGAS
Civil;ESTACA RAIZ;Perfuração em rocha;PÁTIO DE VIGAS
Civil;VIGA;Preparo de fôrma e armadura (interface);C1
Civil;VIGA;Usinagem / confecção do concreto;C1
Civil;VIGA;Lançamento do concreto;C1
Civil;VIGA;Adensamento / vibração;C1
Civil;VIGA;Cura;C1
Civil;VIGA;Desforma;C1
Civil;VIGA;Içamento e montagem / posicionamento;C1
Civil;BLOCO;BLOCO;C1
Civil;BLOCO;BLOCO;C1
Civil;BLOCO;BLOCO;C1
Civil;BLOCO;BLOCO;C1
Civil;BLOCO;BLOCO;C1
Civil;BLOCO;BLOCO;C1
Civil;BLOCO;BLOCO;C1
Civil;LONGARINAS VP;Preparo da pista / berço de fabricação;C1
Civil;LONGARINAS VP;Montagem de fôrma e armadura;C1
Civil;LONGARINAS VP;Protensão / cordoalha (quando aplicável);C1
Civil;LONGARINAS VP;Concretagem;C1
Civil;LONGARINAS VP;Cura;C1
Civil;LONGARINAS VP;Desforma;C1
Civil;LONGARINAS VP;Transporte até o local;C1
Civil;LONGARINAS VP;Içamento e montagem sobre os apoios;C1
Civil;PRÉ-LAJES PL;Montagem de fôrma e armadura da placa;C1
Civil;PRÉ-LAJES PL;Concretagem da placa pré-moldada;C1
Civil;PRÉ-LAJES PL;Cura;C1
Civil;PRÉ-LAJES PL;Desforma;C1
Civil;PRÉ-LAJES PL;Transporte até o local;C1
Civil;PRÉ-LAJES PL;Içamento e posicionamento das pré-lajes;C1
Civil;PRÉ-LAJES PL;Escoramento provisório;C1
Civil;VIGA;Preparo de fôrma e armadura (interface);C2
Civil;VIGA;Usinagem / confecção do concreto;C2
Civil;VIGA;Lançamento do concreto;C2
Civil;VIGA;Adensamento / vibração;C2
Civil;VIGA;Cura;C2
Civil;VIGA;Desforma;C2
Civil;VIGA;Içamento e montagem / posicionamento;C2
Civil;BLOCO;BLOCO;C2
Civil;BLOCO;BLOCO;C2
Civil;BLOCO;BLOCO;C2
Civil;BLOCO;BLOCO;C2
Civil;BLOCO;BLOCO;C2
Civil;BLOCO;BLOCO;C2
Civil;BLOCO;BLOCO;C2
Civil;LONGARINAS VP;Preparo da pista / berço de fabricação;C2
Civil;LONGARINAS VP;Montagem de fôrma e armadura;C2
Civil;LONGARINAS VP;Protensão / cordoalha (quando aplicável);C2
Civil;LONGARINAS VP;Concretagem;C2
Civil;LONGARINAS VP;Cura;C2
Civil;LONGARINAS VP;Desforma;C2
Civil;LONGARINAS VP;Transporte até o local;C2
Civil;LONGARINAS VP;Içamento e montagem sobre os apoios;C2
Civil;PRÉ-LAJES PL;Montagem de fôrma e armadura da placa;C2
Civil;PRÉ-LAJES PL;Concretagem da placa pré-moldada;C2
Civil;PRÉ-LAJES PL;Cura;C2
Civil;PRÉ-LAJES PL;Desforma;C2
Civil;PRÉ-LAJES PL;Transporte até o local;C2
Civil;PRÉ-LAJES PL;Içamento e posicionamento das pré-lajes;C2
Civil;PRÉ-LAJES PL;Escoramento provisório;C2
Civil;VIGA;Preparo de fôrma e armadura (interface);C3
Civil;VIGA;Usinagem / confecção do concreto;C3
Civil;VIGA;Lançamento do concreto;C3
Civil;VIGA;Adensamento / vibração;C3
Civil;VIGA;Cura;C3
Civil;VIGA;Desforma;C3
Civil;VIGA;Içamento e montagem / posicionamento;C3
Civil;BLOCO;BLOCO;C3
Civil;BLOCO;BLOCO;C3
Civil;BLOCO;BLOCO;C3
Civil;BLOCO;BLOCO;C3
Civil;BLOCO;BLOCO;C3
Civil;BLOCO;BLOCO;C3
Civil;BLOCO;BLOCO;C3
Civil;LONGARINAS VP;Preparo da pista / berço de fabricação;C3
Civil;LONGARINAS VP;Montagem de fôrma e armadura;C3
Civil;LONGARINAS VP;Protensão / cordoalha (quando aplicável);C3
Civil;LONGARINAS VP;Concretagem;C3
Civil;LONGARINAS VP;Cura;C3
Civil;LONGARINAS VP;Desforma;C3
Civil;LONGARINAS VP;Transporte até o local;C3
Civil;LONGARINAS VP;Içamento e montagem sobre os apoios;C3
Civil;PRÉ-LAJES PL;Montagem de fôrma e armadura da placa;C3
Civil;PRÉ-LAJES PL;Concretagem da placa pré-moldada;C3
Civil;PRÉ-LAJES PL;Cura;C3
Civil;PRÉ-LAJES PL;Desforma;C3
Civil;PRÉ-LAJES PL;Transporte até o local;C3
Civil;PRÉ-LAJES PL;Içamento e posicionamento das pré-lajes;C3
Civil;PRÉ-LAJES PL;Escoramento provisório;C3
Civil;VIGA;Preparo de fôrma e armadura (interface);C4
Civil;VIGA;Usinagem / confecção do concreto;C4
Civil;VIGA;Lançamento do concreto;C4
Civil;VIGA;Adensamento / vibração;C4
Civil;VIGA;Cura;C4
Civil;VIGA;Desforma;C4
Civil;VIGA;Içamento e montagem / posicionamento;C4
Civil;BLOCO;BLOCO;C4
Civil;BLOCO;BLOCO;C4
Civil;BLOCO;BLOCO;C4
Civil;BLOCO;BLOCO;C4
Civil;BLOCO;BLOCO;C4
Civil;BLOCO;BLOCO;C4
Civil;BLOCO;BLOCO;C4
Civil;LONGARINAS VP;Preparo da pista / berço de fabricação;C4
Civil;LONGARINAS VP;Montagem de fôrma e armadura;C4
Civil;LONGARINAS VP;Protensão / cordoalha (quando aplicável);C4
Civil;LONGARINAS VP;Concretagem;C4
Civil;LONGARINAS VP;Cura;C4
Civil;LONGARINAS VP;Desforma;C4
Civil;LONGARINAS VP;Transporte até o local;C4
Civil;LONGARINAS VP;Içamento e montagem sobre os apoios;C4
Civil;PRÉ-LAJES PL;Montagem de fôrma e armadura da placa;C4
Civil;PRÉ-LAJES PL;Concretagem da placa pré-moldada;C4
Civil;PRÉ-LAJES PL;Cura;C4
Civil;PRÉ-LAJES PL;Desforma;C4
Civil;PRÉ-LAJES PL;Transporte até o local;C4
Civil;PRÉ-LAJES PL;Içamento e posicionamento das pré-lajes;C4
Civil;PRÉ-LAJES PL;Escoramento provisório;C4
Civil;VIGA;Preparo de fôrma e armadura (interface);CANTEIRO INDUSTRIAL
Civil;VIGA;Usinagem / confecção do concreto;CANTEIRO INDUSTRIAL
Civil;VIGA;Lançamento do concreto;CANTEIRO INDUSTRIAL
Civil;VIGA;Adensamento / vibração;CANTEIRO INDUSTRIAL
Civil;VIGA;Cura;CANTEIRO INDUSTRIAL
Civil;VIGA;Desforma;CANTEIRO INDUSTRIAL
Civil;VIGA;Içamento e montagem / posicionamento;CANTEIRO INDUSTRIAL
Civil;BLOCO;BLOCO;CANTEIRO INDUSTRIAL
Civil;BLOCO;BLOCO;CANTEIRO INDUSTRIAL
Civil;BLOCO;BLOCO;CANTEIRO INDUSTRIAL
Civil;BLOCO;BLOCO;CANTEIRO INDUSTRIAL
Civil;BLOCO;BLOCO;CANTEIRO INDUSTRIAL
Civil;BLOCO;BLOCO;CANTEIRO INDUSTRIAL
Civil;BLOCO;BLOCO;CANTEIRO INDUSTRIAL
Civil;LONGARINAS VP;Preparo da pista / berço de fabricação;CANTEIRO INDUSTRIAL
Civil;LONGARINAS VP;Montagem de fôrma e armadura;CANTEIRO INDUSTRIAL
Civil;LONGARINAS VP;Protensão / cordoalha (quando aplicável);CANTEIRO INDUSTRIAL
Civil;LONGARINAS VP;Concretagem;CANTEIRO INDUSTRIAL
Civil;LONGARINAS VP;Cura;CANTEIRO INDUSTRIAL
Civil;LONGARINAS VP;Desforma;CANTEIRO INDUSTRIAL
Civil;LONGARINAS VP;Transporte até o local;CANTEIRO INDUSTRIAL
Civil;LONGARINAS VP;Içamento e montagem sobre os apoios;CANTEIRO INDUSTRIAL
Civil;PRÉ-LAJES PL;Montagem de fôrma e armadura da placa;CANTEIRO INDUSTRIAL
Civil;PRÉ-LAJES PL;Concretagem da placa pré-moldada;CANTEIRO INDUSTRIAL
Civil;PRÉ-LAJES PL;Cura;CANTEIRO INDUSTRIAL
Civil;PRÉ-LAJES PL;Desforma;CANTEIRO INDUSTRIAL
Civil;PRÉ-LAJES PL;Transporte até o local;CANTEIRO INDUSTRIAL
Civil;PRÉ-LAJES PL;Içamento e posicionamento das pré-lajes;CANTEIRO INDUSTRIAL
Civil;PRÉ-LAJES PL;Escoramento provisório;CANTEIRO INDUSTRIAL
Civil;VIGA;Preparo de fôrma e armadura (interface);CONTORNO DE FUNDÃO
Civil;VIGA;Usinagem / confecção do concreto;CONTORNO DE FUNDÃO
Civil;VIGA;Lançamento do concreto;CONTORNO DE FUNDÃO
Civil;VIGA;Adensamento / vibração;CONTORNO DE FUNDÃO
Civil;VIGA;Cura;CONTORNO DE FUNDÃO
Civil;VIGA;Desforma;CONTORNO DE FUNDÃO
Civil;VIGA;Içamento e montagem / posicionamento;CONTORNO DE FUNDÃO
Civil;BLOCO;BLOCO;CONTORNO DE FUNDÃO
Civil;BLOCO;BLOCO;CONTORNO DE FUNDÃO
Civil;BLOCO;BLOCO;CONTORNO DE FUNDÃO
Civil;BLOCO;BLOCO;CONTORNO DE FUNDÃO
Civil;BLOCO;BLOCO;CONTORNO DE FUNDÃO
Civil;BLOCO;BLOCO;CONTORNO DE FUNDÃO
Civil;BLOCO;BLOCO;CONTORNO DE FUNDÃO
Civil;LONGARINAS VP;Preparo da pista / berço de fabricação;CONTORNO DE FUNDÃO
Civil;LONGARINAS VP;Montagem de fôrma e armadura;CONTORNO DE FUNDÃO
Civil;LONGARINAS VP;Protensão / cordoalha (quando aplicável);CONTORNO DE FUNDÃO
Civil;LONGARINAS VP;Concretagem;CONTORNO DE FUNDÃO
Civil;LONGARINAS VP;Cura;CONTORNO DE FUNDÃO
Civil;LONGARINAS VP;Desforma;CONTORNO DE FUNDÃO
Civil;LONGARINAS VP;Transporte até o local;CONTORNO DE FUNDÃO
Civil;LONGARINAS VP;Içamento e montagem sobre os apoios;CONTORNO DE FUNDÃO
Civil;PRÉ-LAJES PL;Montagem de fôrma e armadura da placa;CONTORNO DE FUNDÃO
Civil;PRÉ-LAJES PL;Concretagem da placa pré-moldada;CONTORNO DE FUNDÃO
Civil;PRÉ-LAJES PL;Cura;CONTORNO DE FUNDÃO
Civil;PRÉ-LAJES PL;Desforma;CONTORNO DE FUNDÃO
Civil;PRÉ-LAJES PL;Transporte até o local;CONTORNO DE FUNDÃO
Civil;PRÉ-LAJES PL;Içamento e posicionamento das pré-lajes;CONTORNO DE FUNDÃO
Civil;PRÉ-LAJES PL;Escoramento provisório;CONTORNO DE FUNDÃO
Civil;VIGA;Preparo de fôrma e armadura (interface);CONTORNO DE IBIRAÇU
Civil;VIGA;Usinagem / confecção do concreto;CONTORNO DE IBIRAÇU
Civil;VIGA;Lançamento do concreto;CONTORNO DE IBIRAÇU
Civil;VIGA;Adensamento / vibração;CONTORNO DE IBIRAÇU
Civil;VIGA;Cura;CONTORNO DE IBIRAÇU
Civil;VIGA;Desforma;CONTORNO DE IBIRAÇU
Civil;VIGA;Içamento e montagem / posicionamento;CONTORNO DE IBIRAÇU
Civil;BLOCO;BLOCO;CONTORNO DE IBIRAÇU
Civil;BLOCO;BLOCO;CONTORNO DE IBIRAÇU
Civil;BLOCO;BLOCO;CONTORNO DE IBIRAÇU
Civil;BLOCO;BLOCO;CONTORNO DE IBIRAÇU
Civil;BLOCO;BLOCO;CONTORNO DE IBIRAÇU
Civil;BLOCO;BLOCO;CONTORNO DE IBIRAÇU
Civil;BLOCO;BLOCO;CONTORNO DE IBIRAÇU
Civil;LONGARINAS VP;Preparo da pista / berço de fabricação;CONTORNO DE IBIRAÇU
Civil;LONGARINAS VP;Montagem de fôrma e armadura;CONTORNO DE IBIRAÇU
Civil;LONGARINAS VP;Protensão / cordoalha (quando aplicável);CONTORNO DE IBIRAÇU
Civil;LONGARINAS VP;Concretagem;CONTORNO DE IBIRAÇU
Civil;LONGARINAS VP;Cura;CONTORNO DE IBIRAÇU
Civil;LONGARINAS VP;Desforma;CONTORNO DE IBIRAÇU
Civil;LONGARINAS VP;Transporte até o local;CONTORNO DE IBIRAÇU
Civil;LONGARINAS VP;Içamento e montagem sobre os apoios;CONTORNO DE IBIRAÇU
Civil;PRÉ-LAJES PL;Montagem de fôrma e armadura da placa;CONTORNO DE IBIRAÇU
Civil;PRÉ-LAJES PL;Concretagem da placa pré-moldada;CONTORNO DE IBIRAÇU
Civil;PRÉ-LAJES PL;Cura;CONTORNO DE IBIRAÇU
Civil;PRÉ-LAJES PL;Desforma;CONTORNO DE IBIRAÇU
Civil;PRÉ-LAJES PL;Transporte até o local;CONTORNO DE IBIRAÇU
Civil;PRÉ-LAJES PL;Içamento e posicionamento das pré-lajes;CONTORNO DE IBIRAÇU
Civil;PRÉ-LAJES PL;Escoramento provisório;CONTORNO DE IBIRAÇU
Civil;VIGA;Preparo de fôrma e armadura (interface);D2
Civil;VIGA;Usinagem / confecção do concreto;D2
Civil;VIGA;Lançamento do concreto;D2
Civil;VIGA;Adensamento / vibração;D2
Civil;VIGA;Cura;D2
Civil;VIGA;Desforma;D2
Civil;VIGA;Içamento e montagem / posicionamento;D2
Civil;BLOCO;BLOCO;D2
Civil;BLOCO;BLOCO;D2
Civil;BLOCO;BLOCO;D2
Civil;BLOCO;BLOCO;D2
Civil;BLOCO;BLOCO;D2
Civil;BLOCO;BLOCO;D2
Civil;BLOCO;BLOCO;D2
Civil;LONGARINAS VP;Preparo da pista / berço de fabricação;D2
Civil;LONGARINAS VP;Montagem de fôrma e armadura;D2
Civil;LONGARINAS VP;Protensão / cordoalha (quando aplicável);D2
Civil;LONGARINAS VP;Concretagem;D2
Civil;LONGARINAS VP;Cura;D2
Civil;LONGARINAS VP;Desforma;D2
Civil;LONGARINAS VP;Transporte até o local;D2
Civil;LONGARINAS VP;Içamento e montagem sobre os apoios;D2
Civil;PRÉ-LAJES PL;Montagem de fôrma e armadura da placa;D2
Civil;PRÉ-LAJES PL;Concretagem da placa pré-moldada;D2
Civil;PRÉ-LAJES PL;Cura;D2
Civil;PRÉ-LAJES PL;Desforma;D2
Civil;PRÉ-LAJES PL;Transporte até o local;D2
Civil;PRÉ-LAJES PL;Içamento e posicionamento das pré-lajes;D2
Civil;PRÉ-LAJES PL;Escoramento provisório;D2
Civil;VIGA;Preparo de fôrma e armadura (interface);PARALELO DE IBIRAÇU
Civil;VIGA;Usinagem / confecção do concreto;PARALELO DE IBIRAÇU
Civil;VIGA;Lançamento do concreto;PARALELO DE IBIRAÇU
Civil;VIGA;Adensamento / vibração;PARALELO DE IBIRAÇU
Civil;VIGA;Cura;PARALELO DE IBIRAÇU
Civil;VIGA;Desforma;PARALELO DE IBIRAÇU
Civil;VIGA;Içamento e montagem / posicionamento;PARALELO DE IBIRAÇU
Civil;BLOCO;BLOCO;PARALELO DE IBIRAÇU
Civil;BLOCO;BLOCO;PARALELO DE IBIRAÇU
Civil;BLOCO;BLOCO;PARALELO DE IBIRAÇU
Civil;BLOCO;BLOCO;PARALELO DE IBIRAÇU
Civil;BLOCO;BLOCO;PARALELO DE IBIRAÇU
Civil;BLOCO;BLOCO;PARALELO DE IBIRAÇU
Civil;BLOCO;BLOCO;PARALELO DE IBIRAÇU
Civil;LONGARINAS VP;Preparo da pista / berço de fabricação;PARALELO DE IBIRAÇU
Civil;LONGARINAS VP;Montagem de fôrma e armadura;PARALELO DE IBIRAÇU
Civil;LONGARINAS VP;Protensão / cordoalha (quando aplicável);PARALELO DE IBIRAÇU
Civil;LONGARINAS VP;Concretagem;PARALELO DE IBIRAÇU
Civil;LONGARINAS VP;Cura;PARALELO DE IBIRAÇU
Civil;LONGARINAS VP;Desforma;PARALELO DE IBIRAÇU
Civil;LONGARINAS VP;Transporte até o local;PARALELO DE IBIRAÇU
Civil;LONGARINAS VP;Içamento e montagem sobre os apoios;PARALELO DE IBIRAÇU
Civil;PRÉ-LAJES PL;Montagem de fôrma e armadura da placa;PARALELO DE IBIRAÇU
Civil;PRÉ-LAJES PL;Concretagem da placa pré-moldada;PARALELO DE IBIRAÇU
Civil;PRÉ-LAJES PL;Cura;PARALELO DE IBIRAÇU
Civil;PRÉ-LAJES PL;Desforma;PARALELO DE IBIRAÇU
Civil;PRÉ-LAJES PL;Transporte até o local;PARALELO DE IBIRAÇU
Civil;PRÉ-LAJES PL;Içamento e posicionamento das pré-lajes;PARALELO DE IBIRAÇU
Civil;PRÉ-LAJES PL;Escoramento provisório;PARALELO DE IBIRAÇU
Civil;VIGA;Preparo de fôrma e armadura (interface);PÁTIO DE VIGAS
Civil;VIGA;Usinagem / confecção do concreto;PÁTIO DE VIGAS
Civil;VIGA;Lançamento do concreto;PÁTIO DE VIGAS
Civil;VIGA;Adensamento / vibração;PÁTIO DE VIGAS
Civil;VIGA;Cura;PÁTIO DE VIGAS
Civil;VIGA;Desforma;PÁTIO DE VIGAS
Civil;VIGA;Içamento e montagem / posicionamento;PÁTIO DE VIGAS
Civil;BLOCO;BLOCO;PÁTIO DE VIGAS
Civil;BLOCO;BLOCO;PÁTIO DE VIGAS
Civil;BLOCO;BLOCO;PÁTIO DE VIGAS
Civil;BLOCO;BLOCO;PÁTIO DE VIGAS
Civil;BLOCO;BLOCO;PÁTIO DE VIGAS
Civil;BLOCO;BLOCO;PÁTIO DE VIGAS
Civil;BLOCO;BLOCO;PÁTIO DE VIGAS
Civil;LONGARINAS VP;Preparo da pista / berço de fabricação;PÁTIO DE VIGAS
Civil;LONGARINAS VP;Montagem de fôrma e armadura;PÁTIO DE VIGAS
Civil;LONGARINAS VP;Protensão / cordoalha (quando aplicável);PÁTIO DE VIGAS
Civil;LONGARINAS VP;Concretagem;PÁTIO DE VIGAS
Civil;LONGARINAS VP;Cura;PÁTIO DE VIGAS
Civil;LONGARINAS VP;Desforma;PÁTIO DE VIGAS
Civil;LONGARINAS VP;Transporte até o local;PÁTIO DE VIGAS
Civil;LONGARINAS VP;Içamento e montagem sobre os apoios;PÁTIO DE VIGAS
Civil;PRÉ-LAJES PL;Montagem de fôrma e armadura da placa;PÁTIO DE VIGAS
Civil;PRÉ-LAJES PL;Concretagem da placa pré-moldada;PÁTIO DE VIGAS
Civil;PRÉ-LAJES PL;Cura;PÁTIO DE VIGAS
Civil;PRÉ-LAJES PL;Desforma;PÁTIO DE VIGAS
Civil;PRÉ-LAJES PL;Transporte até o local;PÁTIO DE VIGAS
Civil;PRÉ-LAJES PL;Içamento e posicionamento das pré-lajes;PÁTIO DE VIGAS
Civil;PRÉ-LAJES PL;Escoramento provisório;PÁTIO DE VIGAS
Drenagem;BÁCIA DE CAPTAÇÃO;Escavação da bacia;D2
Drenagem;BÁCIA DE CAPTAÇÃO;Regularização do fundo;D2
Drenagem;BÁCIA DE CAPTAÇÃO;Assentamento de pedra argamassada;D2
Drenagem;BÁCIA DE CAPTAÇÃO;Rejuntamento com argamassa;D2
Drenagem;BÁCIA DE CAPTAÇÃO;Acabamento;D2
Drenagem;BÁCIA DE CAPTAÇÃO;Cura;D2
Drenagem;BOCA DE BUEIRO CELULAR;Escavação e regularização da fundação;C1
Drenagem;BOCA DE BUEIRO CELULAR;Lastro de brita / concreto magro;C1
Drenagem;BOCA DE BUEIRO CELULAR;Armação;C1
Drenagem;BOCA DE BUEIRO CELULAR;Fôrma;C1
Drenagem;BOCA DE BUEIRO CELULAR;Concretagem das alas e soleira;C1
Drenagem;BOCA DE BUEIRO CELULAR;Acabamento;C1
Drenagem;BOCA DE BUEIRO CELULAR;Cura;C1
Drenagem;BOCA DE BUEIRO CELULAR;Reaterro e compactação;C1
Drenagem;BOCA DE BUEIRO CELULAR;Escavação e regularização da fundação;C2
Drenagem;BOCA DE BUEIRO CELULAR;Lastro de brita / concreto magro;C2
Drenagem;BOCA DE BUEIRO CELULAR;Armação;C2
Drenagem;BOCA DE BUEIRO CELULAR;Fôrma;C2
Drenagem;BOCA DE BUEIRO CELULAR;Concretagem das alas e soleira;C2
Drenagem;BOCA DE BUEIRO CELULAR;Acabamento;C2
Drenagem;BOCA DE BUEIRO CELULAR;Cura;C2
Drenagem;BOCA DE BUEIRO CELULAR;Reaterro e compactação;C2
Drenagem;BOCA DE BUEIRO CELULAR;Escavação e regularização da fundação;C3
Drenagem;BOCA DE BUEIRO CELULAR;Lastro de brita / concreto magro;C3
Drenagem;BOCA DE BUEIRO CELULAR;Armação;C3
Drenagem;BOCA DE BUEIRO CELULAR;Fôrma;C3
Drenagem;BOCA DE BUEIRO CELULAR;Concretagem das alas e soleira;C3
Drenagem;BOCA DE BUEIRO CELULAR;Acabamento;C3
Drenagem;BOCA DE BUEIRO CELULAR;Cura;C3
Drenagem;BOCA DE BUEIRO CELULAR;Reaterro e compactação;C3
Drenagem;BOCA DE BUEIRO CELULAR;Escavação e regularização da fundação;C4
Drenagem;BOCA DE BUEIRO CELULAR;Lastro de brita / concreto magro;C4
Drenagem;BOCA DE BUEIRO CELULAR;Armação;C4
Drenagem;BOCA DE BUEIRO CELULAR;Fôrma;C4
Drenagem;BOCA DE BUEIRO CELULAR;Concretagem das alas e soleira;C4
Drenagem;BOCA DE BUEIRO CELULAR;Acabamento;C4
Drenagem;BOCA DE BUEIRO CELULAR;Cura;C4
Drenagem;BOCA DE BUEIRO CELULAR;Reaterro e compactação;C4
Drenagem;BOCA DE BUEIRO CELULAR;Escavação e regularização da fundação;CANTEIRO INDUSTRIAL
Drenagem;BOCA DE BUEIRO CELULAR;Lastro de brita / concreto magro;CANTEIRO INDUSTRIAL
Drenagem;BOCA DE BUEIRO CELULAR;Armação;CANTEIRO INDUSTRIAL
Drenagem;BOCA DE BUEIRO CELULAR;Fôrma;CANTEIRO INDUSTRIAL
Drenagem;BOCA DE BUEIRO CELULAR;Concretagem das alas e soleira;CANTEIRO INDUSTRIAL
Drenagem;BOCA DE BUEIRO CELULAR;Acabamento;CANTEIRO INDUSTRIAL
Drenagem;BOCA DE BUEIRO CELULAR;Cura;CANTEIRO INDUSTRIAL
Drenagem;BOCA DE BUEIRO CELULAR;Reaterro e compactação;CANTEIRO INDUSTRIAL
Drenagem;BOCA DE BUEIRO CELULAR;Escavação e regularização da fundação;CONTORNO DE FUNDÃO
Drenagem;BOCA DE BUEIRO CELULAR;Lastro de brita / concreto magro;CONTORNO DE FUNDÃO
Drenagem;BOCA DE BUEIRO CELULAR;Armação;CONTORNO DE FUNDÃO
Drenagem;BOCA DE BUEIRO CELULAR;Fôrma;CONTORNO DE FUNDÃO
Drenagem;BOCA DE BUEIRO CELULAR;Concretagem das alas e soleira;CONTORNO DE FUNDÃO
Drenagem;BOCA DE BUEIRO CELULAR;Acabamento;CONTORNO DE FUNDÃO
Drenagem;BOCA DE BUEIRO CELULAR;Cura;CONTORNO DE FUNDÃO
Drenagem;BOCA DE BUEIRO CELULAR;Reaterro e compactação;CONTORNO DE FUNDÃO
Drenagem;BOCA DE BUEIRO CELULAR;Escavação e regularização da fundação;CONTORNO DE IBIRAÇU
Drenagem;BOCA DE BUEIRO CELULAR;Lastro de brita / concreto magro;CONTORNO DE IBIRAÇU
Drenagem;BOCA DE BUEIRO CELULAR;Armação;CONTORNO DE IBIRAÇU
Drenagem;BOCA DE BUEIRO CELULAR;Fôrma;CONTORNO DE IBIRAÇU
Drenagem;BOCA DE BUEIRO CELULAR;Concretagem das alas e soleira;CONTORNO DE IBIRAÇU
Drenagem;BOCA DE BUEIRO CELULAR;Acabamento;CONTORNO DE IBIRAÇU
Drenagem;BOCA DE BUEIRO CELULAR;Cura;CONTORNO DE IBIRAÇU
Drenagem;BOCA DE BUEIRO CELULAR;Reaterro e compactação;CONTORNO DE IBIRAÇU
Drenagem;BOCA DE BUEIRO CELULAR;Escavação e regularização da fundação;D2
Drenagem;BOCA DE BUEIRO CELULAR;Lastro de brita / concreto magro;D2
Drenagem;BOCA DE BUEIRO CELULAR;Armação;D2
Drenagem;BOCA DE BUEIRO CELULAR;Fôrma;D2
Drenagem;BOCA DE BUEIRO CELULAR;Concretagem das alas e soleira;D2
Drenagem;BOCA DE BUEIRO CELULAR;Acabamento;D2
Drenagem;BOCA DE BUEIRO CELULAR;Cura;D2
Drenagem;BOCA DE BUEIRO CELULAR;Reaterro e compactação;D2
Drenagem;BOCA DE BUEIRO CELULAR;Escavação e regularização da fundação;PARALELO DE IBIRAÇU
Drenagem;BOCA DE BUEIRO CELULAR;Lastro de brita / concreto magro;PARALELO DE IBIRAÇU
Drenagem;BOCA DE BUEIRO CELULAR;Armação;PARALELO DE IBIRAÇU
Drenagem;BOCA DE BUEIRO CELULAR;Fôrma;PARALELO DE IBIRAÇU
Drenagem;BOCA DE BUEIRO CELULAR;Concretagem das alas e soleira;PARALELO DE IBIRAÇU
Drenagem;BOCA DE BUEIRO CELULAR;Acabamento;PARALELO DE IBIRAÇU
Drenagem;BOCA DE BUEIRO CELULAR;Cura;PARALELO DE IBIRAÇU
Drenagem;BOCA DE BUEIRO CELULAR;Reaterro e compactação;PARALELO DE IBIRAÇU
Drenagem;BOCA DE BUEIRO CELULAR;Escavação e regularização da fundação;PÁTIO DE VIGAS
Drenagem;BOCA DE BUEIRO CELULAR;Lastro de brita / concreto magro;PÁTIO DE VIGAS
Drenagem;BOCA DE BUEIRO CELULAR;Armação;PÁTIO DE VIGAS
Drenagem;BOCA DE BUEIRO CELULAR;Fôrma;PÁTIO DE VIGAS
Drenagem;BOCA DE BUEIRO CELULAR;Concretagem das alas e soleira;PÁTIO DE VIGAS
Drenagem;BOCA DE BUEIRO CELULAR;Acabamento;PÁTIO DE VIGAS
Drenagem;BOCA DE BUEIRO CELULAR;Cura;PÁTIO DE VIGAS
Drenagem;BOCA DE BUEIRO CELULAR;Reaterro e compactação;PÁTIO DE VIGAS
Drenagem;BOCA DE BUEIRO TUBULAR;Locação topográfica;C1
Drenagem;BOCA DE BUEIRO TUBULAR;Escavação da vala;C1
Drenagem;BOCA DE BUEIRO TUBULAR;Regularização e apiloamento do fundo;C1
Drenagem;BOCA DE BUEIRO TUBULAR;Execução do berço / lastro de concreto;C1
Drenagem;BOCA DE BUEIRO TUBULAR;Assentamento dos tubos (BSTC);C1
Drenagem;BOCA DE BUEIRO TUBULAR;Rejuntamento das juntas;C1
Drenagem;BOCA DE BUEIRO TUBULAR;Reaterro e compactação em camadas;C1
Drenagem;BOCA DE BUEIRO TUBULAR;Locação topográfica;C2
Drenagem;BOCA DE BUEIRO TUBULAR;Escavação da vala;C2
Drenagem;BOCA DE BUEIRO TUBULAR;Regularização e apiloamento do fundo;C2
Drenagem;BOCA DE BUEIRO TUBULAR;Execução do berço / lastro de concreto;C2
Drenagem;BOCA DE BUEIRO TUBULAR;Assentamento dos tubos (BSTC);C2
Drenagem;BOCA DE BUEIRO TUBULAR;Rejuntamento das juntas;C2
Drenagem;BOCA DE BUEIRO TUBULAR;Reaterro e compactação em camadas;C2
Drenagem;BOCA DE BUEIRO TUBULAR;Locação topográfica;C3
Drenagem;BOCA DE BUEIRO TUBULAR;Escavação da vala;C3
Drenagem;BOCA DE BUEIRO TUBULAR;Regularização e apiloamento do fundo;C3
Drenagem;BOCA DE BUEIRO TUBULAR;Execução do berço / lastro de concreto;C3
Drenagem;BOCA DE BUEIRO TUBULAR;Assentamento dos tubos (BSTC);C3
Drenagem;BOCA DE BUEIRO TUBULAR;Rejuntamento das juntas;C3
Drenagem;BOCA DE BUEIRO TUBULAR;Reaterro e compactação em camadas;C3
Drenagem;BOCA DE BUEIRO TUBULAR;Locação topográfica;C4
Drenagem;BOCA DE BUEIRO TUBULAR;Escavação da vala;C4
Drenagem;BOCA DE BUEIRO TUBULAR;Regularização e apiloamento do fundo;C4
Drenagem;BOCA DE BUEIRO TUBULAR;Execução do berço / lastro de concreto;C4
Drenagem;BOCA DE BUEIRO TUBULAR;Assentamento dos tubos (BSTC);C4
Drenagem;BOCA DE BUEIRO TUBULAR;Rejuntamento das juntas;C4
Drenagem;BOCA DE BUEIRO TUBULAR;Reaterro e compactação em camadas;C4
Drenagem;BOCA DE BUEIRO TUBULAR;Locação topográfica;CANTEIRO INDUSTRIAL
Drenagem;BOCA DE BUEIRO TUBULAR;Escavação da vala;CANTEIRO INDUSTRIAL
Drenagem;BOCA DE BUEIRO TUBULAR;Regularização e apiloamento do fundo;CANTEIRO INDUSTRIAL
Drenagem;BOCA DE BUEIRO TUBULAR;Execução do berço / lastro de concreto;CANTEIRO INDUSTRIAL
Drenagem;BOCA DE BUEIRO TUBULAR;Assentamento dos tubos (BSTC);CANTEIRO INDUSTRIAL
Drenagem;BOCA DE BUEIRO TUBULAR;Rejuntamento das juntas;CANTEIRO INDUSTRIAL
Drenagem;BOCA DE BUEIRO TUBULAR;Reaterro e compactação em camadas;CANTEIRO INDUSTRIAL
Drenagem;BOCA DE BUEIRO TUBULAR;Locação topográfica;CONTORNO DE FUNDÃO
Drenagem;BOCA DE BUEIRO TUBULAR;Escavação da vala;CONTORNO DE FUNDÃO
Drenagem;BOCA DE BUEIRO TUBULAR;Regularização e apiloamento do fundo;CONTORNO DE FUNDÃO
Drenagem;BOCA DE BUEIRO TUBULAR;Execução do berço / lastro de concreto;CONTORNO DE FUNDÃO
Drenagem;BOCA DE BUEIRO TUBULAR;Assentamento dos tubos (BSTC);CONTORNO DE FUNDÃO
Drenagem;BOCA DE BUEIRO TUBULAR;Rejuntamento das juntas;CONTORNO DE FUNDÃO
Drenagem;BOCA DE BUEIRO TUBULAR;Reaterro e compactação em camadas;CONTORNO DE FUNDÃO
Drenagem;BOCA DE BUEIRO TUBULAR;Locação topográfica;CONTORNO DE IBIRAÇU
Drenagem;BOCA DE BUEIRO TUBULAR;Escavação da vala;CONTORNO DE IBIRAÇU
Drenagem;BOCA DE BUEIRO TUBULAR;Regularização e apiloamento do fundo;CONTORNO DE IBIRAÇU
Drenagem;BOCA DE BUEIRO TUBULAR;Execução do berço / lastro de concreto;CONTORNO DE IBIRAÇU
Drenagem;BOCA DE BUEIRO TUBULAR;Assentamento dos tubos (BSTC);CONTORNO DE IBIRAÇU
Drenagem;BOCA DE BUEIRO TUBULAR;Rejuntamento das juntas;CONTORNO DE IBIRAÇU
Drenagem;BOCA DE BUEIRO TUBULAR;Reaterro e compactação em camadas;CONTORNO DE IBIRAÇU
Drenagem;BOCA DE BUEIRO TUBULAR;Locação topográfica;D2
Drenagem;BOCA DE BUEIRO TUBULAR;Escavação da vala;D2
Drenagem;BOCA DE BUEIRO TUBULAR;Regularização e apiloamento do fundo;D2
Drenagem;BOCA DE BUEIRO TUBULAR;Execução do berço / lastro de concreto;D2
Drenagem;BOCA DE BUEIRO TUBULAR;Assentamento dos tubos (BSTC);D2
Drenagem;BOCA DE BUEIRO TUBULAR;Rejuntamento das juntas;D2
Drenagem;BOCA DE BUEIRO TUBULAR;Reaterro e compactação em camadas;D2
Drenagem;BOCA DE BUEIRO TUBULAR;Locação topográfica;PARALELO DE IBIRAÇU
Drenagem;BOCA DE BUEIRO TUBULAR;Escavação da vala;PARALELO DE IBIRAÇU
Drenagem;BOCA DE BUEIRO TUBULAR;Regularização e apiloamento do fundo;PARALELO DE IBIRAÇU
Drenagem;BOCA DE BUEIRO TUBULAR;Execução do berço / lastro de concreto;PARALELO DE IBIRAÇU
Drenagem;BOCA DE BUEIRO TUBULAR;Assentamento dos tubos (BSTC);PARALELO DE IBIRAÇU
Drenagem;BOCA DE BUEIRO TUBULAR;Rejuntamento das juntas;PARALELO DE IBIRAÇU
Drenagem;BOCA DE BUEIRO TUBULAR;Reaterro e compactação em camadas;PARALELO DE IBIRAÇU
Drenagem;BOCA DE BUEIRO TUBULAR;Locação topográfica;PÁTIO DE VIGAS
Drenagem;BOCA DE BUEIRO TUBULAR;Escavação da vala;PÁTIO DE VIGAS
Drenagem;BOCA DE BUEIRO TUBULAR;Regularização e apiloamento do fundo;PÁTIO DE VIGAS
Drenagem;BOCA DE BUEIRO TUBULAR;Execução do berço / lastro de concreto;PÁTIO DE VIGAS
Drenagem;BOCA DE BUEIRO TUBULAR;Assentamento dos tubos (BSTC);PÁTIO DE VIGAS
Drenagem;BOCA DE BUEIRO TUBULAR;Rejuntamento das juntas;PÁTIO DE VIGAS
Drenagem;BOCA DE BUEIRO TUBULAR;Reaterro e compactação em camadas;PÁTIO DE VIGAS
Drenagem;BUEIRO TUBULAR;Locação topográfica;C1
Drenagem;BUEIRO TUBULAR;Escavação da vala;C1
Drenagem;BUEIRO TUBULAR;Regularização e apiloamento do fundo;C1
Drenagem;BUEIRO TUBULAR;Execução do berço / lastro de concreto;C1
Drenagem;BUEIRO TUBULAR;Assentamento dos tubos (BSTC);C1
Drenagem;BUEIRO TUBULAR;Rejuntamento das juntas;C1
Drenagem;BUEIRO TUBULAR;Reaterro e compactação em camadas;C1
Drenagem;BUEIRO TUBULAR;Locação topográfica;C2
Drenagem;BUEIRO TUBULAR;Escavação da vala;C2
Drenagem;BUEIRO TUBULAR;Regularização e apiloamento do fundo;C2
Drenagem;BUEIRO TUBULAR;Execução do berço / lastro de concreto;C2
Drenagem;BUEIRO TUBULAR;Assentamento dos tubos (BSTC);C2
Drenagem;BUEIRO TUBULAR;Rejuntamento das juntas;C2
Drenagem;BUEIRO TUBULAR;Reaterro e compactação em camadas;C2
Drenagem;BUEIRO TUBULAR;Locação topográfica;C3
Drenagem;BUEIRO TUBULAR;Escavação da vala;C3
Drenagem;BUEIRO TUBULAR;Regularização e apiloamento do fundo;C3
Drenagem;BUEIRO TUBULAR;Execução do berço / lastro de concreto;C3
Drenagem;BUEIRO TUBULAR;Assentamento dos tubos (BSTC);C3
Drenagem;BUEIRO TUBULAR;Rejuntamento das juntas;C3
Drenagem;BUEIRO TUBULAR;Reaterro e compactação em camadas;C3
Drenagem;BUEIRO TUBULAR;Locação topográfica;C4
Drenagem;BUEIRO TUBULAR;Escavação da vala;C4
Drenagem;BUEIRO TUBULAR;Regularização e apiloamento do fundo;C4
Drenagem;BUEIRO TUBULAR;Execução do berço / lastro de concreto;C4
Drenagem;BUEIRO TUBULAR;Assentamento dos tubos (BSTC);C4
Drenagem;BUEIRO TUBULAR;Rejuntamento das juntas;C4
Drenagem;BUEIRO TUBULAR;Reaterro e compactação em camadas;C4
Drenagem;BUEIRO TUBULAR;Locação topográfica;CANTEIRO INDUSTRIAL
Drenagem;BUEIRO TUBULAR;Escavação da vala;CANTEIRO INDUSTRIAL
Drenagem;BUEIRO TUBULAR;Regularização e apiloamento do fundo;CANTEIRO INDUSTRIAL
Drenagem;BUEIRO TUBULAR;Execução do berço / lastro de concreto;CANTEIRO INDUSTRIAL
Drenagem;BUEIRO TUBULAR;Assentamento dos tubos (BSTC);CANTEIRO INDUSTRIAL
Drenagem;BUEIRO TUBULAR;Rejuntamento das juntas;CANTEIRO INDUSTRIAL
Drenagem;BUEIRO TUBULAR;Reaterro e compactação em camadas;CANTEIRO INDUSTRIAL
Drenagem;BUEIRO TUBULAR;Locação topográfica;CONTORNO DE FUNDÃO
Drenagem;BUEIRO TUBULAR;Escavação da vala;CONTORNO DE FUNDÃO
Drenagem;BUEIRO TUBULAR;Regularização e apiloamento do fundo;CONTORNO DE FUNDÃO
Drenagem;BUEIRO TUBULAR;Execução do berço / lastro de concreto;CONTORNO DE FUNDÃO
Drenagem;BUEIRO TUBULAR;Assentamento dos tubos (BSTC);CONTORNO DE FUNDÃO
Drenagem;BUEIRO TUBULAR;Rejuntamento das juntas;CONTORNO DE FUNDÃO
Drenagem;BUEIRO TUBULAR;Reaterro e compactação em camadas;CONTORNO DE FUNDÃO
Drenagem;BUEIRO TUBULAR;Locação topográfica;CONTORNO DE IBIRAÇU
Drenagem;BUEIRO TUBULAR;Escavação da vala;CONTORNO DE IBIRAÇU
Drenagem;BUEIRO TUBULAR;Regularização e apiloamento do fundo;CONTORNO DE IBIRAÇU
Drenagem;BUEIRO TUBULAR;Execução do berço / lastro de concreto;CONTORNO DE IBIRAÇU
Drenagem;BUEIRO TUBULAR;Assentamento dos tubos (BSTC);CONTORNO DE IBIRAÇU
Drenagem;BUEIRO TUBULAR;Rejuntamento das juntas;CONTORNO DE IBIRAÇU
Drenagem;BUEIRO TUBULAR;Reaterro e compactação em camadas;CONTORNO DE IBIRAÇU
Drenagem;BUEIRO TUBULAR;Locação topográfica;D2
Drenagem;BUEIRO TUBULAR;Escavação da vala;D2
Drenagem;BUEIRO TUBULAR;Regularização e apiloamento do fundo;D2
Drenagem;BUEIRO TUBULAR;Execução do berço / lastro de concreto;D2
Drenagem;BUEIRO TUBULAR;Assentamento dos tubos (BSTC);D2
Drenagem;BUEIRO TUBULAR;Rejuntamento das juntas;D2
Drenagem;BUEIRO TUBULAR;Reaterro e compactação em camadas;D2
Drenagem;BUEIRO TUBULAR;Locação topográfica;PARALELO DE IBIRAÇU
Drenagem;BUEIRO TUBULAR;Escavação da vala;PARALELO DE IBIRAÇU
Drenagem;BUEIRO TUBULAR;Regularização e apiloamento do fundo;PARALELO DE IBIRAÇU
Drenagem;BUEIRO TUBULAR;Execução do berço / lastro de concreto;PARALELO DE IBIRAÇU
Drenagem;BUEIRO TUBULAR;Assentamento dos tubos (BSTC);PARALELO DE IBIRAÇU
Drenagem;BUEIRO TUBULAR;Rejuntamento das juntas;PARALELO DE IBIRAÇU
Drenagem;BUEIRO TUBULAR;Reaterro e compactação em camadas;PARALELO DE IBIRAÇU
Drenagem;BUEIRO TUBULAR;Locação topográfica;PÁTIO DE VIGAS
Drenagem;BUEIRO TUBULAR;Escavação da vala;PÁTIO DE VIGAS
Drenagem;BUEIRO TUBULAR;Regularização e apiloamento do fundo;PÁTIO DE VIGAS
Drenagem;BUEIRO TUBULAR;Execução do berço / lastro de concreto;PÁTIO DE VIGAS
Drenagem;BUEIRO TUBULAR;Assentamento dos tubos (BSTC);PÁTIO DE VIGAS
Drenagem;BUEIRO TUBULAR;Rejuntamento das juntas;PÁTIO DE VIGAS
Drenagem;BUEIRO TUBULAR;Reaterro e compactação em camadas;PÁTIO DE VIGAS
Drenagem;CAIXA COLETORA;Escavação da cava;C1
Drenagem;CAIXA COLETORA;Regularização e lastro de concreto magro;C1
Drenagem;CAIXA COLETORA;Armação;C1
Drenagem;CAIXA COLETORA;Fôrma;C1
Drenagem;CAIXA COLETORA;Concretagem das paredes e fundo;C1
Drenagem;CAIXA COLETORA;Cura;C1
Drenagem;CAIXA COLETORA;Assentamento da grelha;C1
Drenagem;CAIXA COLETORA;Reaterro e compactação;C1
Drenagem;CAIXA COLETORA;Escavação da cava;C2
Drenagem;CAIXA COLETORA;Regularização e lastro de concreto magro;C2
Drenagem;CAIXA COLETORA;Armação;C2
Drenagem;CAIXA COLETORA;Fôrma;C2
Drenagem;CAIXA COLETORA;Concretagem das paredes e fundo;C2
Drenagem;CAIXA COLETORA;Cura;C2
Drenagem;CAIXA COLETORA;Assentamento da grelha;C2
Drenagem;CAIXA COLETORA;Reaterro e compactação;C2
Drenagem;CAIXA COLETORA;Escavação da cava;C3
Drenagem;CAIXA COLETORA;Regularização e lastro de concreto magro;C3
Drenagem;CAIXA COLETORA;Armação;C3
Drenagem;CAIXA COLETORA;Fôrma;C3
Drenagem;CAIXA COLETORA;Concretagem das paredes e fundo;C3
Drenagem;CAIXA COLETORA;Cura;C3
Drenagem;CAIXA COLETORA;Assentamento da grelha;C3
Drenagem;CAIXA COLETORA;Reaterro e compactação;C3
Drenagem;CAIXA COLETORA;Escavação da cava;C4
Drenagem;CAIXA COLETORA;Regularização e lastro de concreto magro;C4
Drenagem;CAIXA COLETORA;Armação;C4
Drenagem;CAIXA COLETORA;Fôrma;C4
Drenagem;CAIXA COLETORA;Concretagem das paredes e fundo;C4
Drenagem;CAIXA COLETORA;Cura;C4
Drenagem;CAIXA COLETORA;Assentamento da grelha;C4
Drenagem;CAIXA COLETORA;Reaterro e compactação;C4
Drenagem;CAIXA COLETORA;Escavação da cava;CANTEIRO INDUSTRIAL
Drenagem;CAIXA COLETORA;Regularização e lastro de concreto magro;CANTEIRO INDUSTRIAL
Drenagem;CAIXA COLETORA;Armação;CANTEIRO INDUSTRIAL
Drenagem;CAIXA COLETORA;Fôrma;CANTEIRO INDUSTRIAL
Drenagem;CAIXA COLETORA;Concretagem das paredes e fundo;CANTEIRO INDUSTRIAL
Drenagem;CAIXA COLETORA;Cura;CANTEIRO INDUSTRIAL
Drenagem;CAIXA COLETORA;Assentamento da grelha;CANTEIRO INDUSTRIAL
Drenagem;CAIXA COLETORA;Reaterro e compactação;CANTEIRO INDUSTRIAL
Drenagem;CAIXA COLETORA;Escavação da cava;CONTORNO DE FUNDÃO
Drenagem;CAIXA COLETORA;Regularização e lastro de concreto magro;CONTORNO DE FUNDÃO
Drenagem;CAIXA COLETORA;Armação;CONTORNO DE FUNDÃO
Drenagem;CAIXA COLETORA;Fôrma;CONTORNO DE FUNDÃO
Drenagem;CAIXA COLETORA;Concretagem das paredes e fundo;CONTORNO DE FUNDÃO
Drenagem;CAIXA COLETORA;Cura;CONTORNO DE FUNDÃO
Drenagem;CAIXA COLETORA;Assentamento da grelha;CONTORNO DE FUNDÃO
Drenagem;CAIXA COLETORA;Reaterro e compactação;CONTORNO DE FUNDÃO
Drenagem;CAIXA COLETORA;Escavação da cava;CONTORNO DE IBIRAÇU
Drenagem;CAIXA COLETORA;Regularização e lastro de concreto magro;CONTORNO DE IBIRAÇU
Drenagem;CAIXA COLETORA;Armação;CONTORNO DE IBIRAÇU
Drenagem;CAIXA COLETORA;Fôrma;CONTORNO DE IBIRAÇU
Drenagem;CAIXA COLETORA;Concretagem das paredes e fundo;CONTORNO DE IBIRAÇU
Drenagem;CAIXA COLETORA;Cura;CONTORNO DE IBIRAÇU
Drenagem;CAIXA COLETORA;Assentamento da grelha;CONTORNO DE IBIRAÇU
Drenagem;CAIXA COLETORA;Reaterro e compactação;CONTORNO DE IBIRAÇU
Drenagem;CAIXA COLETORA;Escavação da cava;D2
Drenagem;CAIXA COLETORA;Regularização e lastro de concreto magro;D2
Drenagem;CAIXA COLETORA;Armação;D2
Drenagem;CAIXA COLETORA;Fôrma;D2
Drenagem;CAIXA COLETORA;Concretagem das paredes e fundo;D2
Drenagem;CAIXA COLETORA;Cura;D2
Drenagem;CAIXA COLETORA;Assentamento da grelha;D2
Drenagem;CAIXA COLETORA;Reaterro e compactação;D2
Drenagem;CAIXA COLETORA;Escavação da cava;PARALELO DE IBIRAÇU
Drenagem;CAIXA COLETORA;Regularização e lastro de concreto magro;PARALELO DE IBIRAÇU
Drenagem;CAIXA COLETORA;Armação;PARALELO DE IBIRAÇU
Drenagem;CAIXA COLETORA;Fôrma;PARALELO DE IBIRAÇU
Drenagem;CAIXA COLETORA;Concretagem das paredes e fundo;PARALELO DE IBIRAÇU
Drenagem;CAIXA COLETORA;Cura;PARALELO DE IBIRAÇU
Drenagem;CAIXA COLETORA;Assentamento da grelha;PARALELO DE IBIRAÇU
Drenagem;CAIXA COLETORA;Reaterro e compactação;PARALELO DE IBIRAÇU
Drenagem;CAIXA COLETORA;Escavação da cava;PÁTIO DE VIGAS
Drenagem;CAIXA COLETORA;Regularização e lastro de concreto magro;PÁTIO DE VIGAS
Drenagem;CAIXA COLETORA;Armação;PÁTIO DE VIGAS
Drenagem;CAIXA COLETORA;Fôrma;PÁTIO DE VIGAS
Drenagem;CAIXA COLETORA;Concretagem das paredes e fundo;PÁTIO DE VIGAS
Drenagem;CAIXA COLETORA;Cura;PÁTIO DE VIGAS
Drenagem;CAIXA COLETORA;Assentamento da grelha;PÁTIO DE VIGAS
Drenagem;CAIXA COLETORA;Reaterro e compactação;PÁTIO DE VIGAS
Drenagem;CAIXA DE LIGAÇÃO E PASSAGEM;Escavação da cava;C1
Drenagem;CAIXA DE LIGAÇÃO E PASSAGEM;Lastro de concreto magro;C1
Drenagem;CAIXA DE LIGAÇÃO E PASSAGEM;Armação;C1
Drenagem;CAIXA DE LIGAÇÃO E PASSAGEM;Fôrma;C1
Drenagem;CAIXA DE LIGAÇÃO E PASSAGEM;Concretagem;C1
Drenagem;CAIXA DE LIGAÇÃO E PASSAGEM;Cura;C1
Drenagem;CAIXA DE LIGAÇÃO E PASSAGEM;Assentamento da tampa;C1
Drenagem;CAIXA DE LIGAÇÃO E PASSAGEM;Reaterro e compactação;C1
Drenagem;CAIXA DE LIGAÇÃO E PASSAGEM;Escavação da cava;C2
Drenagem;CAIXA DE LIGAÇÃO E PASSAGEM;Lastro de concreto magro;C2
Drenagem;CAIXA DE LIGAÇÃO E PASSAGEM;Armação;C2
Drenagem;CAIXA DE LIGAÇÃO E PASSAGEM;Fôrma;C2
Drenagem;CAIXA DE LIGAÇÃO E PASSAGEM;Concretagem;C2
Drenagem;CAIXA DE LIGAÇÃO E PASSAGEM;Cura;C2
Drenagem;CAIXA DE LIGAÇÃO E PASSAGEM;Assentamento da tampa;C2
Drenagem;CAIXA DE LIGAÇÃO E PASSAGEM;Reaterro e compactação;C2
Drenagem;CAIXA DE LIGAÇÃO E PASSAGEM;Escavação da cava;C3
Drenagem;CAIXA DE LIGAÇÃO E PASSAGEM;Lastro de concreto magro;C3
Drenagem;CAIXA DE LIGAÇÃO E PASSAGEM;Armação;C3
Drenagem;CAIXA DE LIGAÇÃO E PASSAGEM;Fôrma;C3
Drenagem;CAIXA DE LIGAÇÃO E PASSAGEM;Concretagem;C3
Drenagem;CAIXA DE LIGAÇÃO E PASSAGEM;Cura;C3
Drenagem;CAIXA DE LIGAÇÃO E PASSAGEM;Assentamento da tampa;C3
Drenagem;CAIXA DE LIGAÇÃO E PASSAGEM;Reaterro e compactação;C3
Drenagem;CAIXA DE LIGAÇÃO E PASSAGEM;Escavação da cava;C4
Drenagem;CAIXA DE LIGAÇÃO E PASSAGEM;Lastro de concreto magro;C4
Drenagem;CAIXA DE LIGAÇÃO E PASSAGEM;Armação;C4
Drenagem;CAIXA DE LIGAÇÃO E PASSAGEM;Fôrma;C4
Drenagem;CAIXA DE LIGAÇÃO E PASSAGEM;Concretagem;C4
Drenagem;CAIXA DE LIGAÇÃO E PASSAGEM;Cura;C4
Drenagem;CAIXA DE LIGAÇÃO E PASSAGEM;Assentamento da tampa;C4
Drenagem;CAIXA DE LIGAÇÃO E PASSAGEM;Reaterro e compactação;C4
Drenagem;CAIXA DE LIGAÇÃO E PASSAGEM;Escavação da cava;CANTEIRO INDUSTRIAL
Drenagem;CAIXA DE LIGAÇÃO E PASSAGEM;Lastro de concreto magro;CANTEIRO INDUSTRIAL
Drenagem;CAIXA DE LIGAÇÃO E PASSAGEM;Armação;CANTEIRO INDUSTRIAL
Drenagem;CAIXA DE LIGAÇÃO E PASSAGEM;Fôrma;CANTEIRO INDUSTRIAL
Drenagem;CAIXA DE LIGAÇÃO E PASSAGEM;Concretagem;CANTEIRO INDUSTRIAL
Drenagem;CAIXA DE LIGAÇÃO E PASSAGEM;Cura;CANTEIRO INDUSTRIAL
Drenagem;CAIXA DE LIGAÇÃO E PASSAGEM;Assentamento da tampa;CANTEIRO INDUSTRIAL
Drenagem;CAIXA DE LIGAÇÃO E PASSAGEM;Reaterro e compactação;CANTEIRO INDUSTRIAL
Drenagem;CAIXA DE LIGAÇÃO E PASSAGEM;Escavação da cava;D2
Drenagem;CAIXA DE LIGAÇÃO E PASSAGEM;Lastro de concreto magro;D2
Drenagem;CAIXA DE LIGAÇÃO E PASSAGEM;Armação;D2
Drenagem;CAIXA DE LIGAÇÃO E PASSAGEM;Fôrma;D2
Drenagem;CAIXA DE LIGAÇÃO E PASSAGEM;Concretagem;D2
Drenagem;CAIXA DE LIGAÇÃO E PASSAGEM;Cura;D2
Drenagem;CAIXA DE LIGAÇÃO E PASSAGEM;Assentamento da tampa;D2
Drenagem;CAIXA DE LIGAÇÃO E PASSAGEM;Reaterro e compactação;D2
Drenagem;CAIXA DE LIGAÇÃO E PASSAGEM;Escavação da cava;PARALELO DE IBIRAÇU
Drenagem;CAIXA DE LIGAÇÃO E PASSAGEM;Lastro de concreto magro;PARALELO DE IBIRAÇU
Drenagem;CAIXA DE LIGAÇÃO E PASSAGEM;Armação;PARALELO DE IBIRAÇU
Drenagem;CAIXA DE LIGAÇÃO E PASSAGEM;Fôrma;PARALELO DE IBIRAÇU
Drenagem;CAIXA DE LIGAÇÃO E PASSAGEM;Concretagem;PARALELO DE IBIRAÇU
Drenagem;CAIXA DE LIGAÇÃO E PASSAGEM;Cura;PARALELO DE IBIRAÇU
Drenagem;CAIXA DE LIGAÇÃO E PASSAGEM;Assentamento da tampa;PARALELO DE IBIRAÇU
Drenagem;CAIXA DE LIGAÇÃO E PASSAGEM;Reaterro e compactação;PARALELO DE IBIRAÇU
Drenagem;CAIXA DE LIGAÇÃO E PASSAGEM;Escavação da cava;PÁTIO DE VIGAS
Drenagem;CAIXA DE LIGAÇÃO E PASSAGEM;Lastro de concreto magro;PÁTIO DE VIGAS
Drenagem;CAIXA DE LIGAÇÃO E PASSAGEM;Armação;PÁTIO DE VIGAS
Drenagem;CAIXA DE LIGAÇÃO E PASSAGEM;Fôrma;PÁTIO DE VIGAS
Drenagem;CAIXA DE LIGAÇÃO E PASSAGEM;Concretagem;PÁTIO DE VIGAS
Drenagem;CAIXA DE LIGAÇÃO E PASSAGEM;Cura;PÁTIO DE VIGAS
Drenagem;CAIXA DE LIGAÇÃO E PASSAGEM;Assentamento da tampa;PÁTIO DE VIGAS
Drenagem;CAIXA DE LIGAÇÃO E PASSAGEM;Reaterro e compactação;PÁTIO DE VIGAS
Drenagem;CONCRETO 15MPA;Preparo de fôrma e armadura (interface);C1
Drenagem;CONCRETO 15MPA;Usinagem / confecção do concreto;C1
Drenagem;CONCRETO 15MPA;Transporte do concreto;C1
Drenagem;CONCRETO 15MPA;Lançamento do concreto;C1
Drenagem;CONCRETO 15MPA;Adensamento / vibração;C1
Drenagem;CONCRETO 15MPA;Cura;C1
Drenagem;CONCRETO 15MPA;Preparo de fôrma e armadura (interface);C2
Drenagem;CONCRETO 15MPA;Usinagem / confecção do concreto;C2
Drenagem;CONCRETO 15MPA;Transporte do concreto;C2
Drenagem;CONCRETO 15MPA;Lançamento do concreto;C2
Drenagem;CONCRETO 15MPA;Adensamento / vibração;C2
Drenagem;CONCRETO 15MPA;Cura;C2
Drenagem;CONCRETO 15MPA;Preparo de fôrma e armadura (interface);C3
Drenagem;CONCRETO 15MPA;Usinagem / confecção do concreto;C3
Drenagem;CONCRETO 15MPA;Transporte do concreto;C3
Drenagem;CONCRETO 15MPA;Lançamento do concreto;C3
Drenagem;CONCRETO 15MPA;Adensamento / vibração;C3
Drenagem;CONCRETO 15MPA;Cura;C3
Drenagem;CONCRETO 15MPA;Preparo de fôrma e armadura (interface);C4
Drenagem;CONCRETO 15MPA;Usinagem / confecção do concreto;C4
Drenagem;CONCRETO 15MPA;Transporte do concreto;C4
Drenagem;CONCRETO 15MPA;Lançamento do concreto;C4
Drenagem;CONCRETO 15MPA;Adensamento / vibração;C4
Drenagem;CONCRETO 15MPA;Cura;C4
Drenagem;CONCRETO 15MPA;Preparo de fôrma e armadura (interface);CANTEIRO INDUSTRIAL
Drenagem;CONCRETO 15MPA;Usinagem / confecção do concreto;CANTEIRO INDUSTRIAL
Drenagem;CONCRETO 15MPA;Transporte do concreto;CANTEIRO INDUSTRIAL
Drenagem;CONCRETO 15MPA;Lançamento do concreto;CANTEIRO INDUSTRIAL
Drenagem;CONCRETO 15MPA;Adensamento / vibração;CANTEIRO INDUSTRIAL
Drenagem;CONCRETO 15MPA;Cura;CANTEIRO INDUSTRIAL
Drenagem;CONCRETO 15MPA;Preparo de fôrma e armadura (interface);D2
Drenagem;CONCRETO 15MPA;Usinagem / confecção do concreto;D2
Drenagem;CONCRETO 15MPA;Transporte do concreto;D2
Drenagem;CONCRETO 15MPA;Lançamento do concreto;D2
Drenagem;CONCRETO 15MPA;Adensamento / vibração;D2
Drenagem;CONCRETO 15MPA;Cura;D2
Drenagem;CONCRETO 15MPA;Preparo de fôrma e armadura (interface);PARALELO DE IBIRAÇU
Drenagem;CONCRETO 15MPA;Usinagem / confecção do concreto;PARALELO DE IBIRAÇU
Drenagem;CONCRETO 15MPA;Transporte do concreto;PARALELO DE IBIRAÇU
Drenagem;CONCRETO 15MPA;Lançamento do concreto;PARALELO DE IBIRAÇU
Drenagem;CONCRETO 15MPA;Adensamento / vibração;PARALELO DE IBIRAÇU
Drenagem;CONCRETO 15MPA;Cura;PARALELO DE IBIRAÇU
Drenagem;CONCRETO 15MPA;Preparo de fôrma e armadura (interface);PÁTIO DE VIGAS
Drenagem;CONCRETO 15MPA;Usinagem / confecção do concreto;PÁTIO DE VIGAS
Drenagem;CONCRETO 15MPA;Transporte do concreto;PÁTIO DE VIGAS
Drenagem;CONCRETO 15MPA;Lançamento do concreto;PÁTIO DE VIGAS
Drenagem;CONCRETO 15MPA;Adensamento / vibração;PÁTIO DE VIGAS
Drenagem;CONCRETO 15MPA;Cura;PÁTIO DE VIGAS
Drenagem;DESCIDA D'ÁGUA;Locação / marcação no talude;C1
Drenagem;DESCIDA D'ÁGUA;Escavação e regularização em degraus;C1
Drenagem;DESCIDA D'ÁGUA;Lastro / berço;C1
Drenagem;DESCIDA D'ÁGUA;Fôrma;C1
Drenagem;DESCIDA D'ÁGUA;Concretagem / assentamento das peças;C1
Drenagem;DESCIDA D'ÁGUA;Rejuntamento;C1
Drenagem;DESCIDA D'ÁGUA;Cura;C1
Drenagem;DESCIDA D'ÁGUA;Reaterro lateral;C1
Drenagem;DESCIDA D'ÁGUA;Locação / marcação no talude;C2
Drenagem;DESCIDA D'ÁGUA;Escavação e regularização em degraus;C2
Drenagem;DESCIDA D'ÁGUA;Lastro / berço;C2
Drenagem;DESCIDA D'ÁGUA;Fôrma;C2
Drenagem;DESCIDA D'ÁGUA;Concretagem / assentamento das peças;C2
Drenagem;DESCIDA D'ÁGUA;Rejuntamento;C2
Drenagem;DESCIDA D'ÁGUA;Cura;C2
Drenagem;DESCIDA D'ÁGUA;Reaterro lateral;C2
Drenagem;DESCIDA D'ÁGUA;Locação / marcação no talude;C3
Drenagem;DESCIDA D'ÁGUA;Escavação e regularização em degraus;C3
Drenagem;DESCIDA D'ÁGUA;Lastro / berço;C3
Drenagem;DESCIDA D'ÁGUA;Fôrma;C3
Drenagem;DESCIDA D'ÁGUA;Concretagem / assentamento das peças;C3
Drenagem;DESCIDA D'ÁGUA;Rejuntamento;C3
Drenagem;DESCIDA D'ÁGUA;Cura;C3
Drenagem;DESCIDA D'ÁGUA;Reaterro lateral;C3
Drenagem;DESCIDA D'ÁGUA;Locação / marcação no talude;C4
Drenagem;DESCIDA D'ÁGUA;Escavação e regularização em degraus;C4
Drenagem;DESCIDA D'ÁGUA;Lastro / berço;C4
Drenagem;DESCIDA D'ÁGUA;Fôrma;C4
Drenagem;DESCIDA D'ÁGUA;Concretagem / assentamento das peças;C4
Drenagem;DESCIDA D'ÁGUA;Rejuntamento;C4
Drenagem;DESCIDA D'ÁGUA;Cura;C4
Drenagem;DESCIDA D'ÁGUA;Reaterro lateral;C4
Drenagem;DESCIDA D'ÁGUA;Locação / marcação no talude;CANTEIRO INDUSTRIAL
Drenagem;DESCIDA D'ÁGUA;Escavação e regularização em degraus;CANTEIRO INDUSTRIAL
Drenagem;DESCIDA D'ÁGUA;Lastro / berço;CANTEIRO INDUSTRIAL
Drenagem;DESCIDA D'ÁGUA;Fôrma;CANTEIRO INDUSTRIAL
Drenagem;DESCIDA D'ÁGUA;Concretagem / assentamento das peças;CANTEIRO INDUSTRIAL
Drenagem;DESCIDA D'ÁGUA;Rejuntamento;CANTEIRO INDUSTRIAL
Drenagem;DESCIDA D'ÁGUA;Cura;CANTEIRO INDUSTRIAL
Drenagem;DESCIDA D'ÁGUA;Reaterro lateral;CANTEIRO INDUSTRIAL
Drenagem;DESCIDA D'ÁGUA;Locação / marcação no talude;CONTORNO DE FUNDÃO
Drenagem;DESCIDA D'ÁGUA;Escavação e regularização em degraus;CONTORNO DE FUNDÃO
Drenagem;DESCIDA D'ÁGUA;Lastro / berço;CONTORNO DE FUNDÃO
Drenagem;DESCIDA D'ÁGUA;Fôrma;CONTORNO DE FUNDÃO
Drenagem;DESCIDA D'ÁGUA;Concretagem / assentamento das peças;CONTORNO DE FUNDÃO
Drenagem;DESCIDA D'ÁGUA;Rejuntamento;CONTORNO DE FUNDÃO
Drenagem;DESCIDA D'ÁGUA;Cura;CONTORNO DE FUNDÃO
Drenagem;DESCIDA D'ÁGUA;Reaterro lateral;CONTORNO DE FUNDÃO
Drenagem;DESCIDA D'ÁGUA;Locação / marcação no talude;CONTORNO DE IBIRAÇU
Drenagem;DESCIDA D'ÁGUA;Escavação e regularização em degraus;CONTORNO DE IBIRAÇU
Drenagem;DESCIDA D'ÁGUA;Lastro / berço;CONTORNO DE IBIRAÇU
Drenagem;DESCIDA D'ÁGUA;Fôrma;CONTORNO DE IBIRAÇU
Drenagem;DESCIDA D'ÁGUA;Concretagem / assentamento das peças;CONTORNO DE IBIRAÇU
Drenagem;DESCIDA D'ÁGUA;Rejuntamento;CONTORNO DE IBIRAÇU
Drenagem;DESCIDA D'ÁGUA;Cura;CONTORNO DE IBIRAÇU
Drenagem;DESCIDA D'ÁGUA;Reaterro lateral;CONTORNO DE IBIRAÇU
Drenagem;DESCIDA D'ÁGUA;Locação / marcação no talude;D2
Drenagem;DESCIDA D'ÁGUA;Escavação e regularização em degraus;D2
Drenagem;DESCIDA D'ÁGUA;Lastro / berço;D2
Drenagem;DESCIDA D'ÁGUA;Fôrma;D2
Drenagem;DESCIDA D'ÁGUA;Concretagem / assentamento das peças;D2
Drenagem;DESCIDA D'ÁGUA;Rejuntamento;D2
Drenagem;DESCIDA D'ÁGUA;Cura;D2
Drenagem;DESCIDA D'ÁGUA;Reaterro lateral;D2
Drenagem;DESCIDA D'ÁGUA;Locação / marcação no talude;PARALELO DE IBIRAÇU
Drenagem;DESCIDA D'ÁGUA;Escavação e regularização em degraus;PARALELO DE IBIRAÇU
Drenagem;DESCIDA D'ÁGUA;Lastro / berço;PARALELO DE IBIRAÇU
Drenagem;DESCIDA D'ÁGUA;Fôrma;PARALELO DE IBIRAÇU
Drenagem;DESCIDA D'ÁGUA;Concretagem / assentamento das peças;PARALELO DE IBIRAÇU
Drenagem;DESCIDA D'ÁGUA;Rejuntamento;PARALELO DE IBIRAÇU
Drenagem;DESCIDA D'ÁGUA;Cura;PARALELO DE IBIRAÇU
Drenagem;DESCIDA D'ÁGUA;Reaterro lateral;PARALELO DE IBIRAÇU
Drenagem;DESCIDA D'ÁGUA;Locação / marcação no talude;PÁTIO DE VIGAS
Drenagem;DESCIDA D'ÁGUA;Escavação e regularização em degraus;PÁTIO DE VIGAS
Drenagem;DESCIDA D'ÁGUA;Lastro / berço;PÁTIO DE VIGAS
Drenagem;DESCIDA D'ÁGUA;Fôrma;PÁTIO DE VIGAS
Drenagem;DESCIDA D'ÁGUA;Concretagem / assentamento das peças;PÁTIO DE VIGAS
Drenagem;DESCIDA D'ÁGUA;Rejuntamento;PÁTIO DE VIGAS
Drenagem;DESCIDA D'ÁGUA;Cura;PÁTIO DE VIGAS
Drenagem;DESCIDA D'ÁGUA;Reaterro lateral;PÁTIO DE VIGAS
Drenagem;DISSIPADOR DE ENERGIA;Escavação e regularização da fundação;C1
Drenagem;DISSIPADOR DE ENERGIA;Lastro de brita / pedra;C1
Drenagem;DISSIPADOR DE ENERGIA;Fôrma;C1
Drenagem;DISSIPADOR DE ENERGIA;Armação;C1
Drenagem;DISSIPADOR DE ENERGIA;Concretagem / pedra argamassada;C1
Drenagem;DISSIPADOR DE ENERGIA;Acabamento;C1
Drenagem;DISSIPADOR DE ENERGIA;Cura;C1
Drenagem;DISSIPADOR DE ENERGIA;Escavação e regularização da fundação;C2
Drenagem;DISSIPADOR DE ENERGIA;Lastro de brita / pedra;C2
Drenagem;DISSIPADOR DE ENERGIA;Fôrma;C2
Drenagem;DISSIPADOR DE ENERGIA;Armação;C2
Drenagem;DISSIPADOR DE ENERGIA;Concretagem / pedra argamassada;C2
Drenagem;DISSIPADOR DE ENERGIA;Acabamento;C2
Drenagem;DISSIPADOR DE ENERGIA;Cura;C2
Drenagem;DISSIPADOR DE ENERGIA;Escavação e regularização da fundação;C3
Drenagem;DISSIPADOR DE ENERGIA;Lastro de brita / pedra;C3
Drenagem;DISSIPADOR DE ENERGIA;Fôrma;C3
Drenagem;DISSIPADOR DE ENERGIA;Armação;C3
Drenagem;DISSIPADOR DE ENERGIA;Concretagem / pedra argamassada;C3
Drenagem;DISSIPADOR DE ENERGIA;Acabamento;C3
Drenagem;DISSIPADOR DE ENERGIA;Cura;C3
Drenagem;DISSIPADOR DE ENERGIA;Escavação e regularização da fundação;C4
Drenagem;DISSIPADOR DE ENERGIA;Lastro de brita / pedra;C4
Drenagem;DISSIPADOR DE ENERGIA;Fôrma;C4
Drenagem;DISSIPADOR DE ENERGIA;Armação;C4
Drenagem;DISSIPADOR DE ENERGIA;Concretagem / pedra argamassada;C4
Drenagem;DISSIPADOR DE ENERGIA;Acabamento;C4
Drenagem;DISSIPADOR DE ENERGIA;Cura;C4
Drenagem;DISSIPADOR DE ENERGIA;Escavação e regularização da fundação;CANTEIRO INDUSTRIAL
Drenagem;DISSIPADOR DE ENERGIA;Lastro de brita / pedra;CANTEIRO INDUSTRIAL
Drenagem;DISSIPADOR DE ENERGIA;Fôrma;CANTEIRO INDUSTRIAL
Drenagem;DISSIPADOR DE ENERGIA;Armação;CANTEIRO INDUSTRIAL
Drenagem;DISSIPADOR DE ENERGIA;Concretagem / pedra argamassada;CANTEIRO INDUSTRIAL
Drenagem;DISSIPADOR DE ENERGIA;Acabamento;CANTEIRO INDUSTRIAL
Drenagem;DISSIPADOR DE ENERGIA;Cura;CANTEIRO INDUSTRIAL
Drenagem;DISSIPADOR DE ENERGIA;Escavação e regularização da fundação;CONTORNO DE FUNDÃO
Drenagem;DISSIPADOR DE ENERGIA;Lastro de brita / pedra;CONTORNO DE FUNDÃO
Drenagem;DISSIPADOR DE ENERGIA;Fôrma;CONTORNO DE FUNDÃO
Drenagem;DISSIPADOR DE ENERGIA;Armação;CONTORNO DE FUNDÃO
Drenagem;DISSIPADOR DE ENERGIA;Concretagem / pedra argamassada;CONTORNO DE FUNDÃO
Drenagem;DISSIPADOR DE ENERGIA;Acabamento;CONTORNO DE FUNDÃO
Drenagem;DISSIPADOR DE ENERGIA;Cura;CONTORNO DE FUNDÃO
Drenagem;DISSIPADOR DE ENERGIA;Escavação e regularização da fundação;CONTORNO DE IBIRAÇU
Drenagem;DISSIPADOR DE ENERGIA;Lastro de brita / pedra;CONTORNO DE IBIRAÇU
Drenagem;DISSIPADOR DE ENERGIA;Fôrma;CONTORNO DE IBIRAÇU
Drenagem;DISSIPADOR DE ENERGIA;Armação;CONTORNO DE IBIRAÇU
Drenagem;DISSIPADOR DE ENERGIA;Concretagem / pedra argamassada;CONTORNO DE IBIRAÇU
Drenagem;DISSIPADOR DE ENERGIA;Acabamento;CONTORNO DE IBIRAÇU
Drenagem;DISSIPADOR DE ENERGIA;Cura;CONTORNO DE IBIRAÇU
Drenagem;DISSIPADOR DE ENERGIA;Escavação e regularização da fundação;D2
Drenagem;DISSIPADOR DE ENERGIA;Lastro de brita / pedra;D2
Drenagem;DISSIPADOR DE ENERGIA;Fôrma;D2
Drenagem;DISSIPADOR DE ENERGIA;Armação;D2
Drenagem;DISSIPADOR DE ENERGIA;Concretagem / pedra argamassada;D2
Drenagem;DISSIPADOR DE ENERGIA;Acabamento;D2
Drenagem;DISSIPADOR DE ENERGIA;Cura;D2
Drenagem;DISSIPADOR DE ENERGIA;Escavação e regularização da fundação;PARALELO DE IBIRAÇU
Drenagem;DISSIPADOR DE ENERGIA;Lastro de brita / pedra;PARALELO DE IBIRAÇU
Drenagem;DISSIPADOR DE ENERGIA;Fôrma;PARALELO DE IBIRAÇU
Drenagem;DISSIPADOR DE ENERGIA;Armação;PARALELO DE IBIRAÇU
Drenagem;DISSIPADOR DE ENERGIA;Concretagem / pedra argamassada;PARALELO DE IBIRAÇU
Drenagem;DISSIPADOR DE ENERGIA;Acabamento;PARALELO DE IBIRAÇU
Drenagem;DISSIPADOR DE ENERGIA;Cura;PARALELO DE IBIRAÇU
Drenagem;DISSIPADOR DE ENERGIA;Escavação e regularização da fundação;PÁTIO DE VIGAS
Drenagem;DISSIPADOR DE ENERGIA;Lastro de brita / pedra;PÁTIO DE VIGAS
Drenagem;DISSIPADOR DE ENERGIA;Fôrma;PÁTIO DE VIGAS
Drenagem;DISSIPADOR DE ENERGIA;Armação;PÁTIO DE VIGAS
Drenagem;DISSIPADOR DE ENERGIA;Concretagem / pedra argamassada;PÁTIO DE VIGAS
Drenagem;DISSIPADOR DE ENERGIA;Acabamento;PÁTIO DE VIGAS
Drenagem;DISSIPADOR DE ENERGIA;Cura;PÁTIO DE VIGAS
Drenagem;DPS;Locação;C1
Drenagem;DPS;Escavação da vala do dreno;C1
Drenagem;DPS;Regularização do fundo;C1
Drenagem;DPS;Envelopamento com geotêxtil;C1
Drenagem;DPS;Assentamento do tubo (PEAD);C1
Drenagem;DPS;Preenchimento com brita;C1
Drenagem;DPS;Fechamento com geotêxtil;C1
Drenagem;DPS;Reaterro / selo superior;C1
Drenagem;DPS;Locação;C2
Drenagem;DPS;Escavação da vala do dreno;C2
Drenagem;DPS;Regularização do fundo;C2
Drenagem;DPS;Envelopamento com geotêxtil;C2
Drenagem;DPS;Assentamento do tubo (PEAD);C2
Drenagem;DPS;Preenchimento com brita;C2
Drenagem;DPS;Fechamento com geotêxtil;C2
Drenagem;DPS;Reaterro / selo superior;C2
Drenagem;DPS;Locação;C3
Drenagem;DPS;Escavação da vala do dreno;C3
Drenagem;DPS;Regularização do fundo;C3
Drenagem;DPS;Envelopamento com geotêxtil;C3
Drenagem;DPS;Assentamento do tubo (PEAD);C3
Drenagem;DPS;Preenchimento com brita;C3
Drenagem;DPS;Fechamento com geotêxtil;C3
Drenagem;DPS;Reaterro / selo superior;C3
Drenagem;DPS;Locação;C4
Drenagem;DPS;Escavação da vala do dreno;C4
Drenagem;DPS;Regularização do fundo;C4
Drenagem;DPS;Envelopamento com geotêxtil;C4
Drenagem;DPS;Assentamento do tubo (PEAD);C4
Drenagem;DPS;Preenchimento com brita;C4
Drenagem;DPS;Fechamento com geotêxtil;C4
Drenagem;DPS;Reaterro / selo superior;C4
Drenagem;DPS;Locação;CANTEIRO INDUSTRIAL
Drenagem;DPS;Escavação da vala do dreno;CANTEIRO INDUSTRIAL
Drenagem;DPS;Regularização do fundo;CANTEIRO INDUSTRIAL
Drenagem;DPS;Envelopamento com geotêxtil;CANTEIRO INDUSTRIAL
Drenagem;DPS;Assentamento do tubo (PEAD);CANTEIRO INDUSTRIAL
Drenagem;DPS;Preenchimento com brita;CANTEIRO INDUSTRIAL
Drenagem;DPS;Fechamento com geotêxtil;CANTEIRO INDUSTRIAL
Drenagem;DPS;Reaterro / selo superior;CANTEIRO INDUSTRIAL
Drenagem;DPS;Locação;CONTORNO DE FUNDÃO
Drenagem;DPS;Escavação da vala do dreno;CONTORNO DE FUNDÃO
Drenagem;DPS;Regularização do fundo;CONTORNO DE FUNDÃO
Drenagem;DPS;Envelopamento com geotêxtil;CONTORNO DE FUNDÃO
Drenagem;DPS;Assentamento do tubo (PEAD);CONTORNO DE FUNDÃO
Drenagem;DPS;Preenchimento com brita;CONTORNO DE FUNDÃO
Drenagem;DPS;Fechamento com geotêxtil;CONTORNO DE FUNDÃO
Drenagem;DPS;Reaterro / selo superior;CONTORNO DE FUNDÃO
Drenagem;DPS;Locação;CONTORNO DE IBIRAÇU
Drenagem;DPS;Escavação da vala do dreno;CONTORNO DE IBIRAÇU
Drenagem;DPS;Regularização do fundo;CONTORNO DE IBIRAÇU
Drenagem;DPS;Envelopamento com geotêxtil;CONTORNO DE IBIRAÇU
Drenagem;DPS;Assentamento do tubo (PEAD);CONTORNO DE IBIRAÇU
Drenagem;DPS;Preenchimento com brita;CONTORNO DE IBIRAÇU
Drenagem;DPS;Fechamento com geotêxtil;CONTORNO DE IBIRAÇU
Drenagem;DPS;Reaterro / selo superior;CONTORNO DE IBIRAÇU
Drenagem;DPS;Locação;PARALELO DE IBIRAÇU
Drenagem;DPS;Escavação da vala do dreno;PARALELO DE IBIRAÇU
Drenagem;DPS;Regularização do fundo;PARALELO DE IBIRAÇU
Drenagem;DPS;Envelopamento com geotêxtil;PARALELO DE IBIRAÇU
Drenagem;DPS;Assentamento do tubo (PEAD);PARALELO DE IBIRAÇU
Drenagem;DPS;Preenchimento com brita;PARALELO DE IBIRAÇU
Drenagem;DPS;Fechamento com geotêxtil;PARALELO DE IBIRAÇU
Drenagem;DPS;Reaterro / selo superior;PARALELO DE IBIRAÇU
Drenagem;DPS;Locação;PÁTIO DE VIGAS
Drenagem;DPS;Escavação da vala do dreno;PÁTIO DE VIGAS
Drenagem;DPS;Regularização do fundo;PÁTIO DE VIGAS
Drenagem;DPS;Envelopamento com geotêxtil;PÁTIO DE VIGAS
Drenagem;DPS;Assentamento do tubo (PEAD);PÁTIO DE VIGAS
Drenagem;DPS;Preenchimento com brita;PÁTIO DE VIGAS
Drenagem;DPS;Fechamento com geotêxtil;PÁTIO DE VIGAS
Drenagem;DPS;Reaterro / selo superior;PÁTIO DE VIGAS
Drenagem;DPS;Locação;C1
Drenagem;DPS;Escavação da vala do dreno;C1
Drenagem;DPS;Regularização do fundo;C1
Drenagem;DPS;Envelopamento com geotêxtil;C1
Drenagem;DPS;Assentamento do tubo (PEAD);C1
Drenagem;DPS;Preenchimento com brita;C1
Drenagem;DPS;Fechamento com geotêxtil;C1
Drenagem;DPS;Reaterro / selo superior;C1
Drenagem;DPS;Locação;C2
Drenagem;DPS;Escavação da vala do dreno;C2
Drenagem;DPS;Regularização do fundo;C2
Drenagem;DPS;Envelopamento com geotêxtil;C2
Drenagem;DPS;Assentamento do tubo (PEAD);C2
Drenagem;DPS;Preenchimento com brita;C2
Drenagem;DPS;Fechamento com geotêxtil;C2
Drenagem;DPS;Reaterro / selo superior;C2
Drenagem;DPS;Locação;C3
Drenagem;DPS;Escavação da vala do dreno;C3
Drenagem;DPS;Regularização do fundo;C3
Drenagem;DPS;Envelopamento com geotêxtil;C3
Drenagem;DPS;Assentamento do tubo (PEAD);C3
Drenagem;DPS;Preenchimento com brita;C3
Drenagem;DPS;Fechamento com geotêxtil;C3
Drenagem;DPS;Reaterro / selo superior;C3
Drenagem;DPS;Locação;C4
Drenagem;DPS;Escavação da vala do dreno;C4
Drenagem;DPS;Regularização do fundo;C4
Drenagem;DPS;Envelopamento com geotêxtil;C4
Drenagem;DPS;Assentamento do tubo (PEAD);C4
Drenagem;DPS;Preenchimento com brita;C4
Drenagem;DPS;Fechamento com geotêxtil;C4
Drenagem;DPS;Reaterro / selo superior;C4
Drenagem;DPS;Locação;CANTEIRO INDUSTRIAL
Drenagem;DPS;Escavação da vala do dreno;CANTEIRO INDUSTRIAL
Drenagem;DPS;Regularização do fundo;CANTEIRO INDUSTRIAL
Drenagem;DPS;Envelopamento com geotêxtil;CANTEIRO INDUSTRIAL
Drenagem;DPS;Assentamento do tubo (PEAD);CANTEIRO INDUSTRIAL
Drenagem;DPS;Preenchimento com brita;CANTEIRO INDUSTRIAL
Drenagem;DPS;Fechamento com geotêxtil;CANTEIRO INDUSTRIAL
Drenagem;DPS;Reaterro / selo superior;CANTEIRO INDUSTRIAL
Drenagem;DPS;Locação;CONTORNO DE FUNDÃO
Drenagem;DPS;Escavação da vala do dreno;CONTORNO DE FUNDÃO
Drenagem;DPS;Regularização do fundo;CONTORNO DE FUNDÃO
Drenagem;DPS;Envelopamento com geotêxtil;CONTORNO DE FUNDÃO
Drenagem;DPS;Assentamento do tubo (PEAD);CONTORNO DE FUNDÃO
Drenagem;DPS;Preenchimento com brita;CONTORNO DE FUNDÃO
Drenagem;DPS;Fechamento com geotêxtil;CONTORNO DE FUNDÃO
Drenagem;DPS;Reaterro / selo superior;CONTORNO DE FUNDÃO
Drenagem;DPS;Locação;CONTORNO DE IBIRAÇU
Drenagem;DPS;Escavação da vala do dreno;CONTORNO DE IBIRAÇU
Drenagem;DPS;Regularização do fundo;CONTORNO DE IBIRAÇU
Drenagem;DPS;Envelopamento com geotêxtil;CONTORNO DE IBIRAÇU
Drenagem;DPS;Assentamento do tubo (PEAD);CONTORNO DE IBIRAÇU
Drenagem;DPS;Preenchimento com brita;CONTORNO DE IBIRAÇU
Drenagem;DPS;Fechamento com geotêxtil;CONTORNO DE IBIRAÇU
Drenagem;DPS;Reaterro / selo superior;CONTORNO DE IBIRAÇU
Drenagem;DPS;Locação;D2
Drenagem;DPS;Escavação da vala do dreno;D2
Drenagem;DPS;Regularização do fundo;D2
Drenagem;DPS;Envelopamento com geotêxtil;D2
Drenagem;DPS;Assentamento do tubo (PEAD);D2
Drenagem;DPS;Preenchimento com brita;D2
Drenagem;DPS;Fechamento com geotêxtil;D2
Drenagem;DPS;Reaterro / selo superior;D2
Drenagem;DPS;Locação;PARALELO DE IBIRAÇU
Drenagem;DPS;Escavação da vala do dreno;PARALELO DE IBIRAÇU
Drenagem;DPS;Regularização do fundo;PARALELO DE IBIRAÇU
Drenagem;DPS;Envelopamento com geotêxtil;PARALELO DE IBIRAÇU
Drenagem;DPS;Assentamento do tubo (PEAD);PARALELO DE IBIRAÇU
Drenagem;DPS;Preenchimento com brita;PARALELO DE IBIRAÇU
Drenagem;DPS;Fechamento com geotêxtil;PARALELO DE IBIRAÇU
Drenagem;DPS;Reaterro / selo superior;PARALELO DE IBIRAÇU
Drenagem;DPS;Locação;PÁTIO DE VIGAS
Drenagem;DPS;Escavação da vala do dreno;PÁTIO DE VIGAS
Drenagem;DPS;Regularização do fundo;PÁTIO DE VIGAS
Drenagem;DPS;Envelopamento com geotêxtil;PÁTIO DE VIGAS
Drenagem;DPS;Assentamento do tubo (PEAD);PÁTIO DE VIGAS
Drenagem;DPS;Preenchimento com brita;PÁTIO DE VIGAS
Drenagem;DPS;Fechamento com geotêxtil;PÁTIO DE VIGAS
Drenagem;DPS;Reaterro / selo superior;PÁTIO DE VIGAS
Drenagem;DRENO PVC;Marcação dos pontos;D2
Drenagem;DRENO PVC;Perfuração / preparo do furo;D2
Drenagem;DRENO PVC;Fornecimento e instalação do tubo de PVC;D2
Drenagem;DRENO PVC;Fixação e vedação;D2
Drenagem;DSS;Locação;C1
Drenagem;DSS;Escavação da vala do dreno;C1
Drenagem;DSS;Regularização do fundo;C1
Drenagem;DSS;Envelopamento com geotêxtil;C1
Drenagem;DSS;Assentamento do tubo (PEAD);C1
Drenagem;DSS;Preenchimento com brita;C1
Drenagem;DSS;Fechamento com geotêxtil;C1
Drenagem;DSS;Reaterro / selo superior;C1
Drenagem;DSS;Locação;C2
Drenagem;DSS;Escavação da vala do dreno;C2
Drenagem;DSS;Regularização do fundo;C2
Drenagem;DSS;Envelopamento com geotêxtil;C2
Drenagem;DSS;Assentamento do tubo (PEAD);C2
Drenagem;DSS;Preenchimento com brita;C2
Drenagem;DSS;Fechamento com geotêxtil;C2
Drenagem;DSS;Reaterro / selo superior;C2
Drenagem;DSS;Locação;C3
Drenagem;DSS;Escavação da vala do dreno;C3
Drenagem;DSS;Regularização do fundo;C3
Drenagem;DSS;Envelopamento com geotêxtil;C3
Drenagem;DSS;Assentamento do tubo (PEAD);C3
Drenagem;DSS;Preenchimento com brita;C3
Drenagem;DSS;Fechamento com geotêxtil;C3
Drenagem;DSS;Reaterro / selo superior;C3
Drenagem;DSS;Locação;C4
Drenagem;DSS;Escavação da vala do dreno;C4
Drenagem;DSS;Regularização do fundo;C4
Drenagem;DSS;Envelopamento com geotêxtil;C4
Drenagem;DSS;Assentamento do tubo (PEAD);C4
Drenagem;DSS;Preenchimento com brita;C4
Drenagem;DSS;Fechamento com geotêxtil;C4
Drenagem;DSS;Reaterro / selo superior;C4
Drenagem;DSS;Locação;CANTEIRO INDUSTRIAL
Drenagem;DSS;Escavação da vala do dreno;CANTEIRO INDUSTRIAL
Drenagem;DSS;Regularização do fundo;CANTEIRO INDUSTRIAL
Drenagem;DSS;Envelopamento com geotêxtil;CANTEIRO INDUSTRIAL
Drenagem;DSS;Assentamento do tubo (PEAD);CANTEIRO INDUSTRIAL
Drenagem;DSS;Preenchimento com brita;CANTEIRO INDUSTRIAL
Drenagem;DSS;Fechamento com geotêxtil;CANTEIRO INDUSTRIAL
Drenagem;DSS;Reaterro / selo superior;CANTEIRO INDUSTRIAL
Drenagem;DSS;Locação;CONTORNO DE FUNDÃO
Drenagem;DSS;Escavação da vala do dreno;CONTORNO DE FUNDÃO
Drenagem;DSS;Regularização do fundo;CONTORNO DE FUNDÃO
Drenagem;DSS;Envelopamento com geotêxtil;CONTORNO DE FUNDÃO
Drenagem;DSS;Assentamento do tubo (PEAD);CONTORNO DE FUNDÃO
Drenagem;DSS;Preenchimento com brita;CONTORNO DE FUNDÃO
Drenagem;DSS;Fechamento com geotêxtil;CONTORNO DE FUNDÃO
Drenagem;DSS;Reaterro / selo superior;CONTORNO DE FUNDÃO
Drenagem;DSS;Locação;CONTORNO DE IBIRAÇU
Drenagem;DSS;Escavação da vala do dreno;CONTORNO DE IBIRAÇU
Drenagem;DSS;Regularização do fundo;CONTORNO DE IBIRAÇU
Drenagem;DSS;Envelopamento com geotêxtil;CONTORNO DE IBIRAÇU
Drenagem;DSS;Assentamento do tubo (PEAD);CONTORNO DE IBIRAÇU
Drenagem;DSS;Preenchimento com brita;CONTORNO DE IBIRAÇU
Drenagem;DSS;Fechamento com geotêxtil;CONTORNO DE IBIRAÇU
Drenagem;DSS;Reaterro / selo superior;CONTORNO DE IBIRAÇU
Drenagem;DSS;Locação;D2
Drenagem;DSS;Escavação da vala do dreno;D2
Drenagem;DSS;Regularização do fundo;D2
Drenagem;DSS;Envelopamento com geotêxtil;D2
Drenagem;DSS;Assentamento do tubo (PEAD);D2
Drenagem;DSS;Preenchimento com brita;D2
Drenagem;DSS;Fechamento com geotêxtil;D2
Drenagem;DSS;Reaterro / selo superior;D2
Drenagem;DSS;Locação;PARALELO DE IBIRAÇU
Drenagem;DSS;Escavação da vala do dreno;PARALELO DE IBIRAÇU
Drenagem;DSS;Regularização do fundo;PARALELO DE IBIRAÇU
Drenagem;DSS;Envelopamento com geotêxtil;PARALELO DE IBIRAÇU
Drenagem;DSS;Assentamento do tubo (PEAD);PARALELO DE IBIRAÇU
Drenagem;DSS;Preenchimento com brita;PARALELO DE IBIRAÇU
Drenagem;DSS;Fechamento com geotêxtil;PARALELO DE IBIRAÇU
Drenagem;DSS;Reaterro / selo superior;PARALELO DE IBIRAÇU
Drenagem;DSS;Locação;PÁTIO DE VIGAS
Drenagem;DSS;Escavação da vala do dreno;PÁTIO DE VIGAS
Drenagem;DSS;Regularização do fundo;PÁTIO DE VIGAS
Drenagem;DSS;Envelopamento com geotêxtil;PÁTIO DE VIGAS
Drenagem;DSS;Assentamento do tubo (PEAD);PÁTIO DE VIGAS
Drenagem;DSS;Preenchimento com brita;PÁTIO DE VIGAS
Drenagem;DSS;Fechamento com geotêxtil;PÁTIO DE VIGAS
Drenagem;DSS;Reaterro / selo superior;PÁTIO DE VIGAS
Drenagem;ENTRADA DE DESCIDA D'ÁGUA;Escavação e regularização do terreno;C1
Drenagem;ENTRADA DE DESCIDA D'ÁGUA;Lastro de brita;C1
Drenagem;ENTRADA DE DESCIDA D'ÁGUA;Fôrma;C1
Drenagem;ENTRADA DE DESCIDA D'ÁGUA;Concretagem;C1
Drenagem;ENTRADA DE DESCIDA D'ÁGUA;Acabamento;C1
Drenagem;ENTRADA DE DESCIDA D'ÁGUA;Cura;C1
Drenagem;ENTRADA DE DESCIDA D'ÁGUA;Reaterro;C1
Drenagem;ENTRADA DE DESCIDA D'ÁGUA;Escavação e regularização do terreno;C2
Drenagem;ENTRADA DE DESCIDA D'ÁGUA;Lastro de brita;C2
Drenagem;ENTRADA DE DESCIDA D'ÁGUA;Fôrma;C2
Drenagem;ENTRADA DE DESCIDA D'ÁGUA;Concretagem;C2
Drenagem;ENTRADA DE DESCIDA D'ÁGUA;Acabamento;C2
Drenagem;ENTRADA DE DESCIDA D'ÁGUA;Cura;C2
Drenagem;ENTRADA DE DESCIDA D'ÁGUA;Reaterro;C2
Drenagem;ENTRADA DE DESCIDA D'ÁGUA;Escavação e regularização do terreno;C3
Drenagem;ENTRADA DE DESCIDA D'ÁGUA;Lastro de brita;C3
Drenagem;ENTRADA DE DESCIDA D'ÁGUA;Fôrma;C3
Drenagem;ENTRADA DE DESCIDA D'ÁGUA;Concretagem;C3
Drenagem;ENTRADA DE DESCIDA D'ÁGUA;Acabamento;C3
Drenagem;ENTRADA DE DESCIDA D'ÁGUA;Cura;C3
Drenagem;ENTRADA DE DESCIDA D'ÁGUA;Reaterro;C3
Drenagem;ENTRADA DE DESCIDA D'ÁGUA;Escavação e regularização do terreno;C4
Drenagem;ENTRADA DE DESCIDA D'ÁGUA;Lastro de brita;C4
Drenagem;ENTRADA DE DESCIDA D'ÁGUA;Fôrma;C4
Drenagem;ENTRADA DE DESCIDA D'ÁGUA;Concretagem;C4
Drenagem;ENTRADA DE DESCIDA D'ÁGUA;Acabamento;C4
Drenagem;ENTRADA DE DESCIDA D'ÁGUA;Cura;C4
Drenagem;ENTRADA DE DESCIDA D'ÁGUA;Reaterro;C4
Drenagem;ENTRADA DE DESCIDA D'ÁGUA;Escavação e regularização do terreno;CANTEIRO INDUSTRIAL
Drenagem;ENTRADA DE DESCIDA D'ÁGUA;Lastro de brita;CANTEIRO INDUSTRIAL
Drenagem;ENTRADA DE DESCIDA D'ÁGUA;Fôrma;CANTEIRO INDUSTRIAL
Drenagem;ENTRADA DE DESCIDA D'ÁGUA;Concretagem;CANTEIRO INDUSTRIAL
Drenagem;ENTRADA DE DESCIDA D'ÁGUA;Acabamento;CANTEIRO INDUSTRIAL
Drenagem;ENTRADA DE DESCIDA D'ÁGUA;Cura;CANTEIRO INDUSTRIAL
Drenagem;ENTRADA DE DESCIDA D'ÁGUA;Reaterro;CANTEIRO INDUSTRIAL
Drenagem;ENTRADA DE DESCIDA D'ÁGUA;Escavação e regularização do terreno;CONTORNO DE FUNDÃO
Drenagem;ENTRADA DE DESCIDA D'ÁGUA;Lastro de brita;CONTORNO DE FUNDÃO
Drenagem;ENTRADA DE DESCIDA D'ÁGUA;Fôrma;CONTORNO DE FUNDÃO
Drenagem;ENTRADA DE DESCIDA D'ÁGUA;Concretagem;CONTORNO DE FUNDÃO
Drenagem;ENTRADA DE DESCIDA D'ÁGUA;Acabamento;CONTORNO DE FUNDÃO
Drenagem;ENTRADA DE DESCIDA D'ÁGUA;Cura;CONTORNO DE FUNDÃO
Drenagem;ENTRADA DE DESCIDA D'ÁGUA;Reaterro;CONTORNO DE FUNDÃO
Drenagem;ENTRADA DE DESCIDA D'ÁGUA;Escavação e regularização do terreno;CONTORNO DE IBIRAÇU
Drenagem;ENTRADA DE DESCIDA D'ÁGUA;Lastro de brita;CONTORNO DE IBIRAÇU
Drenagem;ENTRADA DE DESCIDA D'ÁGUA;Fôrma;CONTORNO DE IBIRAÇU
Drenagem;ENTRADA DE DESCIDA D'ÁGUA;Concretagem;CONTORNO DE IBIRAÇU
Drenagem;ENTRADA DE DESCIDA D'ÁGUA;Acabamento;CONTORNO DE IBIRAÇU
Drenagem;ENTRADA DE DESCIDA D'ÁGUA;Cura;CONTORNO DE IBIRAÇU
Drenagem;ENTRADA DE DESCIDA D'ÁGUA;Reaterro;CONTORNO DE IBIRAÇU
Drenagem;ENTRADA DE DESCIDA D'ÁGUA;Escavação e regularização do terreno;D2
Drenagem;ENTRADA DE DESCIDA D'ÁGUA;Lastro de brita;D2
Drenagem;ENTRADA DE DESCIDA D'ÁGUA;Fôrma;D2
Drenagem;ENTRADA DE DESCIDA D'ÁGUA;Concretagem;D2
Drenagem;ENTRADA DE DESCIDA D'ÁGUA;Acabamento;D2
Drenagem;ENTRADA DE DESCIDA D'ÁGUA;Cura;D2
Drenagem;ENTRADA DE DESCIDA D'ÁGUA;Reaterro;D2
Drenagem;ENTRADA DE DESCIDA D'ÁGUA;Escavação e regularização do terreno;PARALELO DE IBIRAÇU
Drenagem;ENTRADA DE DESCIDA D'ÁGUA;Lastro de brita;PARALELO DE IBIRAÇU
Drenagem;ENTRADA DE DESCIDA D'ÁGUA;Fôrma;PARALELO DE IBIRAÇU
Drenagem;ENTRADA DE DESCIDA D'ÁGUA;Concretagem;PARALELO DE IBIRAÇU
Drenagem;ENTRADA DE DESCIDA D'ÁGUA;Acabamento;PARALELO DE IBIRAÇU
Drenagem;ENTRADA DE DESCIDA D'ÁGUA;Cura;PARALELO DE IBIRAÇU
Drenagem;ENTRADA DE DESCIDA D'ÁGUA;Reaterro;PARALELO DE IBIRAÇU
Drenagem;ENTRADA DE DESCIDA D'ÁGUA;Escavação e regularização do terreno;PÁTIO DE VIGAS
Drenagem;ENTRADA DE DESCIDA D'ÁGUA;Lastro de brita;PÁTIO DE VIGAS
Drenagem;ENTRADA DE DESCIDA D'ÁGUA;Fôrma;PÁTIO DE VIGAS
Drenagem;ENTRADA DE DESCIDA D'ÁGUA;Concretagem;PÁTIO DE VIGAS
Drenagem;ENTRADA DE DESCIDA D'ÁGUA;Acabamento;PÁTIO DE VIGAS
Drenagem;ENTRADA DE DESCIDA D'ÁGUA;Cura;PÁTIO DE VIGAS
Drenagem;ENTRADA DE DESCIDA D'ÁGUA;Reaterro;PÁTIO DE VIGAS
Drenagem;ESCAVAÇÃO DE VALA;Locação da vala;D2
Drenagem;ESCAVAÇÃO DE VALA;Escavação mecânica de vala;D2
Drenagem;ESCAVAÇÃO DE VALA;Regularização do fundo;D2
Drenagem;ESCAVAÇÃO DE VALA;Carga e transporte do excedente;D2
Drenagem;FABRICAÇÃO ESCAMA CONCRETO ARMADO;Preparo de fôrma e armadura (interface);C1
Drenagem;FABRICAÇÃO ESCAMA CONCRETO ARMADO;Usinagem / confecção do concreto;C1
Drenagem;FABRICAÇÃO ESCAMA CONCRETO ARMADO;Transporte do concreto;C1
Drenagem;FABRICAÇÃO ESCAMA CONCRETO ARMADO;Lançamento do concreto;C1
Drenagem;FABRICAÇÃO ESCAMA CONCRETO ARMADO;Adensamento / vibração;C1
Drenagem;FABRICAÇÃO ESCAMA CONCRETO ARMADO;Cura;C1
Drenagem;FABRICAÇÃO ESCAMA CONCRETO ARMADO;Preparo de fôrma e armadura (interface);C2
Drenagem;FABRICAÇÃO ESCAMA CONCRETO ARMADO;Usinagem / confecção do concreto;C2
Drenagem;FABRICAÇÃO ESCAMA CONCRETO ARMADO;Transporte do concreto;C2
Drenagem;FABRICAÇÃO ESCAMA CONCRETO ARMADO;Lançamento do concreto;C2
Drenagem;FABRICAÇÃO ESCAMA CONCRETO ARMADO;Adensamento / vibração;C2
Drenagem;FABRICAÇÃO ESCAMA CONCRETO ARMADO;Cura;C2
Drenagem;FABRICAÇÃO ESCAMA CONCRETO ARMADO;Preparo de fôrma e armadura (interface);C3
Drenagem;FABRICAÇÃO ESCAMA CONCRETO ARMADO;Usinagem / confecção do concreto;C3
Drenagem;FABRICAÇÃO ESCAMA CONCRETO ARMADO;Transporte do concreto;C3
Drenagem;FABRICAÇÃO ESCAMA CONCRETO ARMADO;Lançamento do concreto;C3
Drenagem;FABRICAÇÃO ESCAMA CONCRETO ARMADO;Adensamento / vibração;C3
Drenagem;FABRICAÇÃO ESCAMA CONCRETO ARMADO;Cura;C3
Drenagem;FABRICAÇÃO ESCAMA CONCRETO ARMADO;Preparo de fôrma e armadura (interface);C4
Drenagem;FABRICAÇÃO ESCAMA CONCRETO ARMADO;Usinagem / confecção do concreto;C4
Drenagem;FABRICAÇÃO ESCAMA CONCRETO ARMADO;Transporte do concreto;C4
Drenagem;FABRICAÇÃO ESCAMA CONCRETO ARMADO;Lançamento do concreto;C4
Drenagem;FABRICAÇÃO ESCAMA CONCRETO ARMADO;Adensamento / vibração;C4
Drenagem;FABRICAÇÃO ESCAMA CONCRETO ARMADO;Cura;C4
Drenagem;FABRICAÇÃO ESCAMA CONCRETO ARMADO;Preparo de fôrma e armadura (interface);CANTEIRO INDUSTRIAL
Drenagem;FABRICAÇÃO ESCAMA CONCRETO ARMADO;Usinagem / confecção do concreto;CANTEIRO INDUSTRIAL
Drenagem;FABRICAÇÃO ESCAMA CONCRETO ARMADO;Transporte do concreto;CANTEIRO INDUSTRIAL
Drenagem;FABRICAÇÃO ESCAMA CONCRETO ARMADO;Lançamento do concreto;CANTEIRO INDUSTRIAL
Drenagem;FABRICAÇÃO ESCAMA CONCRETO ARMADO;Adensamento / vibração;CANTEIRO INDUSTRIAL
Drenagem;FABRICAÇÃO ESCAMA CONCRETO ARMADO;Cura;CANTEIRO INDUSTRIAL
Drenagem;FABRICAÇÃO ESCAMA CONCRETO ARMADO;Preparo de fôrma e armadura (interface);PARALELO DE IBIRAÇU
Drenagem;FABRICAÇÃO ESCAMA CONCRETO ARMADO;Usinagem / confecção do concreto;PARALELO DE IBIRAÇU
Drenagem;FABRICAÇÃO ESCAMA CONCRETO ARMADO;Transporte do concreto;PARALELO DE IBIRAÇU
Drenagem;FABRICAÇÃO ESCAMA CONCRETO ARMADO;Lançamento do concreto;PARALELO DE IBIRAÇU
Drenagem;FABRICAÇÃO ESCAMA CONCRETO ARMADO;Adensamento / vibração;PARALELO DE IBIRAÇU
Drenagem;FABRICAÇÃO ESCAMA CONCRETO ARMADO;Cura;PARALELO DE IBIRAÇU
Drenagem;FABRICAÇÃO ESCAMA CONCRETO ARMADO;Preparo de fôrma e armadura (interface);PÁTIO DE VIGAS
Drenagem;FABRICAÇÃO ESCAMA CONCRETO ARMADO;Usinagem / confecção do concreto;PÁTIO DE VIGAS
Drenagem;FABRICAÇÃO ESCAMA CONCRETO ARMADO;Transporte do concreto;PÁTIO DE VIGAS
Drenagem;FABRICAÇÃO ESCAMA CONCRETO ARMADO;Lançamento do concreto;PÁTIO DE VIGAS
Drenagem;FABRICAÇÃO ESCAMA CONCRETO ARMADO;Adensamento / vibração;PÁTIO DE VIGAS
Drenagem;FABRICAÇÃO ESCAMA CONCRETO ARMADO;Cura;PÁTIO DE VIGAS
Drenagem;GABIÃO CAIXA;Preparo e regularização da fundação;D2
Drenagem;GABIÃO CAIXA;Montagem e armação das gaiolas;D2
Drenagem;GABIÃO CAIXA;Amarração das gaiolas;D2
Drenagem;GABIÃO CAIXA;Enchimento com pedra de mão;D2
Drenagem;GABIÃO CAIXA;Fechamento das tampas;D2
Drenagem;GABIÃO CAIXA;Escalonamento das camadas;D2
Drenagem;GÁRGULA SIMPLES;Marcação / locação;D2
Drenagem;GÁRGULA SIMPLES;Fôrma;D2
Drenagem;GÁRGULA SIMPLES;Armação;D2
Drenagem;GÁRGULA SIMPLES;Concretagem;D2
Drenagem;GÁRGULA SIMPLES;Cura;D2
Drenagem;GÁRGULA SIMPLES;Instalação do tubo de saída;D2
Drenagem;HIDROSSEMEADURA;Preparo e regularização do talude;C1
Drenagem;HIDROSSEMEADURA;Preparo da mistura (semente, adubo e fixador);C1
Drenagem;HIDROSSEMEADURA;Aplicação por hidrossemeadura;C1
Drenagem;HIDROSSEMEADURA;Umectação e manutenção inicial;C1
Drenagem;HIDROSSEMEADURA;Preparo e regularização do talude;C2
Drenagem;HIDROSSEMEADURA;Preparo da mistura (semente, adubo e fixador);C2
Drenagem;HIDROSSEMEADURA;Aplicação por hidrossemeadura;C2
Drenagem;HIDROSSEMEADURA;Umectação e manutenção inicial;C2
Drenagem;HIDROSSEMEADURA;Preparo e regularização do talude;C3
Drenagem;HIDROSSEMEADURA;Preparo da mistura (semente, adubo e fixador);C3
Drenagem;HIDROSSEMEADURA;Aplicação por hidrossemeadura;C3
Drenagem;HIDROSSEMEADURA;Umectação e manutenção inicial;C3
Drenagem;HIDROSSEMEADURA;Preparo e regularização do talude;C4
Drenagem;HIDROSSEMEADURA;Preparo da mistura (semente, adubo e fixador);C4
Drenagem;HIDROSSEMEADURA;Aplicação por hidrossemeadura;C4
Drenagem;HIDROSSEMEADURA;Umectação e manutenção inicial;C4
Drenagem;HIDROSSEMEADURA;Preparo e regularização do talude;CANTEIRO INDUSTRIAL
Drenagem;HIDROSSEMEADURA;Preparo da mistura (semente, adubo e fixador);CANTEIRO INDUSTRIAL
Drenagem;HIDROSSEMEADURA;Aplicação por hidrossemeadura;CANTEIRO INDUSTRIAL
Drenagem;HIDROSSEMEADURA;Umectação e manutenção inicial;CANTEIRO INDUSTRIAL
Drenagem;HIDROSSEMEADURA;Preparo e regularização do talude;CONTORNO DE FUNDÃO
Drenagem;HIDROSSEMEADURA;Preparo da mistura (semente, adubo e fixador);CONTORNO DE FUNDÃO
Drenagem;HIDROSSEMEADURA;Aplicação por hidrossemeadura;CONTORNO DE FUNDÃO
Drenagem;HIDROSSEMEADURA;Umectação e manutenção inicial;CONTORNO DE FUNDÃO
Drenagem;HIDROSSEMEADURA;Preparo e regularização do talude;CONTORNO DE IBIRAÇU
Drenagem;HIDROSSEMEADURA;Preparo da mistura (semente, adubo e fixador);CONTORNO DE IBIRAÇU
Drenagem;HIDROSSEMEADURA;Aplicação por hidrossemeadura;CONTORNO DE IBIRAÇU
Drenagem;HIDROSSEMEADURA;Umectação e manutenção inicial;CONTORNO DE IBIRAÇU
Drenagem;HIDROSSEMEADURA;Preparo e regularização do talude;D2
Drenagem;HIDROSSEMEADURA;Preparo da mistura (semente, adubo e fixador);D2
Drenagem;HIDROSSEMEADURA;Aplicação por hidrossemeadura;D2
Drenagem;HIDROSSEMEADURA;Umectação e manutenção inicial;D2
Drenagem;HIDROSSEMEADURA;Preparo e regularização do talude;PARALELO DE IBIRAÇU
Drenagem;HIDROSSEMEADURA;Preparo da mistura (semente, adubo e fixador);PARALELO DE IBIRAÇU
Drenagem;HIDROSSEMEADURA;Aplicação por hidrossemeadura;PARALELO DE IBIRAÇU
Drenagem;HIDROSSEMEADURA;Umectação e manutenção inicial;PARALELO DE IBIRAÇU
Drenagem;HIDROSSEMEADURA;Preparo e regularização do talude;PÁTIO DE VIGAS
Drenagem;HIDROSSEMEADURA;Preparo da mistura (semente, adubo e fixador);PÁTIO DE VIGAS
Drenagem;HIDROSSEMEADURA;Aplicação por hidrossemeadura;PÁTIO DE VIGAS
Drenagem;HIDROSSEMEADURA;Umectação e manutenção inicial;PÁTIO DE VIGAS
Drenagem;INSTALAÇÃO DE CERCA;Locação e marcação do alinhamento;C1
Drenagem;INSTALAÇÃO DE CERCA;Abertura das covas;C1
Drenagem;INSTALAÇÃO DE CERCA;Fixação dos mourões e esticadores;C1
Drenagem;INSTALAÇÃO DE CERCA;Estiramento dos fios de arame;C1
Drenagem;INSTALAÇÃO DE CERCA;Fixação / grampeamento dos fios;C1
Drenagem;INSTALAÇÃO DE CERCA;Locação e marcação do alinhamento;C2
Drenagem;INSTALAÇÃO DE CERCA;Abertura das covas;C2
Drenagem;INSTALAÇÃO DE CERCA;Fixação dos mourões e esticadores;C2
Drenagem;INSTALAÇÃO DE CERCA;Estiramento dos fios de arame;C2
Drenagem;INSTALAÇÃO DE CERCA;Fixação / grampeamento dos fios;C2
Drenagem;INSTALAÇÃO DE CERCA;Locação e marcação do alinhamento;C3
Drenagem;INSTALAÇÃO DE CERCA;Abertura das covas;C3
Drenagem;INSTALAÇÃO DE CERCA;Fixação dos mourões e esticadores;C3
Drenagem;INSTALAÇÃO DE CERCA;Estiramento dos fios de arame;C3
Drenagem;INSTALAÇÃO DE CERCA;Fixação / grampeamento dos fios;C3
Drenagem;INSTALAÇÃO DE CERCA;Locação e marcação do alinhamento;C4
Drenagem;INSTALAÇÃO DE CERCA;Abertura das covas;C4
Drenagem;INSTALAÇÃO DE CERCA;Fixação dos mourões e esticadores;C4
Drenagem;INSTALAÇÃO DE CERCA;Estiramento dos fios de arame;C4
Drenagem;INSTALAÇÃO DE CERCA;Fixação / grampeamento dos fios;C4
Drenagem;INSTALAÇÃO DE CERCA;Locação e marcação do alinhamento;CANTEIRO INDUSTRIAL
Drenagem;INSTALAÇÃO DE CERCA;Abertura das covas;CANTEIRO INDUSTRIAL
Drenagem;INSTALAÇÃO DE CERCA;Fixação dos mourões e esticadores;CANTEIRO INDUSTRIAL
Drenagem;INSTALAÇÃO DE CERCA;Estiramento dos fios de arame;CANTEIRO INDUSTRIAL
Drenagem;INSTALAÇÃO DE CERCA;Fixação / grampeamento dos fios;CANTEIRO INDUSTRIAL
Drenagem;INSTALAÇÃO DE CERCA;Locação e marcação do alinhamento;CONTORNO DE FUNDÃO
Drenagem;INSTALAÇÃO DE CERCA;Abertura das covas;CONTORNO DE FUNDÃO
Drenagem;INSTALAÇÃO DE CERCA;Fixação dos mourões e esticadores;CONTORNO DE FUNDÃO
Drenagem;INSTALAÇÃO DE CERCA;Estiramento dos fios de arame;CONTORNO DE FUNDÃO
Drenagem;INSTALAÇÃO DE CERCA;Fixação / grampeamento dos fios;CONTORNO DE FUNDÃO
Drenagem;INSTALAÇÃO DE CERCA;Locação e marcação do alinhamento;CONTORNO DE IBIRAÇU
Drenagem;INSTALAÇÃO DE CERCA;Abertura das covas;CONTORNO DE IBIRAÇU
Drenagem;INSTALAÇÃO DE CERCA;Fixação dos mourões e esticadores;CONTORNO DE IBIRAÇU
Drenagem;INSTALAÇÃO DE CERCA;Estiramento dos fios de arame;CONTORNO DE IBIRAÇU
Drenagem;INSTALAÇÃO DE CERCA;Fixação / grampeamento dos fios;CONTORNO DE IBIRAÇU
Drenagem;INSTALAÇÃO DE CERCA;Locação e marcação do alinhamento;D2
Drenagem;INSTALAÇÃO DE CERCA;Abertura das covas;D2
Drenagem;INSTALAÇÃO DE CERCA;Fixação dos mourões e esticadores;D2
Drenagem;INSTALAÇÃO DE CERCA;Estiramento dos fios de arame;D2
Drenagem;INSTALAÇÃO DE CERCA;Fixação / grampeamento dos fios;D2
Drenagem;INSTALAÇÃO DE CERCA;Locação e marcação do alinhamento;PARALELO DE IBIRAÇU
Drenagem;INSTALAÇÃO DE CERCA;Abertura das covas;PARALELO DE IBIRAÇU
Drenagem;INSTALAÇÃO DE CERCA;Fixação dos mourões e esticadores;PARALELO DE IBIRAÇU
Drenagem;INSTALAÇÃO DE CERCA;Estiramento dos fios de arame;PARALELO DE IBIRAÇU
Drenagem;INSTALAÇÃO DE CERCA;Fixação / grampeamento dos fios;PARALELO DE IBIRAÇU
Drenagem;INSTALAÇÃO DE CERCA;Locação e marcação do alinhamento;PÁTIO DE VIGAS
Drenagem;INSTALAÇÃO DE CERCA;Abertura das covas;PÁTIO DE VIGAS
Drenagem;INSTALAÇÃO DE CERCA;Fixação dos mourões e esticadores;PÁTIO DE VIGAS
Drenagem;INSTALAÇÃO DE CERCA;Estiramento dos fios de arame;PÁTIO DE VIGAS
Drenagem;INSTALAÇÃO DE CERCA;Fixação / grampeamento dos fios;PÁTIO DE VIGAS
Drenagem;LASTRO DE BRITA;Regularização da superfície;C1
Drenagem;LASTRO DE BRITA;Lançamento da brita;C1
Drenagem;LASTRO DE BRITA;Espalhamento mecânico;C1
Drenagem;LASTRO DE BRITA;Compactação e regularização;C1
Drenagem;LASTRO DE BRITA;Regularização da superfície;C2
Drenagem;LASTRO DE BRITA;Lançamento da brita;C2
Drenagem;LASTRO DE BRITA;Espalhamento mecânico;C2
Drenagem;LASTRO DE BRITA;Compactação e regularização;C2
Drenagem;LASTRO DE BRITA;Regularização da superfície;C3
Drenagem;LASTRO DE BRITA;Lançamento da brita;C3
Drenagem;LASTRO DE BRITA;Espalhamento mecânico;C3
Drenagem;LASTRO DE BRITA;Compactação e regularização;C3
Drenagem;LASTRO DE BRITA;Regularização da superfície;C4
Drenagem;LASTRO DE BRITA;Lançamento da brita;C4
Drenagem;LASTRO DE BRITA;Espalhamento mecânico;C4
Drenagem;LASTRO DE BRITA;Compactação e regularização;C4
Drenagem;LASTRO DE BRITA;Regularização da superfície;CANTEIRO INDUSTRIAL
Drenagem;LASTRO DE BRITA;Lançamento da brita;CANTEIRO INDUSTRIAL
Drenagem;LASTRO DE BRITA;Espalhamento mecânico;CANTEIRO INDUSTRIAL
Drenagem;LASTRO DE BRITA;Compactação e regularização;CANTEIRO INDUSTRIAL
Drenagem;LASTRO DE BRITA;Regularização da superfície;D2
Drenagem;LASTRO DE BRITA;Lançamento da brita;D2
Drenagem;LASTRO DE BRITA;Espalhamento mecânico;D2
Drenagem;LASTRO DE BRITA;Compactação e regularização;D2
Drenagem;LASTRO DE BRITA;Regularização da superfície;PARALELO DE IBIRAÇU
Drenagem;LASTRO DE BRITA;Lançamento da brita;PARALELO DE IBIRAÇU
Drenagem;LASTRO DE BRITA;Espalhamento mecânico;PARALELO DE IBIRAÇU
Drenagem;LASTRO DE BRITA;Compactação e regularização;PARALELO DE IBIRAÇU
Drenagem;LASTRO DE BRITA;Regularização da superfície;PÁTIO DE VIGAS
Drenagem;LASTRO DE BRITA;Lançamento da brita;PÁTIO DE VIGAS
Drenagem;LASTRO DE BRITA;Espalhamento mecânico;PÁTIO DE VIGAS
Drenagem;LASTRO DE BRITA;Compactação e regularização;PÁTIO DE VIGAS
Drenagem;MEIO FIO;Locação / marcação;CONTORNO DE FUNDÃO
Drenagem;MEIO FIO;Escavação e regularização da base;CONTORNO DE FUNDÃO
Drenagem;MEIO FIO;Fôrma;CONTORNO DE FUNDÃO
Drenagem;MEIO FIO;Concretagem / assentamento;CONTORNO DE FUNDÃO
Drenagem;MEIO FIO;Acabamento;CONTORNO DE FUNDÃO
Drenagem;MEIO FIO;Rejuntamento;CONTORNO DE FUNDÃO
Drenagem;MEIO FIO;Reaterro;CONTORNO DE FUNDÃO
Drenagem;MEIO FIO;Locação / marcação;CONTORNO DE IBIRAÇU
Drenagem;MEIO FIO;Escavação e regularização da base;CONTORNO DE IBIRAÇU
Drenagem;MEIO FIO;Fôrma;CONTORNO DE IBIRAÇU
Drenagem;MEIO FIO;Concretagem / assentamento;CONTORNO DE IBIRAÇU
Drenagem;MEIO FIO;Acabamento;CONTORNO DE IBIRAÇU
Drenagem;MEIO FIO;Rejuntamento;CONTORNO DE IBIRAÇU
Drenagem;MEIO FIO;Reaterro;CONTORNO DE IBIRAÇU
Drenagem;MEIO FIO;Locação / marcação;D2
Drenagem;MEIO FIO;Escavação e regularização da base;D2
Drenagem;MEIO FIO;Fôrma;D2
Drenagem;MEIO FIO;Concretagem / assentamento;D2
Drenagem;MEIO FIO;Acabamento;D2
Drenagem;MEIO FIO;Rejuntamento;D2
Drenagem;MEIO FIO;Reaterro;D2
Drenagem;MONTAGEM ESCAMAS CONCRETO ARMADO;Preparo de fôrma e armadura (interface);C1
Drenagem;MONTAGEM ESCAMAS CONCRETO ARMADO;Usinagem / confecção do concreto;C1
Drenagem;MONTAGEM ESCAMAS CONCRETO ARMADO;Transporte do concreto;C1
Drenagem;MONTAGEM ESCAMAS CONCRETO ARMADO;Lançamento do concreto;C1
Drenagem;MONTAGEM ESCAMAS CONCRETO ARMADO;Adensamento / vibração;C1
Drenagem;MONTAGEM ESCAMAS CONCRETO ARMADO;Cura;C1
Drenagem;MONTAGEM ESCAMAS CONCRETO ARMADO;Preparo de fôrma e armadura (interface);C2
Drenagem;MONTAGEM ESCAMAS CONCRETO ARMADO;Usinagem / confecção do concreto;C2
Drenagem;MONTAGEM ESCAMAS CONCRETO ARMADO;Transporte do concreto;C2
Drenagem;MONTAGEM ESCAMAS CONCRETO ARMADO;Lançamento do concreto;C2
Drenagem;MONTAGEM ESCAMAS CONCRETO ARMADO;Adensamento / vibração;C2
Drenagem;MONTAGEM ESCAMAS CONCRETO ARMADO;Cura;C2
Drenagem;MONTAGEM ESCAMAS CONCRETO ARMADO;Preparo de fôrma e armadura (interface);C3
Drenagem;MONTAGEM ESCAMAS CONCRETO ARMADO;Usinagem / confecção do concreto;C3
Drenagem;MONTAGEM ESCAMAS CONCRETO ARMADO;Transporte do concreto;C3
Drenagem;MONTAGEM ESCAMAS CONCRETO ARMADO;Lançamento do concreto;C3
Drenagem;MONTAGEM ESCAMAS CONCRETO ARMADO;Adensamento / vibração;C3
Drenagem;MONTAGEM ESCAMAS CONCRETO ARMADO;Cura;C3
Drenagem;MONTAGEM ESCAMAS CONCRETO ARMADO;Preparo de fôrma e armadura (interface);C4
Drenagem;MONTAGEM ESCAMAS CONCRETO ARMADO;Usinagem / confecção do concreto;C4
Drenagem;MONTAGEM ESCAMAS CONCRETO ARMADO;Transporte do concreto;C4
Drenagem;MONTAGEM ESCAMAS CONCRETO ARMADO;Lançamento do concreto;C4
Drenagem;MONTAGEM ESCAMAS CONCRETO ARMADO;Adensamento / vibração;C4
Drenagem;MONTAGEM ESCAMAS CONCRETO ARMADO;Cura;C4
Drenagem;MONTAGEM ESCAMAS CONCRETO ARMADO;Preparo de fôrma e armadura (interface);CANTEIRO INDUSTRIAL
Drenagem;MONTAGEM ESCAMAS CONCRETO ARMADO;Usinagem / confecção do concreto;CANTEIRO INDUSTRIAL
Drenagem;MONTAGEM ESCAMAS CONCRETO ARMADO;Transporte do concreto;CANTEIRO INDUSTRIAL
Drenagem;MONTAGEM ESCAMAS CONCRETO ARMADO;Lançamento do concreto;CANTEIRO INDUSTRIAL
Drenagem;MONTAGEM ESCAMAS CONCRETO ARMADO;Adensamento / vibração;CANTEIRO INDUSTRIAL
Drenagem;MONTAGEM ESCAMAS CONCRETO ARMADO;Cura;CANTEIRO INDUSTRIAL
Drenagem;MONTAGEM ESCAMAS CONCRETO ARMADO;Preparo de fôrma e armadura (interface);PARALELO DE IBIRAÇU
Drenagem;MONTAGEM ESCAMAS CONCRETO ARMADO;Usinagem / confecção do concreto;PARALELO DE IBIRAÇU
Drenagem;MONTAGEM ESCAMAS CONCRETO ARMADO;Transporte do concreto;PARALELO DE IBIRAÇU
Drenagem;MONTAGEM ESCAMAS CONCRETO ARMADO;Lançamento do concreto;PARALELO DE IBIRAÇU
Drenagem;MONTAGEM ESCAMAS CONCRETO ARMADO;Adensamento / vibração;PARALELO DE IBIRAÇU
Drenagem;MONTAGEM ESCAMAS CONCRETO ARMADO;Cura;PARALELO DE IBIRAÇU
Drenagem;MONTAGEM ESCAMAS CONCRETO ARMADO;Preparo de fôrma e armadura (interface);PÁTIO DE VIGAS
Drenagem;MONTAGEM ESCAMAS CONCRETO ARMADO;Usinagem / confecção do concreto;PÁTIO DE VIGAS
Drenagem;MONTAGEM ESCAMAS CONCRETO ARMADO;Transporte do concreto;PÁTIO DE VIGAS
Drenagem;MONTAGEM ESCAMAS CONCRETO ARMADO;Lançamento do concreto;PÁTIO DE VIGAS
Drenagem;MONTAGEM ESCAMAS CONCRETO ARMADO;Adensamento / vibração;PÁTIO DE VIGAS
Drenagem;MONTAGEM ESCAMAS CONCRETO ARMADO;Cura;PÁTIO DE VIGAS
Drenagem;MURO ESCAMA CONCRETO ARMADO ALTURA 4;Preparo de fôrma e armadura (interface);C1
Drenagem;MURO ESCAMA CONCRETO ARMADO ALTURA 4;Usinagem / confecção do concreto;C1
Drenagem;MURO ESCAMA CONCRETO ARMADO ALTURA 4;Transporte do concreto;C1
Drenagem;MURO ESCAMA CONCRETO ARMADO ALTURA 4;Lançamento do concreto;C1
Drenagem;MURO ESCAMA CONCRETO ARMADO ALTURA 4;Adensamento / vibração;C1
Drenagem;MURO ESCAMA CONCRETO ARMADO ALTURA 4;Cura;C1
Drenagem;MURO ESCAMA CONCRETO ARMADO ALTURA 4;Preparo de fôrma e armadura (interface);C2
Drenagem;MURO ESCAMA CONCRETO ARMADO ALTURA 4;Usinagem / confecção do concreto;C2
Drenagem;MURO ESCAMA CONCRETO ARMADO ALTURA 4;Transporte do concreto;C2
Drenagem;MURO ESCAMA CONCRETO ARMADO ALTURA 4;Lançamento do concreto;C2
Drenagem;MURO ESCAMA CONCRETO ARMADO ALTURA 4;Adensamento / vibração;C2
Drenagem;MURO ESCAMA CONCRETO ARMADO ALTURA 4;Cura;C2
Drenagem;MURO ESCAMA CONCRETO ARMADO ALTURA 4;Preparo de fôrma e armadura (interface);C3
Drenagem;MURO ESCAMA CONCRETO ARMADO ALTURA 4;Usinagem / confecção do concreto;C3
Drenagem;MURO ESCAMA CONCRETO ARMADO ALTURA 4;Transporte do concreto;C3
Drenagem;MURO ESCAMA CONCRETO ARMADO ALTURA 4;Lançamento do concreto;C3
Drenagem;MURO ESCAMA CONCRETO ARMADO ALTURA 4;Adensamento / vibração;C3
Drenagem;MURO ESCAMA CONCRETO ARMADO ALTURA 4;Cura;C3
Drenagem;MURO ESCAMA CONCRETO ARMADO ALTURA 4;Preparo de fôrma e armadura (interface);C4
Drenagem;MURO ESCAMA CONCRETO ARMADO ALTURA 4;Usinagem / confecção do concreto;C4
Drenagem;MURO ESCAMA CONCRETO ARMADO ALTURA 4;Transporte do concreto;C4
Drenagem;MURO ESCAMA CONCRETO ARMADO ALTURA 4;Lançamento do concreto;C4
Drenagem;MURO ESCAMA CONCRETO ARMADO ALTURA 4;Adensamento / vibração;C4
Drenagem;MURO ESCAMA CONCRETO ARMADO ALTURA 4;Cura;C4
Drenagem;MURO ESCAMA CONCRETO ARMADO ALTURA 4;Preparo de fôrma e armadura (interface);CANTEIRO INDUSTRIAL
Drenagem;MURO ESCAMA CONCRETO ARMADO ALTURA 4;Usinagem / confecção do concreto;CANTEIRO INDUSTRIAL
Drenagem;MURO ESCAMA CONCRETO ARMADO ALTURA 4;Transporte do concreto;CANTEIRO INDUSTRIAL
Drenagem;MURO ESCAMA CONCRETO ARMADO ALTURA 4;Lançamento do concreto;CANTEIRO INDUSTRIAL
Drenagem;MURO ESCAMA CONCRETO ARMADO ALTURA 4;Adensamento / vibração;CANTEIRO INDUSTRIAL
Drenagem;MURO ESCAMA CONCRETO ARMADO ALTURA 4;Cura;CANTEIRO INDUSTRIAL
Drenagem;MURO ESCAMA CONCRETO ARMADO ALTURA 4;Preparo de fôrma e armadura (interface);PARALELO DE IBIRAÇU
Drenagem;MURO ESCAMA CONCRETO ARMADO ALTURA 4;Usinagem / confecção do concreto;PARALELO DE IBIRAÇU
Drenagem;MURO ESCAMA CONCRETO ARMADO ALTURA 4;Transporte do concreto;PARALELO DE IBIRAÇU
Drenagem;MURO ESCAMA CONCRETO ARMADO ALTURA 4;Lançamento do concreto;PARALELO DE IBIRAÇU
Drenagem;MURO ESCAMA CONCRETO ARMADO ALTURA 4;Adensamento / vibração;PARALELO DE IBIRAÇU
Drenagem;MURO ESCAMA CONCRETO ARMADO ALTURA 4;Cura;PARALELO DE IBIRAÇU
Drenagem;MURO ESCAMA CONCRETO ARMADO ALTURA 4;Preparo de fôrma e armadura (interface);PÁTIO DE VIGAS
Drenagem;MURO ESCAMA CONCRETO ARMADO ALTURA 4;Usinagem / confecção do concreto;PÁTIO DE VIGAS
Drenagem;MURO ESCAMA CONCRETO ARMADO ALTURA 4;Transporte do concreto;PÁTIO DE VIGAS
Drenagem;MURO ESCAMA CONCRETO ARMADO ALTURA 4;Lançamento do concreto;PÁTIO DE VIGAS
Drenagem;MURO ESCAMA CONCRETO ARMADO ALTURA 4;Adensamento / vibração;PÁTIO DE VIGAS
Drenagem;MURO ESCAMA CONCRETO ARMADO ALTURA 4;Cura;PÁTIO DE VIGAS
Drenagem;MURO ESCAMA CONCRETO ARMADO ALTURA 8;Preparo de fôrma e armadura (interface);C1
Drenagem;MURO ESCAMA CONCRETO ARMADO ALTURA 8;Usinagem / confecção do concreto;C1
Drenagem;MURO ESCAMA CONCRETO ARMADO ALTURA 8;Transporte do concreto;C1
Drenagem;MURO ESCAMA CONCRETO ARMADO ALTURA 8;Lançamento do concreto;C1
Drenagem;MURO ESCAMA CONCRETO ARMADO ALTURA 8;Adensamento / vibração;C1
Drenagem;MURO ESCAMA CONCRETO ARMADO ALTURA 8;Cura;C1
Drenagem;MURO ESCAMA CONCRETO ARMADO ALTURA 8;Preparo de fôrma e armadura (interface);C2
Drenagem;MURO ESCAMA CONCRETO ARMADO ALTURA 8;Usinagem / confecção do concreto;C2
Drenagem;MURO ESCAMA CONCRETO ARMADO ALTURA 8;Transporte do concreto;C2
Drenagem;MURO ESCAMA CONCRETO ARMADO ALTURA 8;Lançamento do concreto;C2
Drenagem;MURO ESCAMA CONCRETO ARMADO ALTURA 8;Adensamento / vibração;C2
Drenagem;MURO ESCAMA CONCRETO ARMADO ALTURA 8;Cura;C2
Drenagem;MURO ESCAMA CONCRETO ARMADO ALTURA 8;Preparo de fôrma e armadura (interface);C3
Drenagem;MURO ESCAMA CONCRETO ARMADO ALTURA 8;Usinagem / confecção do concreto;C3
Drenagem;MURO ESCAMA CONCRETO ARMADO ALTURA 8;Transporte do concreto;C3
Drenagem;MURO ESCAMA CONCRETO ARMADO ALTURA 8;Lançamento do concreto;C3
Drenagem;MURO ESCAMA CONCRETO ARMADO ALTURA 8;Adensamento / vibração;C3
Drenagem;MURO ESCAMA CONCRETO ARMADO ALTURA 8;Cura;C3
Drenagem;MURO ESCAMA CONCRETO ARMADO ALTURA 8;Preparo de fôrma e armadura (interface);C4
Drenagem;MURO ESCAMA CONCRETO ARMADO ALTURA 8;Usinagem / confecção do concreto;C4
Drenagem;MURO ESCAMA CONCRETO ARMADO ALTURA 8;Transporte do concreto;C4
Drenagem;MURO ESCAMA CONCRETO ARMADO ALTURA 8;Lançamento do concreto;C4
Drenagem;MURO ESCAMA CONCRETO ARMADO ALTURA 8;Adensamento / vibração;C4
Drenagem;MURO ESCAMA CONCRETO ARMADO ALTURA 8;Cura;C4
Drenagem;MURO ESCAMA CONCRETO ARMADO ALTURA 8;Preparo de fôrma e armadura (interface);CANTEIRO INDUSTRIAL
Drenagem;MURO ESCAMA CONCRETO ARMADO ALTURA 8;Usinagem / confecção do concreto;CANTEIRO INDUSTRIAL
Drenagem;MURO ESCAMA CONCRETO ARMADO ALTURA 8;Transporte do concreto;CANTEIRO INDUSTRIAL
Drenagem;MURO ESCAMA CONCRETO ARMADO ALTURA 8;Lançamento do concreto;CANTEIRO INDUSTRIAL
Drenagem;MURO ESCAMA CONCRETO ARMADO ALTURA 8;Adensamento / vibração;CANTEIRO INDUSTRIAL
Drenagem;MURO ESCAMA CONCRETO ARMADO ALTURA 8;Cura;CANTEIRO INDUSTRIAL
Drenagem;MURO ESCAMA CONCRETO ARMADO ALTURA 8;Preparo de fôrma e armadura (interface);PARALELO DE IBIRAÇU
Drenagem;MURO ESCAMA CONCRETO ARMADO ALTURA 8;Usinagem / confecção do concreto;PARALELO DE IBIRAÇU
Drenagem;MURO ESCAMA CONCRETO ARMADO ALTURA 8;Transporte do concreto;PARALELO DE IBIRAÇU
Drenagem;MURO ESCAMA CONCRETO ARMADO ALTURA 8;Lançamento do concreto;PARALELO DE IBIRAÇU
Drenagem;MURO ESCAMA CONCRETO ARMADO ALTURA 8;Adensamento / vibração;PARALELO DE IBIRAÇU
Drenagem;MURO ESCAMA CONCRETO ARMADO ALTURA 8;Cura;PARALELO DE IBIRAÇU
Drenagem;MURO ESCAMA CONCRETO ARMADO ALTURA 8;Preparo de fôrma e armadura (interface);PÁTIO DE VIGAS
Drenagem;MURO ESCAMA CONCRETO ARMADO ALTURA 8;Usinagem / confecção do concreto;PÁTIO DE VIGAS
Drenagem;MURO ESCAMA CONCRETO ARMADO ALTURA 8;Transporte do concreto;PÁTIO DE VIGAS
Drenagem;MURO ESCAMA CONCRETO ARMADO ALTURA 8;Lançamento do concreto;PÁTIO DE VIGAS
Drenagem;MURO ESCAMA CONCRETO ARMADO ALTURA 8;Adensamento / vibração;PÁTIO DE VIGAS
Drenagem;MURO ESCAMA CONCRETO ARMADO ALTURA 8;Cura;PÁTIO DE VIGAS
Drenagem;PLANTIO DE GRAMA;Preparo e regularização do terreno;C1
Drenagem;PLANTIO DE GRAMA;Espalhamento de terra vegetal;C1
Drenagem;PLANTIO DE GRAMA;Assentamento das placas de grama;C1
Drenagem;PLANTIO DE GRAMA;Umectação / irrigação até a pega;C1
Drenagem;PLANTIO DE GRAMA;Preparo e regularização do terreno;C2
Drenagem;PLANTIO DE GRAMA;Espalhamento de terra vegetal;C2
Drenagem;PLANTIO DE GRAMA;Assentamento das placas de grama;C2
Drenagem;PLANTIO DE GRAMA;Umectação / irrigação até a pega;C2
Drenagem;PLANTIO DE GRAMA;Preparo e regularização do terreno;C3
Drenagem;PLANTIO DE GRAMA;Espalhamento de terra vegetal;C3
Drenagem;PLANTIO DE GRAMA;Assentamento das placas de grama;C3
Drenagem;PLANTIO DE GRAMA;Umectação / irrigação até a pega;C3
Drenagem;PLANTIO DE GRAMA;Preparo e regularização do terreno;C4
Drenagem;PLANTIO DE GRAMA;Espalhamento de terra vegetal;C4
Drenagem;PLANTIO DE GRAMA;Assentamento das placas de grama;C4
Drenagem;PLANTIO DE GRAMA;Umectação / irrigação até a pega;C4
Drenagem;PLANTIO DE GRAMA;Preparo e regularização do terreno;CANTEIRO INDUSTRIAL
Drenagem;PLANTIO DE GRAMA;Espalhamento de terra vegetal;CANTEIRO INDUSTRIAL
Drenagem;PLANTIO DE GRAMA;Assentamento das placas de grama;CANTEIRO INDUSTRIAL
Drenagem;PLANTIO DE GRAMA;Umectação / irrigação até a pega;CANTEIRO INDUSTRIAL
Drenagem;PLANTIO DE GRAMA;Preparo e regularização do terreno;CONTORNO DE FUNDÃO
Drenagem;PLANTIO DE GRAMA;Espalhamento de terra vegetal;CONTORNO DE FUNDÃO
Drenagem;PLANTIO DE GRAMA;Assentamento das placas de grama;CONTORNO DE FUNDÃO
Drenagem;PLANTIO DE GRAMA;Umectação / irrigação até a pega;CONTORNO DE FUNDÃO
Drenagem;PLANTIO DE GRAMA;Preparo e regularização do terreno;CONTORNO DE IBIRAÇU
Drenagem;PLANTIO DE GRAMA;Espalhamento de terra vegetal;CONTORNO DE IBIRAÇU
Drenagem;PLANTIO DE GRAMA;Assentamento das placas de grama;CONTORNO DE IBIRAÇU
Drenagem;PLANTIO DE GRAMA;Umectação / irrigação até a pega;CONTORNO DE IBIRAÇU
Drenagem;PLANTIO DE GRAMA;Preparo e regularização do terreno;D2
Drenagem;PLANTIO DE GRAMA;Espalhamento de terra vegetal;D2
Drenagem;PLANTIO DE GRAMA;Assentamento das placas de grama;D2
Drenagem;PLANTIO DE GRAMA;Umectação / irrigação até a pega;D2
Drenagem;PLANTIO DE GRAMA;Preparo e regularização do terreno;PARALELO DE IBIRAÇU
Drenagem;PLANTIO DE GRAMA;Espalhamento de terra vegetal;PARALELO DE IBIRAÇU
Drenagem;PLANTIO DE GRAMA;Assentamento das placas de grama;PARALELO DE IBIRAÇU
Drenagem;PLANTIO DE GRAMA;Umectação / irrigação até a pega;PARALELO DE IBIRAÇU
Drenagem;PLANTIO DE GRAMA;Preparo e regularização do terreno;PÁTIO DE VIGAS
Drenagem;PLANTIO DE GRAMA;Espalhamento de terra vegetal;PÁTIO DE VIGAS
Drenagem;PLANTIO DE GRAMA;Assentamento das placas de grama;PÁTIO DE VIGAS
Drenagem;PLANTIO DE GRAMA;Umectação / irrigação até a pega;PÁTIO DE VIGAS
Drenagem;REATERRO E COMPACTAÇÃO;Lançamento do material em camadas;D2
Drenagem;REATERRO E COMPACTAÇÃO;Umectação e homogeneização;D2
Drenagem;REATERRO E COMPACTAÇÃO;Compactação (soquete / placa);D2
Drenagem;REATERRO E COMPACTAÇÃO;Controle;D2
Drenagem;SARJETA;Locação / marcação topográfica;C1
Drenagem;SARJETA;Escavação mecânica da vala;C1
Drenagem;SARJETA;Regularização e apiloamento do fundo/berço;C1
Drenagem;SARJETA;Fôrma;C1
Drenagem;SARJETA;Lançamento do concreto;C1
Drenagem;SARJETA;Acabamento / desempeno;C1
Drenagem;SARJETA;Cura;C1
Drenagem;SARJETA;Reaterro lateral e compactação;C1
Drenagem;SARJETA;Locação / marcação topográfica;C2
Drenagem;SARJETA;Escavação mecânica da vala;C2
Drenagem;SARJETA;Regularização e apiloamento do fundo/berço;C2
Drenagem;SARJETA;Fôrma;C2
Drenagem;SARJETA;Lançamento do concreto;C2
Drenagem;SARJETA;Acabamento / desempeno;C2
Drenagem;SARJETA;Cura;C2
Drenagem;SARJETA;Reaterro lateral e compactação;C2
Drenagem;SARJETA;Locação / marcação topográfica;C3
Drenagem;SARJETA;Escavação mecânica da vala;C3
Drenagem;SARJETA;Regularização e apiloamento do fundo/berço;C3
Drenagem;SARJETA;Fôrma;C3
Drenagem;SARJETA;Lançamento do concreto;C3
Drenagem;SARJETA;Acabamento / desempeno;C3
Drenagem;SARJETA;Cura;C3
Drenagem;SARJETA;Reaterro lateral e compactação;C3
Drenagem;SARJETA;Locação / marcação topográfica;C4
Drenagem;SARJETA;Escavação mecânica da vala;C4
Drenagem;SARJETA;Regularização e apiloamento do fundo/berço;C4
Drenagem;SARJETA;Fôrma;C4
Drenagem;SARJETA;Lançamento do concreto;C4
Drenagem;SARJETA;Acabamento / desempeno;C4
Drenagem;SARJETA;Cura;C4
Drenagem;SARJETA;Reaterro lateral e compactação;C4
Drenagem;SARJETA;Locação / marcação topográfica;CANTEIRO INDUSTRIAL
Drenagem;SARJETA;Escavação mecânica da vala;CANTEIRO INDUSTRIAL
Drenagem;SARJETA;Regularização e apiloamento do fundo/berço;CANTEIRO INDUSTRIAL
Drenagem;SARJETA;Fôrma;CANTEIRO INDUSTRIAL
Drenagem;SARJETA;Lançamento do concreto;CANTEIRO INDUSTRIAL
Drenagem;SARJETA;Acabamento / desempeno;CANTEIRO INDUSTRIAL
Drenagem;SARJETA;Cura;CANTEIRO INDUSTRIAL
Drenagem;SARJETA;Reaterro lateral e compactação;CANTEIRO INDUSTRIAL
Drenagem;SARJETA;Locação / marcação topográfica;CONTORNO DE FUNDÃO
Drenagem;SARJETA;Escavação mecânica da vala;CONTORNO DE FUNDÃO
Drenagem;SARJETA;Regularização e apiloamento do fundo/berço;CONTORNO DE FUNDÃO
Drenagem;SARJETA;Fôrma;CONTORNO DE FUNDÃO
Drenagem;SARJETA;Lançamento do concreto;CONTORNO DE FUNDÃO
Drenagem;SARJETA;Acabamento / desempeno;CONTORNO DE FUNDÃO
Drenagem;SARJETA;Cura;CONTORNO DE FUNDÃO
Drenagem;SARJETA;Reaterro lateral e compactação;CONTORNO DE FUNDÃO
Drenagem;SARJETA;Locação / marcação topográfica;CONTORNO DE IBIRAÇU
Drenagem;SARJETA;Escavação mecânica da vala;CONTORNO DE IBIRAÇU
Drenagem;SARJETA;Regularização e apiloamento do fundo/berço;CONTORNO DE IBIRAÇU
Drenagem;SARJETA;Fôrma;CONTORNO DE IBIRAÇU
Drenagem;SARJETA;Lançamento do concreto;CONTORNO DE IBIRAÇU
Drenagem;SARJETA;Acabamento / desempeno;CONTORNO DE IBIRAÇU
Drenagem;SARJETA;Cura;CONTORNO DE IBIRAÇU
Drenagem;SARJETA;Reaterro lateral e compactação;CONTORNO DE IBIRAÇU
Drenagem;SARJETA;Locação / marcação topográfica;D2
Drenagem;SARJETA;Escavação mecânica da vala;D2
Drenagem;SARJETA;Regularização e apiloamento do fundo/berço;D2
Drenagem;SARJETA;Fôrma;D2
Drenagem;SARJETA;Lançamento do concreto;D2
Drenagem;SARJETA;Acabamento / desempeno;D2
Drenagem;SARJETA;Cura;D2
Drenagem;SARJETA;Reaterro lateral e compactação;D2
Drenagem;SARJETA;Locação / marcação topográfica;PARALELO DE IBIRAÇU
Drenagem;SARJETA;Escavação mecânica da vala;PARALELO DE IBIRAÇU
Drenagem;SARJETA;Regularização e apiloamento do fundo/berço;PARALELO DE IBIRAÇU
Drenagem;SARJETA;Fôrma;PARALELO DE IBIRAÇU
Drenagem;SARJETA;Lançamento do concreto;PARALELO DE IBIRAÇU
Drenagem;SARJETA;Acabamento / desempeno;PARALELO DE IBIRAÇU
Drenagem;SARJETA;Cura;PARALELO DE IBIRAÇU
Drenagem;SARJETA;Reaterro lateral e compactação;PARALELO DE IBIRAÇU
Drenagem;SARJETA;Locação / marcação topográfica;PÁTIO DE VIGAS
Drenagem;SARJETA;Escavação mecânica da vala;PÁTIO DE VIGAS
Drenagem;SARJETA;Regularização e apiloamento do fundo/berço;PÁTIO DE VIGAS
Drenagem;SARJETA;Fôrma;PÁTIO DE VIGAS
Drenagem;SARJETA;Lançamento do concreto;PÁTIO DE VIGAS
Drenagem;SARJETA;Acabamento / desempeno;PÁTIO DE VIGAS
Drenagem;SARJETA;Cura;PÁTIO DE VIGAS
Drenagem;SARJETA;Reaterro lateral e compactação;PÁTIO DE VIGAS
Drenagem;TUNNEL LINER;Escavação do maciço (método não destrutivo);C1
Drenagem;TUNNEL LINER;Montagem das chapas metálicas (liner);C1
Drenagem;TUNNEL LINER;Aparafusamento e vedação das juntas;C1
Drenagem;TUNNEL LINER;Injeção / preenchimento do vazio (grout);C1
Drenagem;TUNNEL LINER;Acabamento das bocas;C1
Drenagem;TUNNEL LINER;Escavação do maciço (método não destrutivo);C2
Drenagem;TUNNEL LINER;Montagem das chapas metálicas (liner);C2
Drenagem;TUNNEL LINER;Aparafusamento e vedação das juntas;C2
Drenagem;TUNNEL LINER;Injeção / preenchimento do vazio (grout);C2
Drenagem;TUNNEL LINER;Acabamento das bocas;C2
Drenagem;TUNNEL LINER;Escavação do maciço (método não destrutivo);C3
Drenagem;TUNNEL LINER;Montagem das chapas metálicas (liner);C3
Drenagem;TUNNEL LINER;Aparafusamento e vedação das juntas;C3
Drenagem;TUNNEL LINER;Injeção / preenchimento do vazio (grout);C3
Drenagem;TUNNEL LINER;Acabamento das bocas;C3
Drenagem;TUNNEL LINER;Escavação do maciço (método não destrutivo);C4
Drenagem;TUNNEL LINER;Montagem das chapas metálicas (liner);C4
Drenagem;TUNNEL LINER;Aparafusamento e vedação das juntas;C4
Drenagem;TUNNEL LINER;Injeção / preenchimento do vazio (grout);C4
Drenagem;TUNNEL LINER;Acabamento das bocas;C4
Drenagem;TUNNEL LINER;Escavação do maciço (método não destrutivo);CANTEIRO INDUSTRIAL
Drenagem;TUNNEL LINER;Montagem das chapas metálicas (liner);CANTEIRO INDUSTRIAL
Drenagem;TUNNEL LINER;Aparafusamento e vedação das juntas;CANTEIRO INDUSTRIAL
Drenagem;TUNNEL LINER;Injeção / preenchimento do vazio (grout);CANTEIRO INDUSTRIAL
Drenagem;TUNNEL LINER;Acabamento das bocas;CANTEIRO INDUSTRIAL
Drenagem;TUNNEL LINER;Escavação do maciço (método não destrutivo);D2
Drenagem;TUNNEL LINER;Montagem das chapas metálicas (liner);D2
Drenagem;TUNNEL LINER;Aparafusamento e vedação das juntas;D2
Drenagem;TUNNEL LINER;Injeção / preenchimento do vazio (grout);D2
Drenagem;TUNNEL LINER;Acabamento das bocas;D2
Drenagem;TUNNEL LINER;Escavação do maciço (método não destrutivo);PARALELO DE IBIRAÇU
Drenagem;TUNNEL LINER;Montagem das chapas metálicas (liner);PARALELO DE IBIRAÇU
Drenagem;TUNNEL LINER;Aparafusamento e vedação das juntas;PARALELO DE IBIRAÇU
Drenagem;TUNNEL LINER;Injeção / preenchimento do vazio (grout);PARALELO DE IBIRAÇU
Drenagem;TUNNEL LINER;Acabamento das bocas;PARALELO DE IBIRAÇU
Drenagem;TUNNEL LINER;Escavação do maciço (método não destrutivo);PÁTIO DE VIGAS
Drenagem;TUNNEL LINER;Montagem das chapas metálicas (liner);PÁTIO DE VIGAS
Drenagem;TUNNEL LINER;Aparafusamento e vedação das juntas;PÁTIO DE VIGAS
Drenagem;TUNNEL LINER;Injeção / preenchimento do vazio (grout);PÁTIO DE VIGAS
Drenagem;TUNNEL LINER;Acabamento das bocas;PÁTIO DE VIGAS
Drenagem;VALETA;Locação / marcação topográfica;C1
Drenagem;VALETA;Escavação mecânica da vala;C1
Drenagem;VALETA;Regularização e apiloamento do fundo/berço;C1
Drenagem;VALETA;Fôrma;C1
Drenagem;VALETA;Lançamento do concreto;C1
Drenagem;VALETA;Acabamento / desempeno;C1
Drenagem;VALETA;Cura;C1
Drenagem;VALETA;Reaterro lateral e compactação;C1
Drenagem;VALETA;Locação / marcação topográfica;C2
Drenagem;VALETA;Escavação mecânica da vala;C2
Drenagem;VALETA;Regularização e apiloamento do fundo/berço;C2
Drenagem;VALETA;Fôrma;C2
Drenagem;VALETA;Lançamento do concreto;C2
Drenagem;VALETA;Acabamento / desempeno;C2
Drenagem;VALETA;Cura;C2
Drenagem;VALETA;Reaterro lateral e compactação;C2
Drenagem;VALETA;Locação / marcação topográfica;C3
Drenagem;VALETA;Escavação mecânica da vala;C3
Drenagem;VALETA;Regularização e apiloamento do fundo/berço;C3
Drenagem;VALETA;Fôrma;C3
Drenagem;VALETA;Lançamento do concreto;C3
Drenagem;VALETA;Acabamento / desempeno;C3
Drenagem;VALETA;Cura;C3
Drenagem;VALETA;Reaterro lateral e compactação;C3
Drenagem;VALETA;Locação / marcação topográfica;C4
Drenagem;VALETA;Escavação mecânica da vala;C4
Drenagem;VALETA;Regularização e apiloamento do fundo/berço;C4
Drenagem;VALETA;Fôrma;C4
Drenagem;VALETA;Lançamento do concreto;C4
Drenagem;VALETA;Acabamento / desempeno;C4
Drenagem;VALETA;Cura;C4
Drenagem;VALETA;Reaterro lateral e compactação;C4
Drenagem;VALETA;Locação / marcação topográfica;CANTEIRO INDUSTRIAL
Drenagem;VALETA;Escavação mecânica da vala;CANTEIRO INDUSTRIAL
Drenagem;VALETA;Regularização e apiloamento do fundo/berço;CANTEIRO INDUSTRIAL
Drenagem;VALETA;Fôrma;CANTEIRO INDUSTRIAL
Drenagem;VALETA;Lançamento do concreto;CANTEIRO INDUSTRIAL
Drenagem;VALETA;Acabamento / desempeno;CANTEIRO INDUSTRIAL
Drenagem;VALETA;Cura;CANTEIRO INDUSTRIAL
Drenagem;VALETA;Reaterro lateral e compactação;CANTEIRO INDUSTRIAL
Drenagem;VALETA;Locação / marcação topográfica;CONTORNO DE FUNDÃO
Drenagem;VALETA;Escavação mecânica da vala;CONTORNO DE FUNDÃO
Drenagem;VALETA;Regularização e apiloamento do fundo/berço;CONTORNO DE FUNDÃO
Drenagem;VALETA;Fôrma;CONTORNO DE FUNDÃO
Drenagem;VALETA;Lançamento do concreto;CONTORNO DE FUNDÃO
Drenagem;VALETA;Acabamento / desempeno;CONTORNO DE FUNDÃO
Drenagem;VALETA;Cura;CONTORNO DE FUNDÃO
Drenagem;VALETA;Reaterro lateral e compactação;CONTORNO DE FUNDÃO
Drenagem;VALETA;Locação / marcação topográfica;CONTORNO DE IBIRAÇU
Drenagem;VALETA;Escavação mecânica da vala;CONTORNO DE IBIRAÇU
Drenagem;VALETA;Regularização e apiloamento do fundo/berço;CONTORNO DE IBIRAÇU
Drenagem;VALETA;Fôrma;CONTORNO DE IBIRAÇU
Drenagem;VALETA;Lançamento do concreto;CONTORNO DE IBIRAÇU
Drenagem;VALETA;Acabamento / desempeno;CONTORNO DE IBIRAÇU
Drenagem;VALETA;Cura;CONTORNO DE IBIRAÇU
Drenagem;VALETA;Reaterro lateral e compactação;CONTORNO DE IBIRAÇU
Drenagem;VALETA;Locação / marcação topográfica;D2
Drenagem;VALETA;Escavação mecânica da vala;D2
Drenagem;VALETA;Regularização e apiloamento do fundo/berço;D2
Drenagem;VALETA;Fôrma;D2
Drenagem;VALETA;Lançamento do concreto;D2
Drenagem;VALETA;Acabamento / desempeno;D2
Drenagem;VALETA;Cura;D2
Drenagem;VALETA;Reaterro lateral e compactação;D2
Drenagem;VALETA;Locação / marcação topográfica;PARALELO DE IBIRAÇU
Drenagem;VALETA;Escavação mecânica da vala;PARALELO DE IBIRAÇU
Drenagem;VALETA;Regularização e apiloamento do fundo/berço;PARALELO DE IBIRAÇU
Drenagem;VALETA;Fôrma;PARALELO DE IBIRAÇU
Drenagem;VALETA;Lançamento do concreto;PARALELO DE IBIRAÇU
Drenagem;VALETA;Acabamento / desempeno;PARALELO DE IBIRAÇU
Drenagem;VALETA;Cura;PARALELO DE IBIRAÇU
Drenagem;VALETA;Reaterro lateral e compactação;PARALELO DE IBIRAÇU
Drenagem;VALETA;Locação / marcação topográfica;PÁTIO DE VIGAS
Drenagem;VALETA;Escavação mecânica da vala;PÁTIO DE VIGAS
Drenagem;VALETA;Regularização e apiloamento do fundo/berço;PÁTIO DE VIGAS
Drenagem;VALETA;Fôrma;PÁTIO DE VIGAS
Drenagem;VALETA;Lançamento do concreto;PÁTIO DE VIGAS
Drenagem;VALETA;Acabamento / desempeno;PÁTIO DE VIGAS
Drenagem;VALETA;Cura;PÁTIO DE VIGAS
Drenagem;VALETA;Reaterro lateral e compactação;PÁTIO DE VIGAS
Drenagem;BUEIRO CELULAR;Locação topográfica;C1
Drenagem;BUEIRO CELULAR;Escavação da vala / cava;C1
Drenagem;BUEIRO CELULAR;Regularização e apiloamento do fundo;C1
Drenagem;BUEIRO CELULAR;Lastro de concreto magro;C1
Drenagem;BUEIRO CELULAR;Execução do berço / base de assentamento;C1
Drenagem;BUEIRO CELULAR;Transporte e descarga das aduelas;C1
Drenagem;BUEIRO CELULAR;Içamento e assentamento da aduela;C1
Drenagem;BUEIRO CELULAR;Encaixe e alinhamento das peças;C1
Drenagem;BUEIRO CELULAR;Rejuntamento / vedação das juntas;C1
Drenagem;BUEIRO CELULAR;Reaterro e compactação;C1
Drenagem;BUEIRO CELULAR;Locação topográfica;C2
Drenagem;BUEIRO CELULAR;Escavação da vala / cava;C2
Drenagem;BUEIRO CELULAR;Regularização e apiloamento do fundo;C2
Drenagem;BUEIRO CELULAR;Lastro de concreto magro;C2
Drenagem;BUEIRO CELULAR;Execução do berço / base de assentamento;C2
Drenagem;BUEIRO CELULAR;Transporte e descarga das aduelas;C2
Drenagem;BUEIRO CELULAR;Içamento e assentamento da aduela;C2
Drenagem;BUEIRO CELULAR;Encaixe e alinhamento das peças;C2
Drenagem;BUEIRO CELULAR;Rejuntamento / vedação das juntas;C2
Drenagem;BUEIRO CELULAR;Reaterro e compactação;C2
Drenagem;BUEIRO CELULAR;Locação topográfica;C3
Drenagem;BUEIRO CELULAR;Escavação da vala / cava;C3
Drenagem;BUEIRO CELULAR;Regularização e apiloamento do fundo;C3
Drenagem;BUEIRO CELULAR;Lastro de concreto magro;C3
Drenagem;BUEIRO CELULAR;Execução do berço / base de assentamento;C3
Drenagem;BUEIRO CELULAR;Transporte e descarga das aduelas;C3
Drenagem;BUEIRO CELULAR;Içamento e assentamento da aduela;C3
Drenagem;BUEIRO CELULAR;Encaixe e alinhamento das peças;C3
Drenagem;BUEIRO CELULAR;Rejuntamento / vedação das juntas;C3
Drenagem;BUEIRO CELULAR;Reaterro e compactação;C3
Drenagem;BUEIRO CELULAR;Locação topográfica;C4
Drenagem;BUEIRO CELULAR;Escavação da vala / cava;C4
Drenagem;BUEIRO CELULAR;Regularização e apiloamento do fundo;C4
Drenagem;BUEIRO CELULAR;Lastro de concreto magro;C4
Drenagem;BUEIRO CELULAR;Execução do berço / base de assentamento;C4
Drenagem;BUEIRO CELULAR;Transporte e descarga das aduelas;C4
Drenagem;BUEIRO CELULAR;Içamento e assentamento da aduela;C4
Drenagem;BUEIRO CELULAR;Encaixe e alinhamento das peças;C4
Drenagem;BUEIRO CELULAR;Rejuntamento / vedação das juntas;C4
Drenagem;BUEIRO CELULAR;Reaterro e compactação;C4
Drenagem;BUEIRO CELULAR;Locação topográfica;CONTORNO DE FUNDÃO
Drenagem;BUEIRO CELULAR;Escavação da vala / cava;CONTORNO DE FUNDÃO
Drenagem;BUEIRO CELULAR;Regularização e apiloamento do fundo;CONTORNO DE FUNDÃO
Drenagem;BUEIRO CELULAR;Lastro de concreto magro;CONTORNO DE FUNDÃO
Drenagem;BUEIRO CELULAR;Execução do berço / base de assentamento;CONTORNO DE FUNDÃO
Drenagem;BUEIRO CELULAR;Transporte e descarga das aduelas;CONTORNO DE FUNDÃO
Drenagem;BUEIRO CELULAR;Içamento e assentamento da aduela;CONTORNO DE FUNDÃO
Drenagem;BUEIRO CELULAR;Encaixe e alinhamento das peças;CONTORNO DE FUNDÃO
Drenagem;BUEIRO CELULAR;Rejuntamento / vedação das juntas;CONTORNO DE FUNDÃO
Drenagem;BUEIRO CELULAR;Reaterro e compactação;CONTORNO DE FUNDÃO
Drenagem;BUEIRO CELULAR;Locação topográfica;CONTORNO DE IBIRAÇU
Drenagem;BUEIRO CELULAR;Escavação da vala / cava;CONTORNO DE IBIRAÇU
Drenagem;BUEIRO CELULAR;Regularização e apiloamento do fundo;CONTORNO DE IBIRAÇU
Drenagem;BUEIRO CELULAR;Lastro de concreto magro;CONTORNO DE IBIRAÇU
Drenagem;BUEIRO CELULAR;Execução do berço / base de assentamento;CONTORNO DE IBIRAÇU
Drenagem;BUEIRO CELULAR;Transporte e descarga das aduelas;CONTORNO DE IBIRAÇU
Drenagem;BUEIRO CELULAR;Içamento e assentamento da aduela;CONTORNO DE IBIRAÇU
Drenagem;BUEIRO CELULAR;Encaixe e alinhamento das peças;CONTORNO DE IBIRAÇU
Drenagem;BUEIRO CELULAR;Rejuntamento / vedação das juntas;CONTORNO DE IBIRAÇU
Drenagem;BUEIRO CELULAR;Reaterro e compactação;CONTORNO DE IBIRAÇU
Drenagem;BUEIRO CELULAR;Locação topográfica;D2
Drenagem;BUEIRO CELULAR;Escavação da vala / cava;D2
Drenagem;BUEIRO CELULAR;Regularização e apiloamento do fundo;D2
Drenagem;BUEIRO CELULAR;Lastro de concreto magro;D2
Drenagem;BUEIRO CELULAR;Execução do berço / base de assentamento;D2
Drenagem;BUEIRO CELULAR;Transporte e descarga das aduelas;D2
Drenagem;BUEIRO CELULAR;Içamento e assentamento da aduela;D2
Drenagem;BUEIRO CELULAR;Encaixe e alinhamento das peças;D2
Drenagem;BUEIRO CELULAR;Rejuntamento / vedação das juntas;D2
Drenagem;BUEIRO CELULAR;Reaterro e compactação;D2
Drenagem;BUEIRO CELULAR;Locação topográfica;PARALELO DE IBIRAÇU
Drenagem;BUEIRO CELULAR;Escavação da vala / cava;PARALELO DE IBIRAÇU
Drenagem;BUEIRO CELULAR;Regularização e apiloamento do fundo;PARALELO DE IBIRAÇU
Drenagem;BUEIRO CELULAR;Lastro de concreto magro;PARALELO DE IBIRAÇU
Drenagem;BUEIRO CELULAR;Execução do berço / base de assentamento;PARALELO DE IBIRAÇU
Drenagem;BUEIRO CELULAR;Transporte e descarga das aduelas;PARALELO DE IBIRAÇU
Drenagem;BUEIRO CELULAR;Içamento e assentamento da aduela;PARALELO DE IBIRAÇU
Drenagem;BUEIRO CELULAR;Encaixe e alinhamento das peças;PARALELO DE IBIRAÇU
Drenagem;BUEIRO CELULAR;Rejuntamento / vedação das juntas;PARALELO DE IBIRAÇU
Drenagem;BUEIRO CELULAR;Reaterro e compactação;PARALELO DE IBIRAÇU
Drenagem;BUEIRO CELULAR;Locação topográfica;PÁTIO DE VIGAS
Drenagem;BUEIRO CELULAR;Escavação da vala / cava;PÁTIO DE VIGAS
Drenagem;BUEIRO CELULAR;Regularização e apiloamento do fundo;PÁTIO DE VIGAS
Drenagem;BUEIRO CELULAR;Lastro de concreto magro;PÁTIO DE VIGAS
Drenagem;BUEIRO CELULAR;Execução do berço / base de assentamento;PÁTIO DE VIGAS
Drenagem;BUEIRO CELULAR;Transporte e descarga das aduelas;PÁTIO DE VIGAS
Drenagem;BUEIRO CELULAR;Içamento e assentamento da aduela;PÁTIO DE VIGAS
Drenagem;BUEIRO CELULAR;Encaixe e alinhamento das peças;PÁTIO DE VIGAS
Drenagem;BUEIRO CELULAR;Rejuntamento / vedação das juntas;PÁTIO DE VIGAS
Drenagem;BUEIRO CELULAR;Reaterro e compactação;PÁTIO DE VIGAS
Drenagem;BOMBEAMENTO DE ÁGUA;Posicionamento da bomba;C1
Drenagem;BOMBEAMENTO DE ÁGUA;Instalação de mangotes / tubulação de recalque;C1
Drenagem;BOMBEAMENTO DE ÁGUA;Escorva / afogamento da bomba;C1
Drenagem;BOMBEAMENTO DE ÁGUA;Bombeamento / esgotamento da água;C1
Drenagem;BOMBEAMENTO DE ÁGUA;Direcionamento e descarte da água;C1
Drenagem;BOMBEAMENTO DE ÁGUA;Recolhimento do equipamento;C1
Drenagem;BOMBEAMENTO DE ÁGUA;Posicionamento da bomba;C2
Drenagem;BOMBEAMENTO DE ÁGUA;Instalação de mangotes / tubulação de recalque;C2
Drenagem;BOMBEAMENTO DE ÁGUA;Escorva / afogamento da bomba;C2
Drenagem;BOMBEAMENTO DE ÁGUA;Bombeamento / esgotamento da água;C2
Drenagem;BOMBEAMENTO DE ÁGUA;Direcionamento e descarte da água;C2
Drenagem;BOMBEAMENTO DE ÁGUA;Recolhimento do equipamento;C2
Drenagem;BOMBEAMENTO DE ÁGUA;Posicionamento da bomba;C3
Drenagem;BOMBEAMENTO DE ÁGUA;Instalação de mangotes / tubulação de recalque;C3
Drenagem;BOMBEAMENTO DE ÁGUA;Escorva / afogamento da bomba;C3
Drenagem;BOMBEAMENTO DE ÁGUA;Bombeamento / esgotamento da água;C3
Drenagem;BOMBEAMENTO DE ÁGUA;Direcionamento e descarte da água;C3
Drenagem;BOMBEAMENTO DE ÁGUA;Recolhimento do equipamento;C3
Drenagem;BOMBEAMENTO DE ÁGUA;Posicionamento da bomba;C4
Drenagem;BOMBEAMENTO DE ÁGUA;Instalação de mangotes / tubulação de recalque;C4
Drenagem;BOMBEAMENTO DE ÁGUA;Escorva / afogamento da bomba;C4
Drenagem;BOMBEAMENTO DE ÁGUA;Bombeamento / esgotamento da água;C4
Drenagem;BOMBEAMENTO DE ÁGUA;Direcionamento e descarte da água;C4
Drenagem;BOMBEAMENTO DE ÁGUA;Recolhimento do equipamento;C4
Drenagem;BOMBEAMENTO DE ÁGUA;Posicionamento da bomba;CANTEIRO INDUSTRIAL
Drenagem;BOMBEAMENTO DE ÁGUA;Instalação de mangotes / tubulação de recalque;CANTEIRO INDUSTRIAL
Drenagem;BOMBEAMENTO DE ÁGUA;Escorva / afogamento da bomba;CANTEIRO INDUSTRIAL
Drenagem;BOMBEAMENTO DE ÁGUA;Bombeamento / esgotamento da água;CANTEIRO INDUSTRIAL
Drenagem;BOMBEAMENTO DE ÁGUA;Direcionamento e descarte da água;CANTEIRO INDUSTRIAL
Drenagem;BOMBEAMENTO DE ÁGUA;Recolhimento do equipamento;CANTEIRO INDUSTRIAL
Drenagem;BOMBEAMENTO DE ÁGUA;Posicionamento da bomba;CONTORNO DE FUNDÃO
Drenagem;BOMBEAMENTO DE ÁGUA;Instalação de mangotes / tubulação de recalque;CONTORNO DE FUNDÃO
Drenagem;BOMBEAMENTO DE ÁGUA;Escorva / afogamento da bomba;CONTORNO DE FUNDÃO
Drenagem;BOMBEAMENTO DE ÁGUA;Bombeamento / esgotamento da água;CONTORNO DE FUNDÃO
Drenagem;BOMBEAMENTO DE ÁGUA;Direcionamento e descarte da água;CONTORNO DE FUNDÃO
Drenagem;BOMBEAMENTO DE ÁGUA;Recolhimento do equipamento;CONTORNO DE FUNDÃO
Drenagem;BOMBEAMENTO DE ÁGUA;Posicionamento da bomba;CONTORNO DE IBIRAÇU
Drenagem;BOMBEAMENTO DE ÁGUA;Instalação de mangotes / tubulação de recalque;CONTORNO DE IBIRAÇU
Drenagem;BOMBEAMENTO DE ÁGUA;Escorva / afogamento da bomba;CONTORNO DE IBIRAÇU
Drenagem;BOMBEAMENTO DE ÁGUA;Bombeamento / esgotamento da água;CONTORNO DE IBIRAÇU
Drenagem;BOMBEAMENTO DE ÁGUA;Direcionamento e descarte da água;CONTORNO DE IBIRAÇU
Drenagem;BOMBEAMENTO DE ÁGUA;Recolhimento do equipamento;CONTORNO DE IBIRAÇU
Drenagem;BOMBEAMENTO DE ÁGUA;Posicionamento da bomba;D2
Drenagem;BOMBEAMENTO DE ÁGUA;Instalação de mangotes / tubulação de recalque;D2
Drenagem;BOMBEAMENTO DE ÁGUA;Escorva / afogamento da bomba;D2
Drenagem;BOMBEAMENTO DE ÁGUA;Bombeamento / esgotamento da água;D2
Drenagem;BOMBEAMENTO DE ÁGUA;Direcionamento e descarte da água;D2
Drenagem;BOMBEAMENTO DE ÁGUA;Recolhimento do equipamento;D2
Drenagem;BOMBEAMENTO DE ÁGUA;Posicionamento da bomba;PARALELO DE IBIRAÇU
Drenagem;BOMBEAMENTO DE ÁGUA;Instalação de mangotes / tubulação de recalque;PARALELO DE IBIRAÇU
Drenagem;BOMBEAMENTO DE ÁGUA;Escorva / afogamento da bomba;PARALELO DE IBIRAÇU
Drenagem;BOMBEAMENTO DE ÁGUA;Bombeamento / esgotamento da água;PARALELO DE IBIRAÇU
Drenagem;BOMBEAMENTO DE ÁGUA;Direcionamento e descarte da água;PARALELO DE IBIRAÇU
Drenagem;BOMBEAMENTO DE ÁGUA;Recolhimento do equipamento;PARALELO DE IBIRAÇU
Interferência;CLIMÁTICA;chuva e consequências;C1
Interferência;CLIMÁTICA;descarga atmosférica (alerta);C1
Interferência;CLIMÁTICA;aguardando limpeza da área após chuva;C1
Interferência;CLIMÁTICA;neblina;C1
Interferência;CLIMÁTICA;terreno impraticável;C1
Interferência;GERENCIÁVEL;5s - limpeza e organização;C1
Interferência;GERENCIÁVEL;abastecimento de água;C1
Interferência;GERENCIÁVEL;abastecimento e lubrificação de campo;C1
Interferência;GERENCIÁVEL;adequação de praça de serviço;C1
Interferência;GERENCIÁVEL;alimentação;C1
Interferência;GERENCIÁVEL;alojamento;C1
Interferência;GERENCIÁVEL;atendimento médico;C1
Interferência;GERENCIÁVEL;café da manhã;C1
Interferência;GERENCIÁVEL;coleta e distribuição de epi/epc;C1
Interferência;GERENCIÁVEL;coleta, distribuição e devolução de equipamento de pequeno porte e ferramenta;C1
Interferência;GERENCIÁVEL;deslocamento entre frentes;C1
Interferência;GERENCIÁVEL;documentação pessoal;C1
Interferência;GERENCIÁVEL;equipamento em manutenção;C1
Interferência;GERENCIÁVEL;evento sipat cbm;C1
Interferência;GERENCIÁVEL;falta de energia elétrica;C1
Interferência;GERENCIÁVEL;finalização de funcionário;C1
Interferência;GERENCIÁVEL;início de turno;C1
Interferência;GERENCIÁVEL;interstício;C1
Interferência;GERENCIÁVEL;lanche;C1
Interferência;GERENCIÁVEL;ordem unida;C1
Interferência;GERENCIÁVEL;outros;C1
Interferência;GERENCIÁVEL;paralisação de meio ambiente;C1
Interferência;GERENCIÁVEL;paralisação de segurança;C1
Interferência;GERENCIÁVEL;preenchimento de documentação;C1
Interferência;GERENCIÁVEL;regularização de passaporte;C1
Interferência;GERENCIÁVEL;relógio de ponto;C1
Interferência;GERENCIÁVEL;reunião dos encarregados;C1
Interferência;GERENCIÁVEL;tempo ocioso injustificável;C1
Interferência;GERENCIÁVEL;testes de medicina (ex.: aferição de pressão);C1
Interferência;GERENCIÁVEL;transporte;C1
Interferência;GERENCIÁVEL;transporte início de turno;C1
Interferência;GERENCIÁVEL;transporte alimentação;C1
Interferência;GERENCIÁVEL;transporte final de turno;C1
Interferência;GERENCIÁVEL;treinamentos;C1
Interferência;GERENCIÁVEL;troca de turno;C1
Interferência;NÃO GERENCIÁVEL (CLIENTE/TERCEIROS);aguardando ato;C1
Interferência;NÃO GERENCIÁVEL (CLIENTE/TERCEIROS);aguardando concreto;C1
Interferência;NÃO GERENCIÁVEL (CLIENTE/TERCEIROS);aguardando equipamento de grande porte;C1
Interferência;NÃO GERENCIÁVEL (CLIENTE/TERCEIROS);aguardando liberação de frente cbm;C1
Interferência;NÃO GERENCIÁVEL (CLIENTE/TERCEIROS);aguardando liberação de frente cliente;C1
Interferência;NÃO GERENCIÁVEL (CLIENTE/TERCEIROS);aguardando liberação de frente subcontratadas;C1
Interferência;NÃO GERENCIÁVEL (CLIENTE/TERCEIROS);aguardando liberação de pts;C1
Interferência;NÃO GERENCIÁVEL (CLIENTE/TERCEIROS);aguardando material;C1
Interferência;NÃO GERENCIÁVEL (CLIENTE/TERCEIROS);detonação cbm;C1
Interferência;NÃO GERENCIÁVEL (CLIENTE/TERCEIROS);detonação cliente;C1
Interferência;NÃO GERENCIÁVEL (CLIENTE/TERCEIROS);interferência na rodovia;C1
Interferência;NÃO GERENCIÁVEL (CLIENTE/TERCEIROS);liberação do laboratório;C1
Interferência;NÃO GERENCIÁVEL (CLIENTE/TERCEIROS);liberação da topografia;C1
Interferência;NÃO GERENCIÁVEL (CLIENTE/TERCEIROS);manutenção de subcontratadas;C1
Interferência;NÃO GERENCIÁVEL (CLIENTE/TERCEIROS);paralisação qsms cliente;C1
Interferência;NÃO GERENCIÁVEL (CLIENTE/TERCEIROS);topografia e qualidade cliente;C1
Interferência;NÃO GERENCIÁVEL (CLIENTE/TERCEIROS);treinamento cliente;C1
Interferência;CLIMÁTICA;chuva e consequências;C2
Interferência;CLIMÁTICA;descarga atmosférica (alerta);C2
Interferência;CLIMÁTICA;aguardando limpeza da área após chuva;C2
Interferência;CLIMÁTICA;neblina;C2
Interferência;CLIMÁTICA;terreno impraticável;C2
Interferência;GERENCIÁVEL;5s - limpeza e organização;C2
Interferência;GERENCIÁVEL;abastecimento de água;C2
Interferência;GERENCIÁVEL;abastecimento e lubrificação de campo;C2
Interferência;GERENCIÁVEL;adequação de praça de serviço;C2
Interferência;GERENCIÁVEL;alimentação;C2
Interferência;GERENCIÁVEL;alojamento;C2
Interferência;GERENCIÁVEL;atendimento médico;C2
Interferência;GERENCIÁVEL;café da manhã;C2
Interferência;GERENCIÁVEL;coleta e distribuição de epi/epc;C2
Interferência;GERENCIÁVEL;coleta, distribuição e devolução de equipamento de pequeno porte e ferramenta;C2
Interferência;GERENCIÁVEL;deslocamento entre frentes;C2
Interferência;GERENCIÁVEL;documentação pessoal;C2
Interferência;GERENCIÁVEL;equipamento em manutenção;C2
Interferência;GERENCIÁVEL;evento sipat cbm;C2
Interferência;GERENCIÁVEL;falta de energia elétrica;C2
Interferência;GERENCIÁVEL;finalização de funcionário;C2
Interferência;GERENCIÁVEL;início de turno;C2
Interferência;GERENCIÁVEL;interstício;C2
Interferência;GERENCIÁVEL;lanche;C2
Interferência;GERENCIÁVEL;ordem unida;C2
Interferência;GERENCIÁVEL;outros;C2
Interferência;GERENCIÁVEL;paralisação de meio ambiente;C2
Interferência;GERENCIÁVEL;paralisação de segurança;C2
Interferência;GERENCIÁVEL;preenchimento de documentação;C2
Interferência;GERENCIÁVEL;regularização de passaporte;C2
Interferência;GERENCIÁVEL;relógio de ponto;C2
Interferência;GERENCIÁVEL;reunião dos encarregados;C2
Interferência;GERENCIÁVEL;tempo ocioso injustificável;C2
Interferência;GERENCIÁVEL;testes de medicina (ex.: aferição de pressão);C2
Interferência;GERENCIÁVEL;transporte;C2
Interferência;GERENCIÁVEL;transporte início de turno;C2
Interferência;GERENCIÁVEL;transporte alimentação;C2
Interferência;GERENCIÁVEL;transporte final de turno;C2
Interferência;GERENCIÁVEL;treinamentos;C2
Interferência;GERENCIÁVEL;troca de turno;C2
Interferência;NÃO GERENCIÁVEL (CLIENTE/TERCEIROS);aguardando ato;C2
Interferência;NÃO GERENCIÁVEL (CLIENTE/TERCEIROS);aguardando concreto;C2
Interferência;NÃO GERENCIÁVEL (CLIENTE/TERCEIROS);aguardando equipamento de grande porte;C2
Interferência;NÃO GERENCIÁVEL (CLIENTE/TERCEIROS);aguardando liberação de frente cbm;C2
Interferência;NÃO GERENCIÁVEL (CLIENTE/TERCEIROS);aguardando liberação de frente cliente;C2
Interferência;NÃO GERENCIÁVEL (CLIENTE/TERCEIROS);aguardando liberação de frente subcontratadas;C2
Interferência;NÃO GERENCIÁVEL (CLIENTE/TERCEIROS);aguardando liberação de pts;C2
Interferência;NÃO GERENCIÁVEL (CLIENTE/TERCEIROS);aguardando material;C2
Interferência;NÃO GERENCIÁVEL (CLIENTE/TERCEIROS);detonação cbm;C2
Interferência;NÃO GERENCIÁVEL (CLIENTE/TERCEIROS);detonação cliente;C2
Interferência;NÃO GERENCIÁVEL (CLIENTE/TERCEIROS);interferência na rodovia;C2
Interferência;NÃO GERENCIÁVEL (CLIENTE/TERCEIROS);liberação do laboratório;C2
Interferência;NÃO GERENCIÁVEL (CLIENTE/TERCEIROS);liberação da topografia;C2
Interferência;NÃO GERENCIÁVEL (CLIENTE/TERCEIROS);manutenção de subcontratadas;C2
Interferência;NÃO GERENCIÁVEL (CLIENTE/TERCEIROS);paralisação qsms cliente;C2
Interferência;NÃO GERENCIÁVEL (CLIENTE/TERCEIROS);topografia e qualidade cliente;C2
Interferência;NÃO GERENCIÁVEL (CLIENTE/TERCEIROS);treinamento cliente;C2
Interferência;CLIMÁTICA;chuva e consequências;C3
Interferência;CLIMÁTICA;descarga atmosférica (alerta);C3
Interferência;CLIMÁTICA;aguardando limpeza da área após chuva;C3
Interferência;CLIMÁTICA;neblina;C3
Interferência;CLIMÁTICA;terreno impraticável;C3
Interferência;GERENCIÁVEL;5s - limpeza e organização;C3
Interferência;GERENCIÁVEL;abastecimento de água;C3
Interferência;GERENCIÁVEL;abastecimento e lubrificação de campo;C3
Interferência;GERENCIÁVEL;adequação de praça de serviço;C3
Interferência;GERENCIÁVEL;alimentação;C3
Interferência;GERENCIÁVEL;alojamento;C3
Interferência;GERENCIÁVEL;atendimento médico;C3
Interferência;GERENCIÁVEL;café da manhã;C3
Interferência;GERENCIÁVEL;coleta e distribuição de epi/epc;C3
Interferência;GERENCIÁVEL;coleta, distribuição e devolução de equipamento de pequeno porte e ferramenta;C3
Interferência;GERENCIÁVEL;deslocamento entre frentes;C3
Interferência;GERENCIÁVEL;documentação pessoal;C3
Interferência;GERENCIÁVEL;equipamento em manutenção;C3
Interferência;GERENCIÁVEL;evento sipat cbm;C3
Interferência;GERENCIÁVEL;falta de energia elétrica;C3
Interferência;GERENCIÁVEL;finalização de funcionário;C3
Interferência;GERENCIÁVEL;início de turno;C3
Interferência;GERENCIÁVEL;interstício;C3
Interferência;GERENCIÁVEL;lanche;C3
Interferência;GERENCIÁVEL;ordem unida;C3
Interferência;GERENCIÁVEL;outros;C3
Interferência;GERENCIÁVEL;paralisação de meio ambiente;C3
Interferência;GERENCIÁVEL;paralisação de segurança;C3
Interferência;GERENCIÁVEL;preenchimento de documentação;C3
Interferência;GERENCIÁVEL;regularização de passaporte;C3
Interferência;GERENCIÁVEL;relógio de ponto;C3
Interferência;GERENCIÁVEL;reunião dos encarregados;C3
Interferência;GERENCIÁVEL;tempo ocioso injustificável;C3
Interferência;GERENCIÁVEL;testes de medicina (ex.: aferição de pressão);C3
Interferência;GERENCIÁVEL;transporte;C3
Interferência;GERENCIÁVEL;transporte início de turno;C3
Interferência;GERENCIÁVEL;transporte alimentação;C3
Interferência;GERENCIÁVEL;transporte final de turno;C3
Interferência;GERENCIÁVEL;treinamentos;C3
Interferência;GERENCIÁVEL;troca de turno;C3
Interferência;NÃO GERENCIÁVEL (CLIENTE/TERCEIROS);aguardando ato;C3
Interferência;NÃO GERENCIÁVEL (CLIENTE/TERCEIROS);aguardando concreto;C3
Interferência;NÃO GERENCIÁVEL (CLIENTE/TERCEIROS);aguardando equipamento de grande porte;C3
Interferência;NÃO GERENCIÁVEL (CLIENTE/TERCEIROS);aguardando liberação de frente cbm;C3
Interferência;NÃO GERENCIÁVEL (CLIENTE/TERCEIROS);aguardando liberação de frente cliente;C3
Interferência;NÃO GERENCIÁVEL (CLIENTE/TERCEIROS);aguardando liberação de frente subcontratadas;C3
Interferência;NÃO GERENCIÁVEL (CLIENTE/TERCEIROS);aguardando liberação de pts;C3
Interferência;NÃO GERENCIÁVEL (CLIENTE/TERCEIROS);aguardando material;C3
Interferência;NÃO GERENCIÁVEL (CLIENTE/TERCEIROS);detonação cbm;C3
Interferência;NÃO GERENCIÁVEL (CLIENTE/TERCEIROS);detonação cliente;C3
Interferência;NÃO GERENCIÁVEL (CLIENTE/TERCEIROS);interferência na rodovia;C3
Interferência;NÃO GERENCIÁVEL (CLIENTE/TERCEIROS);liberação do laboratório;C3
Interferência;NÃO GERENCIÁVEL (CLIENTE/TERCEIROS);liberação da topografia;C3
Interferência;NÃO GERENCIÁVEL (CLIENTE/TERCEIROS);manutenção de subcontratadas;C3
Interferência;NÃO GERENCIÁVEL (CLIENTE/TERCEIROS);paralisação qsms cliente;C3
Interferência;NÃO GERENCIÁVEL (CLIENTE/TERCEIROS);topografia e qualidade cliente;C3
Interferência;NÃO GERENCIÁVEL (CLIENTE/TERCEIROS);treinamento cliente;C3
Interferência;CLIMÁTICA;chuva e consequências;C4
Interferência;CLIMÁTICA;descarga atmosférica (alerta);C4
Interferência;CLIMÁTICA;aguardando limpeza da área após chuva;C4
Interferência;CLIMÁTICA;neblina;C4
Interferência;CLIMÁTICA;terreno impraticável;C4
Interferência;GERENCIÁVEL;5s - limpeza e organização;C4
Interferência;GERENCIÁVEL;abastecimento de água;C4
Interferência;GERENCIÁVEL;abastecimento e lubrificação de campo;C4
Interferência;GERENCIÁVEL;adequação de praça de serviço;C4
Interferência;GERENCIÁVEL;alimentação;C4
Interferência;GERENCIÁVEL;alojamento;C4
Interferência;GERENCIÁVEL;atendimento médico;C4
Interferência;GERENCIÁVEL;café da manhã;C4
Interferência;GERENCIÁVEL;coleta e distribuição de epi/epc;C4
Interferência;GERENCIÁVEL;coleta, distribuição e devolução de equipamento de pequeno porte e ferramenta;C4
Interferência;GERENCIÁVEL;deslocamento entre frentes;C4
Interferência;GERENCIÁVEL;documentação pessoal;C4
Interferência;GERENCIÁVEL;equipamento em manutenção;C4
Interferência;GERENCIÁVEL;evento sipat cbm;C4
Interferência;GERENCIÁVEL;falta de energia elétrica;C4
Interferência;GERENCIÁVEL;finalização de funcionário;C4
Interferência;GERENCIÁVEL;início de turno;C4
Interferência;GERENCIÁVEL;interstício;C4
Interferência;GERENCIÁVEL;lanche;C4
Interferência;GERENCIÁVEL;ordem unida;C4
Interferência;GERENCIÁVEL;outros;C4
Interferência;GERENCIÁVEL;paralisação de meio ambiente;C4
Interferência;GERENCIÁVEL;paralisação de segurança;C4
Interferência;GERENCIÁVEL;preenchimento de documentação;C4
Interferência;GERENCIÁVEL;regularização de passaporte;C4
Interferência;GERENCIÁVEL;relógio de ponto;C4
Interferência;GERENCIÁVEL;reunião dos encarregados;C4
Interferência;GERENCIÁVEL;tempo ocioso injustificável;C4
Interferência;GERENCIÁVEL;testes de medicina (ex.: aferição de pressão);C4
Interferência;GERENCIÁVEL;transporte;C4
Interferência;GERENCIÁVEL;transporte início de turno;C4
Interferência;GERENCIÁVEL;transporte alimentação;C4
Interferência;GERENCIÁVEL;transporte final de turno;C4
Interferência;GERENCIÁVEL;treinamentos;C4
Interferência;GERENCIÁVEL;troca de turno;C4
Interferência;NÃO GERENCIÁVEL (CLIENTE/TERCEIROS);aguardando ato;C4
Interferência;NÃO GERENCIÁVEL (CLIENTE/TERCEIROS);aguardando concreto;C4
Interferência;NÃO GERENCIÁVEL (CLIENTE/TERCEIROS);aguardando equipamento de grande porte;C4
Interferência;NÃO GERENCIÁVEL (CLIENTE/TERCEIROS);aguardando liberação de frente cbm;C4
Interferência;NÃO GERENCIÁVEL (CLIENTE/TERCEIROS);aguardando liberação de frente cliente;C4
Interferência;NÃO GERENCIÁVEL (CLIENTE/TERCEIROS);aguardando liberação de frente subcontratadas;C4
Interferência;NÃO GERENCIÁVEL (CLIENTE/TERCEIROS);aguardando liberação de pts;C4
Interferência;NÃO GERENCIÁVEL (CLIENTE/TERCEIROS);aguardando material;C4
Interferência;NÃO GERENCIÁVEL (CLIENTE/TERCEIROS);detonação cbm;C4
Interferência;NÃO GERENCIÁVEL (CLIENTE/TERCEIROS);detonação cliente;C4
Interferência;NÃO GERENCIÁVEL (CLIENTE/TERCEIROS);interferência na rodovia;C4
Interferência;NÃO GERENCIÁVEL (CLIENTE/TERCEIROS);liberação do laboratório;C4
Interferência;NÃO GERENCIÁVEL (CLIENTE/TERCEIROS);liberação da topografia;C4
Interferência;NÃO GERENCIÁVEL (CLIENTE/TERCEIROS);manutenção de subcontratadas;C4
Interferência;NÃO GERENCIÁVEL (CLIENTE/TERCEIROS);paralisação qsms cliente;C4
Interferência;NÃO GERENCIÁVEL (CLIENTE/TERCEIROS);topografia e qualidade cliente;C4
Interferência;NÃO GERENCIÁVEL (CLIENTE/TERCEIROS);treinamento cliente;C4
Interferência;CLIMÁTICA;chuva e consequências;CANTEIRO INDUSTRIAL
Interferência;CLIMÁTICA;descarga atmosférica (alerta);CANTEIRO INDUSTRIAL
Interferência;CLIMÁTICA;aguardando limpeza da área após chuva;CANTEIRO INDUSTRIAL
Interferência;CLIMÁTICA;neblina;CANTEIRO INDUSTRIAL
Interferência;CLIMÁTICA;terreno impraticável;CANTEIRO INDUSTRIAL
Interferência;GERENCIÁVEL;5s - limpeza e organização;CANTEIRO INDUSTRIAL
Interferência;GERENCIÁVEL;abastecimento de água;CANTEIRO INDUSTRIAL
Interferência;GERENCIÁVEL;abastecimento e lubrificação de campo;CANTEIRO INDUSTRIAL
Interferência;GERENCIÁVEL;adequação de praça de serviço;CANTEIRO INDUSTRIAL
Interferência;GERENCIÁVEL;alimentação;CANTEIRO INDUSTRIAL
Interferência;GERENCIÁVEL;alojamento;CANTEIRO INDUSTRIAL
Interferência;GERENCIÁVEL;atendimento médico;CANTEIRO INDUSTRIAL
Interferência;GERENCIÁVEL;café da manhã;CANTEIRO INDUSTRIAL
Interferência;GERENCIÁVEL;coleta e distribuição de epi/epc;CANTEIRO INDUSTRIAL
Interferência;GERENCIÁVEL;coleta, distribuição e devolução de equipamento de pequeno porte e ferramenta;CANTEIRO INDUSTRIAL
Interferência;GERENCIÁVEL;deslocamento entre frentes;CANTEIRO INDUSTRIAL
Interferência;GERENCIÁVEL;documentação pessoal;CANTEIRO INDUSTRIAL
Interferência;GERENCIÁVEL;equipamento em manutenção;CANTEIRO INDUSTRIAL
Interferência;GERENCIÁVEL;evento sipat cbm;CANTEIRO INDUSTRIAL
Interferência;GERENCIÁVEL;falta de energia elétrica;CANTEIRO INDUSTRIAL
Interferência;GERENCIÁVEL;finalização de funcionário;CANTEIRO INDUSTRIAL
Interferência;GERENCIÁVEL;início de turno;CANTEIRO INDUSTRIAL
Interferência;GERENCIÁVEL;interstício;CANTEIRO INDUSTRIAL
Interferência;GERENCIÁVEL;lanche;CANTEIRO INDUSTRIAL
Interferência;GERENCIÁVEL;ordem unida;CANTEIRO INDUSTRIAL
Interferência;GERENCIÁVEL;outros;CANTEIRO INDUSTRIAL
Interferência;GERENCIÁVEL;paralisação de meio ambiente;CANTEIRO INDUSTRIAL
Interferência;GERENCIÁVEL;paralisação de segurança;CANTEIRO INDUSTRIAL
Interferência;GERENCIÁVEL;preenchimento de documentação;CANTEIRO INDUSTRIAL
Interferência;GERENCIÁVEL;regularização de passaporte;CANTEIRO INDUSTRIAL
Interferência;GERENCIÁVEL;relógio de ponto;CANTEIRO INDUSTRIAL
Interferência;GERENCIÁVEL;reunião dos encarregados;CANTEIRO INDUSTRIAL
Interferência;GERENCIÁVEL;tempo ocioso injustificável;CANTEIRO INDUSTRIAL
Interferência;GERENCIÁVEL;testes de medicina (ex.: aferição de pressão);CANTEIRO INDUSTRIAL
Interferência;GERENCIÁVEL;transporte;CANTEIRO INDUSTRIAL
Interferência;GERENCIÁVEL;transporte início de turno;CANTEIRO INDUSTRIAL
Interferência;GERENCIÁVEL;transporte alimentação;CANTEIRO INDUSTRIAL
Interferência;GERENCIÁVEL;transporte final de turno;CANTEIRO INDUSTRIAL
Interferência;GERENCIÁVEL;treinamentos;CANTEIRO INDUSTRIAL
Interferência;GERENCIÁVEL;troca de turno;CANTEIRO INDUSTRIAL
Interferência;NÃO GERENCIÁVEL (CLIENTE/TERCEIROS);aguardando ato;CANTEIRO INDUSTRIAL
Interferência;NÃO GERENCIÁVEL (CLIENTE/TERCEIROS);aguardando concreto;CANTEIRO INDUSTRIAL
Interferência;NÃO GERENCIÁVEL (CLIENTE/TERCEIROS);aguardando equipamento de grande porte;CANTEIRO INDUSTRIAL
Interferência;NÃO GERENCIÁVEL (CLIENTE/TERCEIROS);aguardando liberação de frente cbm;CANTEIRO INDUSTRIAL
Interferência;NÃO GERENCIÁVEL (CLIENTE/TERCEIROS);aguardando liberação de frente cliente;CANTEIRO INDUSTRIAL
Interferência;NÃO GERENCIÁVEL (CLIENTE/TERCEIROS);aguardando liberação de frente subcontratadas;CANTEIRO INDUSTRIAL
Interferência;NÃO GERENCIÁVEL (CLIENTE/TERCEIROS);aguardando liberação de pts;CANTEIRO INDUSTRIAL
Interferência;NÃO GERENCIÁVEL (CLIENTE/TERCEIROS);aguardando material;CANTEIRO INDUSTRIAL
Interferência;NÃO GERENCIÁVEL (CLIENTE/TERCEIROS);detonação cbm;CANTEIRO INDUSTRIAL
Interferência;NÃO GERENCIÁVEL (CLIENTE/TERCEIROS);detonação cliente;CANTEIRO INDUSTRIAL
Interferência;NÃO GERENCIÁVEL (CLIENTE/TERCEIROS);interferência na rodovia;CANTEIRO INDUSTRIAL
Interferência;NÃO GERENCIÁVEL (CLIENTE/TERCEIROS);liberação do laboratório;CANTEIRO INDUSTRIAL
Interferência;NÃO GERENCIÁVEL (CLIENTE/TERCEIROS);liberação da topografia;CANTEIRO INDUSTRIAL
Interferência;NÃO GERENCIÁVEL (CLIENTE/TERCEIROS);manutenção de subcontratadas;CANTEIRO INDUSTRIAL
Interferência;NÃO GERENCIÁVEL (CLIENTE/TERCEIROS);paralisação qsms cliente;CANTEIRO INDUSTRIAL
Interferência;NÃO GERENCIÁVEL (CLIENTE/TERCEIROS);topografia e qualidade cliente;CANTEIRO INDUSTRIAL
Interferência;NÃO GERENCIÁVEL (CLIENTE/TERCEIROS);treinamento cliente;CANTEIRO INDUSTRIAL
Interferência;CLIMÁTICA;chuva e consequências;CONTORNO DE FUNDÃO
Interferência;CLIMÁTICA;descarga atmosférica (alerta);CONTORNO DE FUNDÃO
Interferência;CLIMÁTICA;aguardando limpeza da área após chuva;CONTORNO DE FUNDÃO
Interferência;CLIMÁTICA;neblina;CONTORNO DE FUNDÃO
Interferência;CLIMÁTICA;terreno impraticável;CONTORNO DE FUNDÃO
Interferência;GERENCIÁVEL;5s - limpeza e organização;CONTORNO DE FUNDÃO
Interferência;GERENCIÁVEL;abastecimento de água;CONTORNO DE FUNDÃO
Interferência;GERENCIÁVEL;abastecimento e lubrificação de campo;CONTORNO DE FUNDÃO
Interferência;GERENCIÁVEL;adequação de praça de serviço;CONTORNO DE FUNDÃO
Interferência;GERENCIÁVEL;alimentação;CONTORNO DE FUNDÃO
Interferência;GERENCIÁVEL;alojamento;CONTORNO DE FUNDÃO
Interferência;GERENCIÁVEL;atendimento médico;CONTORNO DE FUNDÃO
Interferência;GERENCIÁVEL;café da manhã;CONTORNO DE FUNDÃO
Interferência;GERENCIÁVEL;coleta e distribuição de epi/epc;CONTORNO DE FUNDÃO
Interferência;GERENCIÁVEL;coleta, distribuição e devolução de equipamento de pequeno porte e ferramenta;CONTORNO DE FUNDÃO
Interferência;GERENCIÁVEL;deslocamento entre frentes;CONTORNO DE FUNDÃO
Interferência;GERENCIÁVEL;documentação pessoal;CONTORNO DE FUNDÃO
Interferência;GERENCIÁVEL;equipamento em manutenção;CONTORNO DE FUNDÃO
Interferência;GERENCIÁVEL;evento sipat cbm;CONTORNO DE FUNDÃO
Interferência;GERENCIÁVEL;falta de energia elétrica;CONTORNO DE FUNDÃO
Interferência;GERENCIÁVEL;finalização de funcionário;CONTORNO DE FUNDÃO
Interferência;GERENCIÁVEL;início de turno;CONTORNO DE FUNDÃO
Interferência;GERENCIÁVEL;interstício;CONTORNO DE FUNDÃO
Interferência;GERENCIÁVEL;lanche;CONTORNO DE FUNDÃO
Interferência;GERENCIÁVEL;ordem unida;CONTORNO DE FUNDÃO
Interferência;GERENCIÁVEL;outros;CONTORNO DE FUNDÃO
Interferência;GERENCIÁVEL;paralisação de meio ambiente;CONTORNO DE FUNDÃO
Interferência;GERENCIÁVEL;paralisação de segurança;CONTORNO DE FUNDÃO
Interferência;GERENCIÁVEL;preenchimento de documentação;CONTORNO DE FUNDÃO
Interferência;GERENCIÁVEL;regularização de passaporte;CONTORNO DE FUNDÃO
Interferência;GERENCIÁVEL;relógio de ponto;CONTORNO DE FUNDÃO
Interferência;GERENCIÁVEL;reunião dos encarregados;CONTORNO DE FUNDÃO
Interferência;GERENCIÁVEL;tempo ocioso injustificável;CONTORNO DE FUNDÃO
Interferência;GERENCIÁVEL;testes de medicina (ex.: aferição de pressão);CONTORNO DE FUNDÃO
Interferência;GERENCIÁVEL;transporte;CONTORNO DE FUNDÃO
Interferência;GERENCIÁVEL;transporte início de turno;CONTORNO DE FUNDÃO
Interferência;GERENCIÁVEL;transporte alimentação;CONTORNO DE FUNDÃO
Interferência;GERENCIÁVEL;transporte final de turno;CONTORNO DE FUNDÃO
Interferência;GERENCIÁVEL;treinamentos;CONTORNO DE FUNDÃO
Interferência;GERENCIÁVEL;troca de turno;CONTORNO DE FUNDÃO
Interferência;NÃO GERENCIÁVEL (CLIENTE/TERCEIROS);aguardando ato;CONTORNO DE FUNDÃO
Interferência;NÃO GERENCIÁVEL (CLIENTE/TERCEIROS);aguardando concreto;CONTORNO DE FUNDÃO
Interferência;NÃO GERENCIÁVEL (CLIENTE/TERCEIROS);aguardando equipamento de grande porte;CONTORNO DE FUNDÃO
Interferência;NÃO GERENCIÁVEL (CLIENTE/TERCEIROS);aguardando liberação de frente cbm;CONTORNO DE FUNDÃO
Interferência;NÃO GERENCIÁVEL (CLIENTE/TERCEIROS);aguardando liberação de frente cliente;CONTORNO DE FUNDÃO
Interferência;NÃO GERENCIÁVEL (CLIENTE/TERCEIROS);aguardando liberação de frente subcontratadas;CONTORNO DE FUNDÃO
Interferência;NÃO GERENCIÁVEL (CLIENTE/TERCEIROS);aguardando liberação de pts;CONTORNO DE FUNDÃO
Interferência;NÃO GERENCIÁVEL (CLIENTE/TERCEIROS);aguardando material;CONTORNO DE FUNDÃO
Interferência;NÃO GERENCIÁVEL (CLIENTE/TERCEIROS);detonação cbm;CONTORNO DE FUNDÃO
Interferência;NÃO GERENCIÁVEL (CLIENTE/TERCEIROS);detonação cliente;CONTORNO DE FUNDÃO
Interferência;NÃO GERENCIÁVEL (CLIENTE/TERCEIROS);interferência na rodovia;CONTORNO DE FUNDÃO
Interferência;NÃO GERENCIÁVEL (CLIENTE/TERCEIROS);liberação do laboratório;CONTORNO DE FUNDÃO
Interferência;NÃO GERENCIÁVEL (CLIENTE/TERCEIROS);liberação da topografia;CONTORNO DE FUNDÃO
Interferência;NÃO GERENCIÁVEL (CLIENTE/TERCEIROS);manutenção de subcontratadas;CONTORNO DE FUNDÃO
Interferência;NÃO GERENCIÁVEL (CLIENTE/TERCEIROS);paralisação qsms cliente;CONTORNO DE FUNDÃO
Interferência;NÃO GERENCIÁVEL (CLIENTE/TERCEIROS);topografia e qualidade cliente;CONTORNO DE FUNDÃO
Interferência;NÃO GERENCIÁVEL (CLIENTE/TERCEIROS);treinamento cliente;CONTORNO DE FUNDÃO
Interferência;CLIMÁTICA;chuva e consequências;CONTORNO DE IBIRAÇU
Interferência;CLIMÁTICA;descarga atmosférica (alerta);CONTORNO DE IBIRAÇU
Interferência;CLIMÁTICA;aguardando limpeza da área após chuva;CONTORNO DE IBIRAÇU
Interferência;CLIMÁTICA;neblina;CONTORNO DE IBIRAÇU
Interferência;CLIMÁTICA;terreno impraticável;CONTORNO DE IBIRAÇU
Interferência;GERENCIÁVEL;5s - limpeza e organização;CONTORNO DE IBIRAÇU
Interferência;GERENCIÁVEL;abastecimento de água;CONTORNO DE IBIRAÇU
Interferência;GERENCIÁVEL;abastecimento e lubrificação de campo;CONTORNO DE IBIRAÇU
Interferência;GERENCIÁVEL;adequação de praça de serviço;CONTORNO DE IBIRAÇU
Interferência;GERENCIÁVEL;alimentação;CONTORNO DE IBIRAÇU
Interferência;GERENCIÁVEL;alojamento;CONTORNO DE IBIRAÇU
Interferência;GERENCIÁVEL;atendimento médico;CONTORNO DE IBIRAÇU
Interferência;GERENCIÁVEL;café da manhã;CONTORNO DE IBIRAÇU
Interferência;GERENCIÁVEL;coleta e distribuição de epi/epc;CONTORNO DE IBIRAÇU
Interferência;GERENCIÁVEL;coleta, distribuição e devolução de equipamento de pequeno porte e ferramenta;CONTORNO DE IBIRAÇU
Interferência;GERENCIÁVEL;deslocamento entre frentes;CONTORNO DE IBIRAÇU
Interferência;GERENCIÁVEL;documentação pessoal;CONTORNO DE IBIRAÇU
Interferência;GERENCIÁVEL;equipamento em manutenção;CONTORNO DE IBIRAÇU
Interferência;GERENCIÁVEL;evento sipat cbm;CONTORNO DE IBIRAÇU
Interferência;GERENCIÁVEL;falta de energia elétrica;CONTORNO DE IBIRAÇU
Interferência;GERENCIÁVEL;finalização de funcionário;CONTORNO DE IBIRAÇU
Interferência;GERENCIÁVEL;início de turno;CONTORNO DE IBIRAÇU
Interferência;GERENCIÁVEL;interstício;CONTORNO DE IBIRAÇU
Interferência;GERENCIÁVEL;lanche;CONTORNO DE IBIRAÇU
Interferência;GERENCIÁVEL;ordem unida;CONTORNO DE IBIRAÇU
Interferência;GERENCIÁVEL;outros;CONTORNO DE IBIRAÇU
Interferência;GERENCIÁVEL;paralisação de meio ambiente;CONTORNO DE IBIRAÇU
Interferência;GERENCIÁVEL;paralisação de segurança;CONTORNO DE IBIRAÇU
Interferência;GERENCIÁVEL;preenchimento de documentação;CONTORNO DE IBIRAÇU
Interferência;GERENCIÁVEL;regularização de passaporte;CONTORNO DE IBIRAÇU
Interferência;GERENCIÁVEL;relógio de ponto;CONTORNO DE IBIRAÇU
Interferência;GERENCIÁVEL;reunião dos encarregados;CONTORNO DE IBIRAÇU
Interferência;GERENCIÁVEL;tempo ocioso injustificável;CONTORNO DE IBIRAÇU
Interferência;GERENCIÁVEL;testes de medicina (ex.: aferição de pressão);CONTORNO DE IBIRAÇU
Interferência;GERENCIÁVEL;transporte;CONTORNO DE IBIRAÇU
Interferência;GERENCIÁVEL;transporte início de turno;CONTORNO DE IBIRAÇU
Interferência;GERENCIÁVEL;transporte alimentação;CONTORNO DE IBIRAÇU
Interferência;GERENCIÁVEL;transporte final de turno;CONTORNO DE IBIRAÇU
Interferência;GERENCIÁVEL;treinamentos;CONTORNO DE IBIRAÇU
Interferência;GERENCIÁVEL;troca de turno;CONTORNO DE IBIRAÇU
Interferência;NÃO GERENCIÁVEL (CLIENTE/TERCEIROS);aguardando ato;CONTORNO DE IBIRAÇU
Interferência;NÃO GERENCIÁVEL (CLIENTE/TERCEIROS);aguardando concreto;CONTORNO DE IBIRAÇU
Interferência;NÃO GERENCIÁVEL (CLIENTE/TERCEIROS);aguardando equipamento de grande porte;CONTORNO DE IBIRAÇU
Interferência;NÃO GERENCIÁVEL (CLIENTE/TERCEIROS);aguardando liberação de frente cbm;CONTORNO DE IBIRAÇU
Interferência;NÃO GERENCIÁVEL (CLIENTE/TERCEIROS);aguardando liberação de frente cliente;CONTORNO DE IBIRAÇU
Interferência;NÃO GERENCIÁVEL (CLIENTE/TERCEIROS);aguardando liberação de frente subcontratadas;CONTORNO DE IBIRAÇU
Interferência;NÃO GERENCIÁVEL (CLIENTE/TERCEIROS);aguardando liberação de pts;CONTORNO DE IBIRAÇU
Interferência;NÃO GERENCIÁVEL (CLIENTE/TERCEIROS);aguardando material;CONTORNO DE IBIRAÇU
Interferência;NÃO GERENCIÁVEL (CLIENTE/TERCEIROS);detonação cbm;CONTORNO DE IBIRAÇU
Interferência;NÃO GERENCIÁVEL (CLIENTE/TERCEIROS);detonação cliente;CONTORNO DE IBIRAÇU
Interferência;NÃO GERENCIÁVEL (CLIENTE/TERCEIROS);interferência na rodovia;CONTORNO DE IBIRAÇU
Interferência;NÃO GERENCIÁVEL (CLIENTE/TERCEIROS);liberação do laboratório;CONTORNO DE IBIRAÇU
Interferência;NÃO GERENCIÁVEL (CLIENTE/TERCEIROS);liberação da topografia;CONTORNO DE IBIRAÇU
Interferência;NÃO GERENCIÁVEL (CLIENTE/TERCEIROS);manutenção de subcontratadas;CONTORNO DE IBIRAÇU
Interferência;NÃO GERENCIÁVEL (CLIENTE/TERCEIROS);paralisação qsms cliente;CONTORNO DE IBIRAÇU
Interferência;NÃO GERENCIÁVEL (CLIENTE/TERCEIROS);topografia e qualidade cliente;CONTORNO DE IBIRAÇU
Interferência;NÃO GERENCIÁVEL (CLIENTE/TERCEIROS);treinamento cliente;CONTORNO DE IBIRAÇU
Interferência;CLIMÁTICA;descarga atmosférica (alerta);D2
Interferência;CLIMÁTICA;aguardando limpeza da área após chuva;D2
Interferência;CLIMÁTICA;neblina;D2
Interferência;CLIMÁTICA;terreno impraticável;D2
Interferência;GERENCIÁVEL;5s - limpeza e organização;D2
Interferência;GERENCIÁVEL;abastecimento de água;D2
Interferência;GERENCIÁVEL;abastecimento e lubrificação de campo;D2
Interferência;GERENCIÁVEL;adequação de praça de serviço;D2
Interferência;GERENCIÁVEL;alimentação;D2
Interferência;GERENCIÁVEL;alojamento;D2
Interferência;GERENCIÁVEL;atendimento médico;D2
Interferência;GERENCIÁVEL;café da manhã;D2
Interferência;GERENCIÁVEL;coleta e distribuição de epi/epc;D2
Interferência;GERENCIÁVEL;coleta, distribuição e devolução de equipamento de pequeno porte e ferramenta;D2
Interferência;GERENCIÁVEL;deslocamento entre frentes;D2
Interferência;GERENCIÁVEL;documentação pessoal;D2
Interferência;GERENCIÁVEL;equipamento em manutenção;D2
Interferência;GERENCIÁVEL;evento sipat cbm;D2
Interferência;GERENCIÁVEL;falta de energia elétrica;D2
Interferência;GERENCIÁVEL;finalização de funcionário;D2
Interferência;GERENCIÁVEL;início de turno;D2
Interferência;GERENCIÁVEL;interstício;D2
Interferência;GERENCIÁVEL;lanche;D2
Interferência;GERENCIÁVEL;ordem unida;D2
Interferência;GERENCIÁVEL;outros;D2
Interferência;GERENCIÁVEL;paralisação de meio ambiente;D2
Interferência;GERENCIÁVEL;paralisação de segurança;D2
Interferência;GERENCIÁVEL;preenchimento de documentação;D2
Interferência;GERENCIÁVEL;regularização de passaporte;D2
Interferência;GERENCIÁVEL;relógio de ponto;D2
Interferência;GERENCIÁVEL;reunião dos encarregados;D2
Interferência;GERENCIÁVEL;tempo ocioso injustificável;D2
Interferência;GERENCIÁVEL;testes de medicina (ex.: aferição de pressão);D2
Interferência;GERENCIÁVEL;transporte;D2
Interferência;GERENCIÁVEL;transporte início de turno;D2
Interferência;GERENCIÁVEL;transporte alimentação;D2
Interferência;GERENCIÁVEL;transporte final de turno;D2
Interferência;GERENCIÁVEL;treinamentos;D2
Interferência;GERENCIÁVEL;troca de turno;D2
Interferência;NÃO GERENCIÁVEL (CLIENTE/TERCEIROS);aguardando ato;D2
Interferência;NÃO GERENCIÁVEL (CLIENTE/TERCEIROS);aguardando concreto;D2
Interferência;NÃO GERENCIÁVEL (CLIENTE/TERCEIROS);aguardando equipamento de grande porte;D2
Interferência;NÃO GERENCIÁVEL (CLIENTE/TERCEIROS);aguardando liberação de frente cbm;D2
Interferência;NÃO GERENCIÁVEL (CLIENTE/TERCEIROS);aguardando liberação de frente cliente;D2
Interferência;NÃO GERENCIÁVEL (CLIENTE/TERCEIROS);aguardando liberação de frente subcontratadas;D2
Interferência;NÃO GERENCIÁVEL (CLIENTE/TERCEIROS);aguardando liberação de pts;D2
Interferência;NÃO GERENCIÁVEL (CLIENTE/TERCEIROS);aguardando material;D2
Interferência;NÃO GERENCIÁVEL (CLIENTE/TERCEIROS);detonação cbm;D2
Interferência;NÃO GERENCIÁVEL (CLIENTE/TERCEIROS);detonação cliente;D2
Interferência;NÃO GERENCIÁVEL (CLIENTE/TERCEIROS);interferência na rodovia;D2
Interferência;NÃO GERENCIÁVEL (CLIENTE/TERCEIROS);liberação do laboratório;D2
Interferência;NÃO GERENCIÁVEL (CLIENTE/TERCEIROS);liberação da topografia;D2
Interferência;NÃO GERENCIÁVEL (CLIENTE/TERCEIROS);manutenção de subcontratadas;D2
Interferência;NÃO GERENCIÁVEL (CLIENTE/TERCEIROS);paralisação qsms cliente;D2
Interferência;NÃO GERENCIÁVEL (CLIENTE/TERCEIROS);topografia e qualidade cliente;D2
Interferência;NÃO GERENCIÁVEL (CLIENTE/TERCEIROS);treinamento cliente;D2
Interferência;CLIMÁTICA;descarga atmosférica (alerta);PARALELO DE IBIRAÇU
Interferência;CLIMÁTICA;aguardando limpeza da área após chuva;PARALELO DE IBIRAÇU
Interferência;CLIMÁTICA;neblina;PARALELO DE IBIRAÇU
Interferência;CLIMÁTICA;terreno impraticável;PARALELO DE IBIRAÇU
Interferência;GERENCIÁVEL;5s - limpeza e organização;PARALELO DE IBIRAÇU
Interferência;GERENCIÁVEL;abastecimento de água;PARALELO DE IBIRAÇU
Interferência;GERENCIÁVEL;abastecimento e lubrificação de campo;PARALELO DE IBIRAÇU
Interferência;GERENCIÁVEL;adequação de praça de serviço;PARALELO DE IBIRAÇU
Interferência;GERENCIÁVEL;alimentação;PARALELO DE IBIRAÇU
Interferência;GERENCIÁVEL;alojamento;PARALELO DE IBIRAÇU
Interferência;GERENCIÁVEL;atendimento médico;PARALELO DE IBIRAÇU
Interferência;GERENCIÁVEL;café da manhã;PARALELO DE IBIRAÇU
Interferência;GERENCIÁVEL;coleta e distribuição de epi/epc;PARALELO DE IBIRAÇU
Interferência;GERENCIÁVEL;coleta, distribuição e devolução de equipamento de pequeno porte e ferramenta;PARALELO DE IBIRAÇU
Interferência;GERENCIÁVEL;deslocamento entre frentes;PARALELO DE IBIRAÇU
Interferência;GERENCIÁVEL;documentação pessoal;PARALELO DE IBIRAÇU
Interferência;GERENCIÁVEL;equipamento em manutenção;PARALELO DE IBIRAÇU
Interferência;GERENCIÁVEL;evento sipat cbm;PARALELO DE IBIRAÇU
Interferência;GERENCIÁVEL;falta de energia elétrica;PARALELO DE IBIRAÇU
Interferência;GERENCIÁVEL;finalização de funcionário;PARALELO DE IBIRAÇU
Interferência;GERENCIÁVEL;início de turno;PARALELO DE IBIRAÇU
Interferência;GERENCIÁVEL;interstício;PARALELO DE IBIRAÇU
Interferência;GERENCIÁVEL;lanche;PARALELO DE IBIRAÇU
Interferência;GERENCIÁVEL;ordem unida;PARALELO DE IBIRAÇU
Interferência;GERENCIÁVEL;outros;PARALELO DE IBIRAÇU
Interferência;GERENCIÁVEL;paralisação de meio ambiente;PARALELO DE IBIRAÇU
Interferência;GERENCIÁVEL;paralisação de segurança;PARALELO DE IBIRAÇU
Interferência;GERENCIÁVEL;preenchimento de documentação;PARALELO DE IBIRAÇU
Interferência;GERENCIÁVEL;regularização de passaporte;PARALELO DE IBIRAÇU
Interferência;GERENCIÁVEL;relógio de ponto;PARALELO DE IBIRAÇU
Interferência;GERENCIÁVEL;reunião dos encarregados;PARALELO DE IBIRAÇU
Interferência;GERENCIÁVEL;tempo ocioso injustificável;PARALELO DE IBIRAÇU
Interferência;GERENCIÁVEL;testes de medicina (ex.: aferição de pressão);PARALELO DE IBIRAÇU
Interferência;GERENCIÁVEL;transporte;PARALELO DE IBIRAÇU
Interferência;GERENCIÁVEL;transporte início de turno;PARALELO DE IBIRAÇU
Interferência;GERENCIÁVEL;transporte alimentação;PARALELO DE IBIRAÇU
Interferência;GERENCIÁVEL;transporte final de turno;PARALELO DE IBIRAÇU
Interferência;GERENCIÁVEL;treinamentos;PARALELO DE IBIRAÇU
Interferência;GERENCIÁVEL;troca de turno;PARALELO DE IBIRAÇU
Interferência;NÃO GERENCIÁVEL (CLIENTE/TERCEIROS);aguardando ato;PARALELO DE IBIRAÇU
Interferência;NÃO GERENCIÁVEL (CLIENTE/TERCEIROS);aguardando concreto;PARALELO DE IBIRAÇU
Interferência;NÃO GERENCIÁVEL (CLIENTE/TERCEIROS);aguardando equipamento de grande porte;PARALELO DE IBIRAÇU
Interferência;NÃO GERENCIÁVEL (CLIENTE/TERCEIROS);aguardando liberação de frente cbm;PARALELO DE IBIRAÇU
Interferência;NÃO GERENCIÁVEL (CLIENTE/TERCEIROS);aguardando liberação de frente cliente;PARALELO DE IBIRAÇU
Interferência;NÃO GERENCIÁVEL (CLIENTE/TERCEIROS);aguardando liberação de frente subcontratadas;PARALELO DE IBIRAÇU
Interferência;NÃO GERENCIÁVEL (CLIENTE/TERCEIROS);aguardando liberação de pts;PARALELO DE IBIRAÇU
Interferência;NÃO GERENCIÁVEL (CLIENTE/TERCEIROS);aguardando material;PARALELO DE IBIRAÇU
Interferência;NÃO GERENCIÁVEL (CLIENTE/TERCEIROS);detonação cbm;PARALELO DE IBIRAÇU
Interferência;NÃO GERENCIÁVEL (CLIENTE/TERCEIROS);detonação cliente;PARALELO DE IBIRAÇU
Interferência;NÃO GERENCIÁVEL (CLIENTE/TERCEIROS);interferência na rodovia;PARALELO DE IBIRAÇU
Interferência;NÃO GERENCIÁVEL (CLIENTE/TERCEIROS);liberação do laboratório;PARALELO DE IBIRAÇU
Interferência;NÃO GERENCIÁVEL (CLIENTE/TERCEIROS);liberação da topografia;PARALELO DE IBIRAÇU
Interferência;NÃO GERENCIÁVEL (CLIENTE/TERCEIROS);manutenção de subcontratadas;PARALELO DE IBIRAÇU
Interferência;NÃO GERENCIÁVEL (CLIENTE/TERCEIROS);paralisação qsms cliente;PARALELO DE IBIRAÇU
Interferência;NÃO GERENCIÁVEL (CLIENTE/TERCEIROS);topografia e qualidade cliente;PARALELO DE IBIRAÇU
Interferência;NÃO GERENCIÁVEL (CLIENTE/TERCEIROS);treinamento cliente;PARALELO DE IBIRAÇU
Interferência;CLIMÁTICA;descarga atmosférica (alerta);PÁTIO DE VIGAS
Interferência;CLIMÁTICA;aguardando limpeza da área após chuva;PÁTIO DE VIGAS
Interferência;CLIMÁTICA;neblina;PÁTIO DE VIGAS
Interferência;CLIMÁTICA;terreno impraticável;PÁTIO DE VIGAS
Interferência;GERENCIÁVEL;5s - limpeza e organização;PÁTIO DE VIGAS
Interferência;GERENCIÁVEL;abastecimento de água;PÁTIO DE VIGAS
Interferência;GERENCIÁVEL;abastecimento e lubrificação de campo;PÁTIO DE VIGAS
Interferência;GERENCIÁVEL;adequação de praça de serviço;PÁTIO DE VIGAS
Interferência;GERENCIÁVEL;alimentação;PÁTIO DE VIGAS
Interferência;GERENCIÁVEL;alojamento;PÁTIO DE VIGAS
Interferência;GERENCIÁVEL;atendimento médico;PÁTIO DE VIGAS
Interferência;GERENCIÁVEL;café da manhã;PÁTIO DE VIGAS
Interferência;GERENCIÁVEL;coleta e distribuição de epi/epc;PÁTIO DE VIGAS
Interferência;GERENCIÁVEL;coleta, distribuição e devolução de equipamento de pequeno porte e ferramenta;PÁTIO DE VIGAS
Interferência;GERENCIÁVEL;deslocamento entre frentes;PÁTIO DE VIGAS
Interferência;GERENCIÁVEL;documentação pessoal;PÁTIO DE VIGAS
Interferência;GERENCIÁVEL;equipamento em manutenção;PÁTIO DE VIGAS
Interferência;GERENCIÁVEL;evento sipat cbm;PÁTIO DE VIGAS
Interferência;GERENCIÁVEL;falta de energia elétrica;PÁTIO DE VIGAS
Interferência;GERENCIÁVEL;finalização de funcionário;PÁTIO DE VIGAS
Interferência;GERENCIÁVEL;início de turno;PÁTIO DE VIGAS
Interferência;GERENCIÁVEL;interstício;PÁTIO DE VIGAS
Interferência;GERENCIÁVEL;lanche;PÁTIO DE VIGAS
Interferência;GERENCIÁVEL;ordem unida;PÁTIO DE VIGAS
Interferência;GERENCIÁVEL;outros;PÁTIO DE VIGAS
Interferência;GERENCIÁVEL;paralisação de meio ambiente;PÁTIO DE VIGAS
Interferência;GERENCIÁVEL;paralisação de segurança;PÁTIO DE VIGAS
Interferência;GERENCIÁVEL;preenchimento de documentação;PÁTIO DE VIGAS
Interferência;GERENCIÁVEL;regularização de passaporte;PÁTIO DE VIGAS
Interferência;GERENCIÁVEL;relógio de ponto;PÁTIO DE VIGAS
Interferência;GERENCIÁVEL;reunião dos encarregados;PÁTIO DE VIGAS
Interferência;GERENCIÁVEL;tempo ocioso injustificável;PÁTIO DE VIGAS
Interferência;GERENCIÁVEL;testes de medicina (ex.: aferição de pressão);PÁTIO DE VIGAS
Interferência;GERENCIÁVEL;transporte;PÁTIO DE VIGAS
Interferência;GERENCIÁVEL;transporte início de turno;PÁTIO DE VIGAS
Interferência;GERENCIÁVEL;transporte alimentação;PÁTIO DE VIGAS
Interferência;GERENCIÁVEL;transporte final de turno;PÁTIO DE VIGAS
Interferência;GERENCIÁVEL;treinamentos;PÁTIO DE VIGAS
Interferência;GERENCIÁVEL;troca de turno;PÁTIO DE VIGAS
Interferência;NÃO GERENCIÁVEL (CLIENTE/TERCEIROS);aguardando ato;PÁTIO DE VIGAS
Interferência;NÃO GERENCIÁVEL (CLIENTE/TERCEIROS);aguardando concreto;PÁTIO DE VIGAS
Interferência;NÃO GERENCIÁVEL (CLIENTE/TERCEIROS);aguardando equipamento de grande porte;PÁTIO DE VIGAS
Interferência;NÃO GERENCIÁVEL (CLIENTE/TERCEIROS);aguardando liberação de frente cbm;PÁTIO DE VIGAS
Interferência;NÃO GERENCIÁVEL (CLIENTE/TERCEIROS);aguardando liberação de frente cliente;PÁTIO DE VIGAS
Interferência;NÃO GERENCIÁVEL (CLIENTE/TERCEIROS);aguardando liberação de frente subcontratadas;PÁTIO DE VIGAS
Interferência;NÃO GERENCIÁVEL (CLIENTE/TERCEIROS);aguardando liberação de pts;PÁTIO DE VIGAS
Interferência;NÃO GERENCIÁVEL (CLIENTE/TERCEIROS);aguardando material;PÁTIO DE VIGAS
Interferência;NÃO GERENCIÁVEL (CLIENTE/TERCEIROS);detonação cbm;PÁTIO DE VIGAS
Interferência;NÃO GERENCIÁVEL (CLIENTE/TERCEIROS);detonação cliente;PÁTIO DE VIGAS
Interferência;NÃO GERENCIÁVEL (CLIENTE/TERCEIROS);interferência na rodovia;PÁTIO DE VIGAS
Interferência;NÃO GERENCIÁVEL (CLIENTE/TERCEIROS);liberação do laboratório;PÁTIO DE VIGAS
Interferência;NÃO GERENCIÁVEL (CLIENTE/TERCEIROS);liberação da topografia;PÁTIO DE VIGAS
Interferência;NÃO GERENCIÁVEL (CLIENTE/TERCEIROS);manutenção de subcontratadas;PÁTIO DE VIGAS
Interferência;NÃO GERENCIÁVEL (CLIENTE/TERCEIROS);paralisação qsms cliente;PÁTIO DE VIGAS
Interferência;NÃO GERENCIÁVEL (CLIENTE/TERCEIROS);topografia e qualidade cliente;PÁTIO DE VIGAS
Interferência;NÃO GERENCIÁVEL (CLIENTE/TERCEIROS);treinamento cliente;PÁTIO DE VIGAS
Interferência;CLIMÁTICA;Chuva;C1
Interferência;CLIMÁTICA;Chuva moderada (garoa);C1
Interferência;CLIMÁTICA;Chuva;C2
Interferência;CLIMÁTICA;Chuva moderada (garoa);C2
Interferência;CLIMÁTICA;Chuva;C3
Interferência;CLIMÁTICA;Chuva moderada (garoa);C3
Interferência;CLIMÁTICA;Chuva;C4
Interferência;CLIMÁTICA;Chuva moderada (garoa);C4
Interferência;CLIMÁTICA;Chuva;D2
Interferência;CLIMÁTICA;Chuva moderada (garoa);D2
Interferência;CLIMÁTICA;Chuva;CANTEIRO INDUSTRIAL
Interferência;CLIMÁTICA;Chuva moderada (garoa);CANTEIRO INDUSTRIAL
Interferência;CLIMÁTICA;Chuva;CONTORNO DE FUNDÃO
Interferência;CLIMÁTICA;Chuva moderada (garoa);CONTORNO DE FUNDÃO
Interferência;CLIMÁTICA;Chuva;CONTORNO DE IBIRAÇU
Interferência;CLIMÁTICA;Chuva moderada (garoa);CONTORNO DE IBIRAÇU
Interferência;CLIMÁTICA;Chuva;PARALELO DE IBIRAÇU
Interferência;CLIMÁTICA;Chuva moderada (garoa);PARALELO DE IBIRAÇU
Interferência;CLIMÁTICA;Chuva;PÁTIO DE VIGAS
Interferência;CLIMÁTICA;Chuva moderada (garoa);PÁTIO DE VIGAS
Pavimentação;BASE - BGMC;Preparo e regularização da camada inferior;D2
Pavimentação;BASE - BGMC;Dosagem dos materiais na usina de solo;D2
Pavimentação;BASE - BGMC;Usinagem / mistura com cimento (usina de solo);D2
Pavimentação;BASE - BGMC;Transporte da mistura;D2
Pavimentação;BASE - BGMC;Espalhamento / distribuição;D2
Pavimentação;BASE - BGMC;Compactação;D2
Pavimentação;BASE - BGMC;Acabamento e controle geométrico;D2
Pavimentação;CBUQ FAIXA B;Dosagem dos materiais na usina de asfalto;D2
Pavimentação;CBUQ FAIXA B;Usinagem da massa asfáltica (usina de asfalto);D2
Pavimentação;CBUQ FAIXA B;Transporte da massa (caminhão);D2
Pavimentação;CBUQ FAIXA B;Distribuição com vibroacabadora;D2
Pavimentação;CBUQ FAIXA B;Compactação (rolos);D2
Pavimentação;CBUQ FAIXA B;Acabamento de juntas e controle;D2
Pavimentação;CBUQ FAIXA D;Dosagem dos materiais na usina de asfalto;D2
Pavimentação;CBUQ FAIXA D;Usinagem da massa asfáltica (usina de asfalto);D2
Pavimentação;CBUQ FAIXA D;Transporte da massa (caminhão);D2
Pavimentação;CBUQ FAIXA D;Distribuição com vibroacabadora;D2
Pavimentação;CBUQ FAIXA D;Compactação (rolos);D2
Pavimentação;CBUQ FAIXA D;Acabamento de juntas e controle;D2
Pavimentação;DEMOLIÇÃO MECÂNICA DE PAVIMENTO ASFÁLTICO;Corte do pavimento;D2
Pavimentação;DEMOLIÇÃO MECÂNICA DE PAVIMENTO ASFÁLTICO;Demolição / remoção mecânica do pavimento;D2
Pavimentação;DEMOLIÇÃO MECÂNICA DE PAVIMENTO ASFÁLTICO;Carga e transporte do material;D2
Pavimentação;FRESAGEM - 4 CM;Fresagem do revestimento asfáltico;D2
Pavimentação;FRESAGEM - 4 CM;Varrição e limpeza da superfície fresada;D2
Pavimentação;FRESAGEM - 4 CM;Carga do material fresado (RAP);D2
Pavimentação;FRESAGEM - 4 CM;Transporte do material fresado;D2
Pavimentação;FRESAGEM - 8 CM;Fresagem do revestimento asfáltico;D2
Pavimentação;FRESAGEM - 8 CM;Varrição e limpeza da superfície fresada;D2
Pavimentação;FRESAGEM - 8 CM;Carga do material fresado (RAP);D2
Pavimentação;FRESAGEM - 8 CM;Transporte do material fresado;D2
Pavimentação;IMPRIMAÇÃO EAI - BASE;Limpeza e varrição da base;D2
Pavimentação;IMPRIMAÇÃO EAI - BASE;Aplicação da imprimação (EAI);D2
Pavimentação;IMPRIMAÇÃO EAI - BASE;Cura e penetração;D2
Pavimentação;PINTURA DE CURA EAI - BASE;Limpeza da superfície;D2
Pavimentação;PINTURA DE CURA EAI - BASE;Aplicação do material betuminoso (EAI) de cura;D2
Pavimentação;PINTURA DE CURA EAI - BASE;Cura e proteção da camada;D2
Pavimentação;PINTURA DE CURA EAI - SUB-BASE;Limpeza da superfície;D2
Pavimentação;PINTURA DE CURA EAI - SUB-BASE;Aplicação do material betuminoso (EAI) de cura;D2
Pavimentação;PINTURA DE CURA EAI - SUB-BASE;Cura e proteção da camada;D2
Pavimentação;PINTURA DE LIGAÇÃO - CBUQ FAIXA B;Limpeza da superfície;D2
Pavimentação;PINTURA DE LIGAÇÃO - CBUQ FAIXA B;Aplicação da pintura de ligação (emulsão);D2
Pavimentação;PINTURA DE LIGAÇÃO - CBUQ FAIXA B;Cura / ruptura da emulsão;D2
Pavimentação;PINTURA DE LIGAÇÃO - CBUQ FAIXA D;Limpeza da superfície;D2
Pavimentação;PINTURA DE LIGAÇÃO - CBUQ FAIXA D;Aplicação da pintura de ligação (emulsão);D2
Pavimentação;PINTURA DE LIGAÇÃO - CBUQ FAIXA D;Cura / ruptura da emulsão;D2
Pavimentação;PINTURA DE LIGAÇÃO - PMQ FAIXA III;Limpeza da superfície;D2
Pavimentação;PINTURA DE LIGAÇÃO - PMQ FAIXA III;Aplicação da pintura de ligação (emulsão);D2
Pavimentação;PINTURA DE LIGAÇÃO - PMQ FAIXA III;Cura / ruptura da emulsão;D2
Pavimentação;PMQ FAIXA III;Dosagem dos materiais na usina de asfalto;D2
Pavimentação;PMQ FAIXA III;Usinagem do pré-misturado a quente (usina de asfalto);D2
Pavimentação;PMQ FAIXA III;Transporte da massa;D2
Pavimentação;PMQ FAIXA III;Espalhamento / distribuição;D2
Pavimentação;PMQ FAIXA III;Compactação;D2
Pavimentação;PMQ FAIXA III;Acabamento e controle;D2
Pavimentação;REGULARIZAÇÃO DE BOTA-FORA;Espalhamento do material no bota-fora;D2
Pavimentação;REGULARIZAÇÃO DE BOTA-FORA;Regularização e conformação do talude;D2
Pavimentação;REGULARIZAÇÃO DE BOTA-FORA;Compactação mecânica;D2
Pavimentação;SUB-BASE - BGTC;Preparo e regularização da camada inferior;D2
Pavimentação;SUB-BASE - BGTC;Dosagem dos materiais na usina de solo;D2
Pavimentação;SUB-BASE - BGTC;Usinagem / mistura com cimento (usina de solo);D2
Pavimentação;SUB-BASE - BGTC;Transporte da mistura;D2
Pavimentação;SUB-BASE - BGTC;Espalhamento / distribuição;D2
Pavimentação;SUB-BASE - BGTC;Compactação;D2
Pavimentação;SUB-BASE - BGTC;Acabamento e controle geométrico;D2
Pavimentação;SUBLEITO ACOSTAMENTO;Escarificação do subleito;D2
Pavimentação;SUBLEITO ACOSTAMENTO;Distribuição de cal;D2
Pavimentação;SUBLEITO ACOSTAMENTO;Mistura / pulverização na pista;D2
Pavimentação;SUBLEITO ACOSTAMENTO;Umectação e homogeneização;D2
Pavimentação;SUBLEITO ACOSTAMENTO;Compactação;D2
Pavimentação;SUBLEITO ACOSTAMENTO;Regularização, acabamento e controle;D2
Pavimentação;SUBLEITO PISTA PRINCIPAL;Escarificação do subleito;D2
Pavimentação;SUBLEITO PISTA PRINCIPAL;Distribuição de cal;D2
Pavimentação;SUBLEITO PISTA PRINCIPAL;Mistura / pulverização na pista;D2
Pavimentação;SUBLEITO PISTA PRINCIPAL;Umectação e homogeneização;D2
Pavimentação;SUBLEITO PISTA PRINCIPAL;Compactação;D2
Pavimentação;SUBLEITO PISTA PRINCIPAL;Regularização, acabamento e controle;D2
Pavimentação;BASE - BGS;Preparo e regularização da camada inferior;D2
Pavimentação;BASE - BGS;Dosagem dos materiais na usina de solo;D2
Pavimentação;BASE - BGS;Usinagem / mistura da brita graduada (usina de solo);D2
Pavimentação;BASE - BGS;Transporte da mistura;D2
Pavimentação;BASE - BGS;Espalhamento / distribuição;D2
Pavimentação;BASE - BGS;Umectação e homogeneização;D2
Pavimentação;BASE - BGS;Compactação;D2
Pavimentação;BASE - BGS;Acabamento e controle geométrico;D2
Pavimentação;SUB-BASE - BGS;Preparo e regularização da camada inferior;D2
Pavimentação;SUB-BASE - BGS;Dosagem dos materiais na usina de solo;D2
Pavimentação;SUB-BASE - BGS;Usinagem / mistura da brita graduada (usina de solo);D2
Pavimentação;SUB-BASE - BGS;Transporte da mistura;D2
Pavimentação;SUB-BASE - BGS;Espalhamento / distribuição;D2
Pavimentação;SUB-BASE - BGS;Umectação e homogeneização;D2
Pavimentação;SUB-BASE - BGS;Compactação;D2
Pavimentação;SUB-BASE - BGS;Acabamento e controle geométrico;D2
Pavimentação;BASE - BGMC;Preparo e regularização da camada inferior;C1
Pavimentação;BASE - BGMC;Dosagem dos materiais na usina de solo;C1
Pavimentação;BASE - BGMC;Usinagem / mistura com cimento (usina de solo);C1
Pavimentação;BASE - BGMC;Transporte da mistura;C1
Pavimentação;BASE - BGMC;Espalhamento / distribuição;C1
Pavimentação;BASE - BGMC;Compactação;C1
Pavimentação;BASE - BGMC;Acabamento e controle geométrico;C1
Pavimentação;CBUQ FAIXA B;Dosagem dos materiais na usina de asfalto;C1
Pavimentação;CBUQ FAIXA B;Usinagem da massa asfáltica (usina de asfalto);C1
Pavimentação;CBUQ FAIXA B;Transporte da massa (caminhão);C1
Pavimentação;CBUQ FAIXA B;Distribuição com vibroacabadora;C1
Pavimentação;CBUQ FAIXA B;Compactação (rolos);C1
Pavimentação;CBUQ FAIXA B;Acabamento de juntas e controle;C1
Pavimentação;CBUQ FAIXA D;Dosagem dos materiais na usina de asfalto;C1
Pavimentação;CBUQ FAIXA D;Usinagem da massa asfáltica (usina de asfalto);C1
Pavimentação;CBUQ FAIXA D;Transporte da massa (caminhão);C1
Pavimentação;CBUQ FAIXA D;Distribuição com vibroacabadora;C1
Pavimentação;CBUQ FAIXA D;Compactação (rolos);C1
Pavimentação;CBUQ FAIXA D;Acabamento de juntas e controle;C1
Pavimentação;DEMOLIÇÃO MECÂNICA DE PAVIMENTO ASFÁLTICO;Corte do pavimento;C1
Pavimentação;DEMOLIÇÃO MECÂNICA DE PAVIMENTO ASFÁLTICO;Demolição / remoção mecânica do pavimento;C1
Pavimentação;DEMOLIÇÃO MECÂNICA DE PAVIMENTO ASFÁLTICO;Carga e transporte do material;C1
Pavimentação;FRESAGEM - 4 CM;Fresagem do revestimento asfáltico;C1
Pavimentação;FRESAGEM - 4 CM;Varrição e limpeza da superfície fresada;C1
Pavimentação;FRESAGEM - 4 CM;Carga do material fresado (RAP);C1
Pavimentação;FRESAGEM - 4 CM;Transporte do material fresado;C1
Pavimentação;FRESAGEM - 8 CM;Fresagem do revestimento asfáltico;C1
Pavimentação;FRESAGEM - 8 CM;Varrição e limpeza da superfície fresada;C1
Pavimentação;FRESAGEM - 8 CM;Carga do material fresado (RAP);C1
Pavimentação;FRESAGEM - 8 CM;Transporte do material fresado;C1
Pavimentação;IMPRIMAÇÃO EAI - BASE;Limpeza e varrição da base;C1
Pavimentação;IMPRIMAÇÃO EAI - BASE;Aplicação da imprimação (EAI);C1
Pavimentação;IMPRIMAÇÃO EAI - BASE;Cura e penetração;C1
Pavimentação;PINTURA DE CURA EAI - BASE;Limpeza da superfície;C1
Pavimentação;PINTURA DE CURA EAI - BASE;Aplicação do material betuminoso (EAI) de cura;C1
Pavimentação;PINTURA DE CURA EAI - BASE;Cura e proteção da camada;C1
Pavimentação;PINTURA DE CURA EAI - SUB-BASE;Limpeza da superfície;C1
Pavimentação;PINTURA DE CURA EAI - SUB-BASE;Aplicação do material betuminoso (EAI) de cura;C1
Pavimentação;PINTURA DE CURA EAI - SUB-BASE;Cura e proteção da camada;C1
Pavimentação;PINTURA DE LIGAÇÃO - CBUQ FAIXA B;Limpeza da superfície;C1
Pavimentação;PINTURA DE LIGAÇÃO - CBUQ FAIXA B;Aplicação da pintura de ligação (emulsão);C1
Pavimentação;PINTURA DE LIGAÇÃO - CBUQ FAIXA B;Cura / ruptura da emulsão;C1
Pavimentação;PINTURA DE LIGAÇÃO - CBUQ FAIXA D;Limpeza da superfície;C1
Pavimentação;PINTURA DE LIGAÇÃO - CBUQ FAIXA D;Aplicação da pintura de ligação (emulsão);C1
Pavimentação;PINTURA DE LIGAÇÃO - CBUQ FAIXA D;Cura / ruptura da emulsão;C1
Pavimentação;PINTURA DE LIGAÇÃO - PMQ FAIXA III;Limpeza da superfície;C1
Pavimentação;PINTURA DE LIGAÇÃO - PMQ FAIXA III;Aplicação da pintura de ligação (emulsão);C1
Pavimentação;PINTURA DE LIGAÇÃO - PMQ FAIXA III;Cura / ruptura da emulsão;C1
Pavimentação;PMQ FAIXA III;Dosagem dos materiais na usina de asfalto;C1
Pavimentação;PMQ FAIXA III;Usinagem do pré-misturado a quente (usina de asfalto);C1
Pavimentação;PMQ FAIXA III;Transporte da massa;C1
Pavimentação;PMQ FAIXA III;Espalhamento / distribuição;C1
Pavimentação;PMQ FAIXA III;Compactação;C1
Pavimentação;PMQ FAIXA III;Acabamento e controle;C1
Pavimentação;REGULARIZAÇÃO DE BOTA-FORA;Espalhamento do material no bota-fora;C1
Pavimentação;REGULARIZAÇÃO DE BOTA-FORA;Regularização e conformação do talude;C1
Pavimentação;REGULARIZAÇÃO DE BOTA-FORA;Compactação mecânica;C1
Pavimentação;SUB-BASE - BGTC;Preparo e regularização da camada inferior;C1
Pavimentação;SUB-BASE - BGTC;Dosagem dos materiais na usina de solo;C1
Pavimentação;SUB-BASE - BGTC;Usinagem / mistura com cimento (usina de solo);C1
Pavimentação;SUB-BASE - BGTC;Transporte da mistura;C1
Pavimentação;SUB-BASE - BGTC;Espalhamento / distribuição;C1
Pavimentação;SUB-BASE - BGTC;Compactação;C1
Pavimentação;SUB-BASE - BGTC;Acabamento e controle geométrico;C1
Pavimentação;SUBLEITO ACOSTAMENTO;Escarificação do subleito;C1
Pavimentação;SUBLEITO ACOSTAMENTO;Distribuição de cal;C1
Pavimentação;SUBLEITO ACOSTAMENTO;Mistura / pulverização na pista;C1
Pavimentação;SUBLEITO ACOSTAMENTO;Umectação e homogeneização;C1
Pavimentação;SUBLEITO ACOSTAMENTO;Compactação;C1
Pavimentação;SUBLEITO ACOSTAMENTO;Regularização, acabamento e controle;C1
Pavimentação;SUBLEITO PISTA PRINCIPAL;Escarificação do subleito;C1
Pavimentação;SUBLEITO PISTA PRINCIPAL;Distribuição de cal;C1
Pavimentação;SUBLEITO PISTA PRINCIPAL;Mistura / pulverização na pista;C1
Pavimentação;SUBLEITO PISTA PRINCIPAL;Umectação e homogeneização;C1
Pavimentação;SUBLEITO PISTA PRINCIPAL;Compactação;C1
Pavimentação;SUBLEITO PISTA PRINCIPAL;Regularização, acabamento e controle;C1
Pavimentação;BASE - BGS;Preparo e regularização da camada inferior;C1
Pavimentação;BASE - BGS;Dosagem dos materiais na usina de solo;C1
Pavimentação;BASE - BGS;Usinagem / mistura da brita graduada (usina de solo);C1
Pavimentação;BASE - BGS;Transporte da mistura;C1
Pavimentação;BASE - BGS;Espalhamento / distribuição;C1
Pavimentação;BASE - BGS;Umectação e homogeneização;C1
Pavimentação;BASE - BGS;Compactação;C1
Pavimentação;BASE - BGS;Acabamento e controle geométrico;C1
Pavimentação;SUB-BASE - BGS;Preparo e regularização da camada inferior;C1
Pavimentação;SUB-BASE - BGS;Dosagem dos materiais na usina de solo;C1
Pavimentação;SUB-BASE - BGS;Usinagem / mistura da brita graduada (usina de solo);C1
Pavimentação;SUB-BASE - BGS;Transporte da mistura;C1
Pavimentação;SUB-BASE - BGS;Espalhamento / distribuição;C1
Pavimentação;SUB-BASE - BGS;Umectação e homogeneização;C1
Pavimentação;SUB-BASE - BGS;Compactação;C1
Pavimentação;SUB-BASE - BGS;Acabamento e controle geométrico;C1
Pavimentação;BASE - BGMC;Preparo e regularização da camada inferior;C2
Pavimentação;BASE - BGMC;Dosagem dos materiais na usina de solo;C2
Pavimentação;BASE - BGMC;Usinagem / mistura com cimento (usina de solo);C2
Pavimentação;BASE - BGMC;Transporte da mistura;C2
Pavimentação;BASE - BGMC;Espalhamento / distribuição;C2
Pavimentação;BASE - BGMC;Compactação;C2
Pavimentação;BASE - BGMC;Acabamento e controle geométrico;C2
Pavimentação;CBUQ FAIXA B;Dosagem dos materiais na usina de asfalto;C2
Pavimentação;CBUQ FAIXA B;Usinagem da massa asfáltica (usina de asfalto);C2
Pavimentação;CBUQ FAIXA B;Transporte da massa (caminhão);C2
Pavimentação;CBUQ FAIXA B;Distribuição com vibroacabadora;C2
Pavimentação;CBUQ FAIXA B;Compactação (rolos);C2
Pavimentação;CBUQ FAIXA B;Acabamento de juntas e controle;C2
Pavimentação;CBUQ FAIXA D;Dosagem dos materiais na usina de asfalto;C2
Pavimentação;CBUQ FAIXA D;Usinagem da massa asfáltica (usina de asfalto);C2
Pavimentação;CBUQ FAIXA D;Transporte da massa (caminhão);C2
Pavimentação;CBUQ FAIXA D;Distribuição com vibroacabadora;C2
Pavimentação;CBUQ FAIXA D;Compactação (rolos);C2
Pavimentação;CBUQ FAIXA D;Acabamento de juntas e controle;C2
Pavimentação;DEMOLIÇÃO MECÂNICA DE PAVIMENTO ASFÁLTICO;Corte do pavimento;C2
Pavimentação;DEMOLIÇÃO MECÂNICA DE PAVIMENTO ASFÁLTICO;Demolição / remoção mecânica do pavimento;C2
Pavimentação;DEMOLIÇÃO MECÂNICA DE PAVIMENTO ASFÁLTICO;Carga e transporte do material;C2
Pavimentação;FRESAGEM - 4 CM;Fresagem do revestimento asfáltico;C2
Pavimentação;FRESAGEM - 4 CM;Varrição e limpeza da superfície fresada;C2
Pavimentação;FRESAGEM - 4 CM;Carga do material fresado (RAP);C2
Pavimentação;FRESAGEM - 4 CM;Transporte do material fresado;C2
Pavimentação;FRESAGEM - 8 CM;Fresagem do revestimento asfáltico;C2
Pavimentação;FRESAGEM - 8 CM;Varrição e limpeza da superfície fresada;C2
Pavimentação;FRESAGEM - 8 CM;Carga do material fresado (RAP);C2
Pavimentação;FRESAGEM - 8 CM;Transporte do material fresado;C2
Pavimentação;IMPRIMAÇÃO EAI - BASE;Limpeza e varrição da base;C2
Pavimentação;IMPRIMAÇÃO EAI - BASE;Aplicação da imprimação (EAI);C2
Pavimentação;IMPRIMAÇÃO EAI - BASE;Cura e penetração;C2
Pavimentação;PINTURA DE CURA EAI - BASE;Limpeza da superfície;C2
Pavimentação;PINTURA DE CURA EAI - BASE;Aplicação do material betuminoso (EAI) de cura;C2
Pavimentação;PINTURA DE CURA EAI - BASE;Cura e proteção da camada;C2
Pavimentação;PINTURA DE CURA EAI - SUB-BASE;Limpeza da superfície;C2
Pavimentação;PINTURA DE CURA EAI - SUB-BASE;Aplicação do material betuminoso (EAI) de cura;C2
Pavimentação;PINTURA DE CURA EAI - SUB-BASE;Cura e proteção da camada;C2
Pavimentação;PINTURA DE LIGAÇÃO - CBUQ FAIXA B;Limpeza da superfície;C2
Pavimentação;PINTURA DE LIGAÇÃO - CBUQ FAIXA B;Aplicação da pintura de ligação (emulsão);C2
Pavimentação;PINTURA DE LIGAÇÃO - CBUQ FAIXA B;Cura / ruptura da emulsão;C2
Pavimentação;PINTURA DE LIGAÇÃO - CBUQ FAIXA D;Limpeza da superfície;C2
Pavimentação;PINTURA DE LIGAÇÃO - CBUQ FAIXA D;Aplicação da pintura de ligação (emulsão);C2
Pavimentação;PINTURA DE LIGAÇÃO - CBUQ FAIXA D;Cura / ruptura da emulsão;C2
Pavimentação;PINTURA DE LIGAÇÃO - PMQ FAIXA III;Limpeza da superfície;C2
Pavimentação;PINTURA DE LIGAÇÃO - PMQ FAIXA III;Aplicação da pintura de ligação (emulsão);C2
Pavimentação;PINTURA DE LIGAÇÃO - PMQ FAIXA III;Cura / ruptura da emulsão;C2
Pavimentação;PMQ FAIXA III;Dosagem dos materiais na usina de asfalto;C2
Pavimentação;PMQ FAIXA III;Usinagem do pré-misturado a quente (usina de asfalto);C2
Pavimentação;PMQ FAIXA III;Transporte da massa;C2
Pavimentação;PMQ FAIXA III;Espalhamento / distribuição;C2
Pavimentação;PMQ FAIXA III;Compactação;C2
Pavimentação;PMQ FAIXA III;Acabamento e controle;C2
Pavimentação;REGULARIZAÇÃO DE BOTA-FORA;Espalhamento do material no bota-fora;C2
Pavimentação;REGULARIZAÇÃO DE BOTA-FORA;Regularização e conformação do talude;C2
Pavimentação;REGULARIZAÇÃO DE BOTA-FORA;Compactação mecânica;C2
Pavimentação;SUB-BASE - BGTC;Preparo e regularização da camada inferior;C2
Pavimentação;SUB-BASE - BGTC;Dosagem dos materiais na usina de solo;C2
Pavimentação;SUB-BASE - BGTC;Usinagem / mistura com cimento (usina de solo);C2
Pavimentação;SUB-BASE - BGTC;Transporte da mistura;C2
Pavimentação;SUB-BASE - BGTC;Espalhamento / distribuição;C2
Pavimentação;SUB-BASE - BGTC;Compactação;C2
Pavimentação;SUB-BASE - BGTC;Acabamento e controle geométrico;C2
Pavimentação;SUBLEITO ACOSTAMENTO;Escarificação do subleito;C2
Pavimentação;SUBLEITO ACOSTAMENTO;Distribuição de cal;C2
Pavimentação;SUBLEITO ACOSTAMENTO;Mistura / pulverização na pista;C2
Pavimentação;SUBLEITO ACOSTAMENTO;Umectação e homogeneização;C2
Pavimentação;SUBLEITO ACOSTAMENTO;Compactação;C2
Pavimentação;SUBLEITO ACOSTAMENTO;Regularização, acabamento e controle;C2
Pavimentação;SUBLEITO PISTA PRINCIPAL;Escarificação do subleito;C2
Pavimentação;SUBLEITO PISTA PRINCIPAL;Distribuição de cal;C2
Pavimentação;SUBLEITO PISTA PRINCIPAL;Mistura / pulverização na pista;C2
Pavimentação;SUBLEITO PISTA PRINCIPAL;Umectação e homogeneização;C2
Pavimentação;SUBLEITO PISTA PRINCIPAL;Compactação;C2
Pavimentação;SUBLEITO PISTA PRINCIPAL;Regularização, acabamento e controle;C2
Pavimentação;BASE - BGS;Preparo e regularização da camada inferior;C2
Pavimentação;BASE - BGS;Dosagem dos materiais na usina de solo;C2
Pavimentação;BASE - BGS;Usinagem / mistura da brita graduada (usina de solo);C2
Pavimentação;BASE - BGS;Transporte da mistura;C2
Pavimentação;BASE - BGS;Espalhamento / distribuição;C2
Pavimentação;BASE - BGS;Umectação e homogeneização;C2
Pavimentação;BASE - BGS;Compactação;C2
Pavimentação;BASE - BGS;Acabamento e controle geométrico;C2
Pavimentação;SUB-BASE - BGS;Preparo e regularização da camada inferior;C2
Pavimentação;SUB-BASE - BGS;Dosagem dos materiais na usina de solo;C2
Pavimentação;SUB-BASE - BGS;Usinagem / mistura da brita graduada (usina de solo);C2
Pavimentação;SUB-BASE - BGS;Transporte da mistura;C2
Pavimentação;SUB-BASE - BGS;Espalhamento / distribuição;C2
Pavimentação;SUB-BASE - BGS;Umectação e homogeneização;C2
Pavimentação;SUB-BASE - BGS;Compactação;C2
Pavimentação;SUB-BASE - BGS;Acabamento e controle geométrico;C2
Pavimentação;BASE - BGMC;Preparo e regularização da camada inferior;C3
Pavimentação;BASE - BGMC;Dosagem dos materiais na usina de solo;C3
Pavimentação;BASE - BGMC;Usinagem / mistura com cimento (usina de solo);C3
Pavimentação;BASE - BGMC;Transporte da mistura;C3
Pavimentação;BASE - BGMC;Espalhamento / distribuição;C3
Pavimentação;BASE - BGMC;Compactação;C3
Pavimentação;BASE - BGMC;Acabamento e controle geométrico;C3
Pavimentação;CBUQ FAIXA B;Dosagem dos materiais na usina de asfalto;C3
Pavimentação;CBUQ FAIXA B;Usinagem da massa asfáltica (usina de asfalto);C3
Pavimentação;CBUQ FAIXA B;Transporte da massa (caminhão);C3
Pavimentação;CBUQ FAIXA B;Distribuição com vibroacabadora;C3
Pavimentação;CBUQ FAIXA B;Compactação (rolos);C3
Pavimentação;CBUQ FAIXA B;Acabamento de juntas e controle;C3
Pavimentação;CBUQ FAIXA D;Dosagem dos materiais na usina de asfalto;C3
Pavimentação;CBUQ FAIXA D;Usinagem da massa asfáltica (usina de asfalto);C3
Pavimentação;CBUQ FAIXA D;Transporte da massa (caminhão);C3
Pavimentação;CBUQ FAIXA D;Distribuição com vibroacabadora;C3
Pavimentação;CBUQ FAIXA D;Compactação (rolos);C3
Pavimentação;CBUQ FAIXA D;Acabamento de juntas e controle;C3
Pavimentação;DEMOLIÇÃO MECÂNICA DE PAVIMENTO ASFÁLTICO;Corte do pavimento;C3
Pavimentação;DEMOLIÇÃO MECÂNICA DE PAVIMENTO ASFÁLTICO;Demolição / remoção mecânica do pavimento;C3
Pavimentação;DEMOLIÇÃO MECÂNICA DE PAVIMENTO ASFÁLTICO;Carga e transporte do material;C3
Pavimentação;FRESAGEM - 4 CM;Fresagem do revestimento asfáltico;C3
Pavimentação;FRESAGEM - 4 CM;Varrição e limpeza da superfície fresada;C3
Pavimentação;FRESAGEM - 4 CM;Carga do material fresado (RAP);C3
Pavimentação;FRESAGEM - 4 CM;Transporte do material fresado;C3
Pavimentação;FRESAGEM - 8 CM;Fresagem do revestimento asfáltico;C3
Pavimentação;FRESAGEM - 8 CM;Varrição e limpeza da superfície fresada;C3
Pavimentação;FRESAGEM - 8 CM;Carga do material fresado (RAP);C3
Pavimentação;FRESAGEM - 8 CM;Transporte do material fresado;C3
Pavimentação;IMPRIMAÇÃO EAI - BASE;Limpeza e varrição da base;C3
Pavimentação;IMPRIMAÇÃO EAI - BASE;Aplicação da imprimação (EAI);C3
Pavimentação;IMPRIMAÇÃO EAI - BASE;Cura e penetração;C3
Pavimentação;PINTURA DE CURA EAI - BASE;Limpeza da superfície;C3
Pavimentação;PINTURA DE CURA EAI - BASE;Aplicação do material betuminoso (EAI) de cura;C3
Pavimentação;PINTURA DE CURA EAI - BASE;Cura e proteção da camada;C3
Pavimentação;PINTURA DE CURA EAI - SUB-BASE;Limpeza da superfície;C3
Pavimentação;PINTURA DE CURA EAI - SUB-BASE;Aplicação do material betuminoso (EAI) de cura;C3
Pavimentação;PINTURA DE CURA EAI - SUB-BASE;Cura e proteção da camada;C3
Pavimentação;PINTURA DE LIGAÇÃO - CBUQ FAIXA B;Limpeza da superfície;C3
Pavimentação;PINTURA DE LIGAÇÃO - CBUQ FAIXA B;Aplicação da pintura de ligação (emulsão);C3
Pavimentação;PINTURA DE LIGAÇÃO - CBUQ FAIXA B;Cura / ruptura da emulsão;C3
Pavimentação;PINTURA DE LIGAÇÃO - CBUQ FAIXA D;Limpeza da superfície;C3
Pavimentação;PINTURA DE LIGAÇÃO - CBUQ FAIXA D;Aplicação da pintura de ligação (emulsão);C3
Pavimentação;PINTURA DE LIGAÇÃO - CBUQ FAIXA D;Cura / ruptura da emulsão;C3
Pavimentação;PINTURA DE LIGAÇÃO - PMQ FAIXA III;Limpeza da superfície;C3
Pavimentação;PINTURA DE LIGAÇÃO - PMQ FAIXA III;Aplicação da pintura de ligação (emulsão);C3
Pavimentação;PINTURA DE LIGAÇÃO - PMQ FAIXA III;Cura / ruptura da emulsão;C3
Pavimentação;PMQ FAIXA III;Dosagem dos materiais na usina de asfalto;C3
Pavimentação;PMQ FAIXA III;Usinagem do pré-misturado a quente (usina de asfalto);C3
Pavimentação;PMQ FAIXA III;Transporte da massa;C3
Pavimentação;PMQ FAIXA III;Espalhamento / distribuição;C3
Pavimentação;PMQ FAIXA III;Compactação;C3
Pavimentação;PMQ FAIXA III;Acabamento e controle;C3
Pavimentação;REGULARIZAÇÃO DE BOTA-FORA;Espalhamento do material no bota-fora;C3
Pavimentação;REGULARIZAÇÃO DE BOTA-FORA;Regularização e conformação do talude;C3
Pavimentação;REGULARIZAÇÃO DE BOTA-FORA;Compactação mecânica;C3
Pavimentação;SUB-BASE - BGTC;Preparo e regularização da camada inferior;C3
Pavimentação;SUB-BASE - BGTC;Dosagem dos materiais na usina de solo;C3
Pavimentação;SUB-BASE - BGTC;Usinagem / mistura com cimento (usina de solo);C3
Pavimentação;SUB-BASE - BGTC;Transporte da mistura;C3
Pavimentação;SUB-BASE - BGTC;Espalhamento / distribuição;C3
Pavimentação;SUB-BASE - BGTC;Compactação;C3
Pavimentação;SUB-BASE - BGTC;Acabamento e controle geométrico;C3
Pavimentação;SUBLEITO ACOSTAMENTO;Escarificação do subleito;C3
Pavimentação;SUBLEITO ACOSTAMENTO;Distribuição de cal;C3
Pavimentação;SUBLEITO ACOSTAMENTO;Mistura / pulverização na pista;C3
Pavimentação;SUBLEITO ACOSTAMENTO;Umectação e homogeneização;C3
Pavimentação;SUBLEITO ACOSTAMENTO;Compactação;C3
Pavimentação;SUBLEITO ACOSTAMENTO;Regularização, acabamento e controle;C3
Pavimentação;SUBLEITO PISTA PRINCIPAL;Escarificação do subleito;C3
Pavimentação;SUBLEITO PISTA PRINCIPAL;Distribuição de cal;C3
Pavimentação;SUBLEITO PISTA PRINCIPAL;Mistura / pulverização na pista;C3
Pavimentação;SUBLEITO PISTA PRINCIPAL;Umectação e homogeneização;C3
Pavimentação;SUBLEITO PISTA PRINCIPAL;Compactação;C3
Pavimentação;SUBLEITO PISTA PRINCIPAL;Regularização, acabamento e controle;C3
Pavimentação;BASE - BGS;Preparo e regularização da camada inferior;C3
Pavimentação;BASE - BGS;Dosagem dos materiais na usina de solo;C3
Pavimentação;BASE - BGS;Usinagem / mistura da brita graduada (usina de solo);C3
Pavimentação;BASE - BGS;Transporte da mistura;C3
Pavimentação;BASE - BGS;Espalhamento / distribuição;C3
Pavimentação;BASE - BGS;Umectação e homogeneização;C3
Pavimentação;BASE - BGS;Compactação;C3
Pavimentação;BASE - BGS;Acabamento e controle geométrico;C3
Pavimentação;SUB-BASE - BGS;Preparo e regularização da camada inferior;C3
Pavimentação;SUB-BASE - BGS;Dosagem dos materiais na usina de solo;C3
Pavimentação;SUB-BASE - BGS;Usinagem / mistura da brita graduada (usina de solo);C3
Pavimentação;SUB-BASE - BGS;Transporte da mistura;C3
Pavimentação;SUB-BASE - BGS;Espalhamento / distribuição;C3
Pavimentação;SUB-BASE - BGS;Umectação e homogeneização;C3
Pavimentação;SUB-BASE - BGS;Compactação;C3
Pavimentação;SUB-BASE - BGS;Acabamento e controle geométrico;C3
Pavimentação;BASE - BGMC;Preparo e regularização da camada inferior;C4
Pavimentação;BASE - BGMC;Dosagem dos materiais na usina de solo;C4
Pavimentação;BASE - BGMC;Usinagem / mistura com cimento (usina de solo);C4
Pavimentação;BASE - BGMC;Transporte da mistura;C4
Pavimentação;BASE - BGMC;Espalhamento / distribuição;C4
Pavimentação;BASE - BGMC;Compactação;C4
Pavimentação;BASE - BGMC;Acabamento e controle geométrico;C4
Pavimentação;CBUQ FAIXA B;Dosagem dos materiais na usina de asfalto;C4
Pavimentação;CBUQ FAIXA B;Usinagem da massa asfáltica (usina de asfalto);C4
Pavimentação;CBUQ FAIXA B;Transporte da massa (caminhão);C4
Pavimentação;CBUQ FAIXA B;Distribuição com vibroacabadora;C4
Pavimentação;CBUQ FAIXA B;Compactação (rolos);C4
Pavimentação;CBUQ FAIXA B;Acabamento de juntas e controle;C4
Pavimentação;CBUQ FAIXA D;Dosagem dos materiais na usina de asfalto;C4
Pavimentação;CBUQ FAIXA D;Usinagem da massa asfáltica (usina de asfalto);C4
Pavimentação;CBUQ FAIXA D;Transporte da massa (caminhão);C4
Pavimentação;CBUQ FAIXA D;Distribuição com vibroacabadora;C4
Pavimentação;CBUQ FAIXA D;Compactação (rolos);C4
Pavimentação;CBUQ FAIXA D;Acabamento de juntas e controle;C4
Pavimentação;DEMOLIÇÃO MECÂNICA DE PAVIMENTO ASFÁLTICO;Corte do pavimento;C4
Pavimentação;DEMOLIÇÃO MECÂNICA DE PAVIMENTO ASFÁLTICO;Demolição / remoção mecânica do pavimento;C4
Pavimentação;DEMOLIÇÃO MECÂNICA DE PAVIMENTO ASFÁLTICO;Carga e transporte do material;C4
Pavimentação;FRESAGEM - 4 CM;Fresagem do revestimento asfáltico;C4
Pavimentação;FRESAGEM - 4 CM;Varrição e limpeza da superfície fresada;C4
Pavimentação;FRESAGEM - 4 CM;Carga do material fresado (RAP);C4
Pavimentação;FRESAGEM - 4 CM;Transporte do material fresado;C4
Pavimentação;FRESAGEM - 8 CM;Fresagem do revestimento asfáltico;C4
Pavimentação;FRESAGEM - 8 CM;Varrição e limpeza da superfície fresada;C4
Pavimentação;FRESAGEM - 8 CM;Carga do material fresado (RAP);C4
Pavimentação;FRESAGEM - 8 CM;Transporte do material fresado;C4
Pavimentação;IMPRIMAÇÃO EAI - BASE;Limpeza e varrição da base;C4
Pavimentação;IMPRIMAÇÃO EAI - BASE;Aplicação da imprimação (EAI);C4
Pavimentação;IMPRIMAÇÃO EAI - BASE;Cura e penetração;C4
Pavimentação;PINTURA DE CURA EAI - BASE;Limpeza da superfície;C4
Pavimentação;PINTURA DE CURA EAI - BASE;Aplicação do material betuminoso (EAI) de cura;C4
Pavimentação;PINTURA DE CURA EAI - BASE;Cura e proteção da camada;C4
Pavimentação;PINTURA DE CURA EAI - SUB-BASE;Limpeza da superfície;C4
Pavimentação;PINTURA DE CURA EAI - SUB-BASE;Aplicação do material betuminoso (EAI) de cura;C4
Pavimentação;PINTURA DE CURA EAI - SUB-BASE;Cura e proteção da camada;C4
Pavimentação;PINTURA DE LIGAÇÃO - CBUQ FAIXA B;Limpeza da superfície;C4
Pavimentação;PINTURA DE LIGAÇÃO - CBUQ FAIXA B;Aplicação da pintura de ligação (emulsão);C4
Pavimentação;PINTURA DE LIGAÇÃO - CBUQ FAIXA B;Cura / ruptura da emulsão;C4
Pavimentação;PINTURA DE LIGAÇÃO - CBUQ FAIXA D;Limpeza da superfície;C4
Pavimentação;PINTURA DE LIGAÇÃO - CBUQ FAIXA D;Aplicação da pintura de ligação (emulsão);C4
Pavimentação;PINTURA DE LIGAÇÃO - CBUQ FAIXA D;Cura / ruptura da emulsão;C4
Pavimentação;PINTURA DE LIGAÇÃO - PMQ FAIXA III;Limpeza da superfície;C4
Pavimentação;PINTURA DE LIGAÇÃO - PMQ FAIXA III;Aplicação da pintura de ligação (emulsão);C4
Pavimentação;PINTURA DE LIGAÇÃO - PMQ FAIXA III;Cura / ruptura da emulsão;C4
Pavimentação;PMQ FAIXA III;Dosagem dos materiais na usina de asfalto;C4
Pavimentação;PMQ FAIXA III;Usinagem do pré-misturado a quente (usina de asfalto);C4
Pavimentação;PMQ FAIXA III;Transporte da massa;C4
Pavimentação;PMQ FAIXA III;Espalhamento / distribuição;C4
Pavimentação;PMQ FAIXA III;Compactação;C4
Pavimentação;PMQ FAIXA III;Acabamento e controle;C4
Pavimentação;REGULARIZAÇÃO DE BOTA-FORA;Espalhamento do material no bota-fora;C4
Pavimentação;REGULARIZAÇÃO DE BOTA-FORA;Regularização e conformação do talude;C4
Pavimentação;REGULARIZAÇÃO DE BOTA-FORA;Compactação mecânica;C4
Pavimentação;SUB-BASE - BGTC;Preparo e regularização da camada inferior;C4
Pavimentação;SUB-BASE - BGTC;Dosagem dos materiais na usina de solo;C4
Pavimentação;SUB-BASE - BGTC;Usinagem / mistura com cimento (usina de solo);C4
Pavimentação;SUB-BASE - BGTC;Transporte da mistura;C4
Pavimentação;SUB-BASE - BGTC;Espalhamento / distribuição;C4
Pavimentação;SUB-BASE - BGTC;Compactação;C4
Pavimentação;SUB-BASE - BGTC;Acabamento e controle geométrico;C4
Pavimentação;SUBLEITO ACOSTAMENTO;Escarificação do subleito;C4
Pavimentação;SUBLEITO ACOSTAMENTO;Distribuição de cal;C4
Pavimentação;SUBLEITO ACOSTAMENTO;Mistura / pulverização na pista;C4
Pavimentação;SUBLEITO ACOSTAMENTO;Umectação e homogeneização;C4
Pavimentação;SUBLEITO ACOSTAMENTO;Compactação;C4
Pavimentação;SUBLEITO ACOSTAMENTO;Regularização, acabamento e controle;C4
Pavimentação;SUBLEITO PISTA PRINCIPAL;Escarificação do subleito;C4
Pavimentação;SUBLEITO PISTA PRINCIPAL;Distribuição de cal;C4
Pavimentação;SUBLEITO PISTA PRINCIPAL;Mistura / pulverização na pista;C4
Pavimentação;SUBLEITO PISTA PRINCIPAL;Umectação e homogeneização;C4
Pavimentação;SUBLEITO PISTA PRINCIPAL;Compactação;C4
Pavimentação;SUBLEITO PISTA PRINCIPAL;Regularização, acabamento e controle;C4
Pavimentação;BASE - BGS;Preparo e regularização da camada inferior;C4
Pavimentação;BASE - BGS;Dosagem dos materiais na usina de solo;C4
Pavimentação;BASE - BGS;Usinagem / mistura da brita graduada (usina de solo);C4
Pavimentação;BASE - BGS;Transporte da mistura;C4
Pavimentação;BASE - BGS;Espalhamento / distribuição;C4
Pavimentação;BASE - BGS;Umectação e homogeneização;C4
Pavimentação;BASE - BGS;Compactação;C4
Pavimentação;BASE - BGS;Acabamento e controle geométrico;C4
Pavimentação;SUB-BASE - BGS;Preparo e regularização da camada inferior;C4
Pavimentação;SUB-BASE - BGS;Dosagem dos materiais na usina de solo;C4
Pavimentação;SUB-BASE - BGS;Usinagem / mistura da brita graduada (usina de solo);C4
Pavimentação;SUB-BASE - BGS;Transporte da mistura;C4
Pavimentação;SUB-BASE - BGS;Espalhamento / distribuição;C4
Pavimentação;SUB-BASE - BGS;Umectação e homogeneização;C4
Pavimentação;SUB-BASE - BGS;Compactação;C4
Pavimentação;SUB-BASE - BGS;Acabamento e controle geométrico;C4
Pavimentação;BASE - BGMC;Preparo e regularização da camada inferior;CANTEIRO INDUSTRIAL
Pavimentação;BASE - BGMC;Dosagem dos materiais na usina de solo;CANTEIRO INDUSTRIAL
Pavimentação;BASE - BGMC;Usinagem / mistura com cimento (usina de solo);CANTEIRO INDUSTRIAL
Pavimentação;BASE - BGMC;Transporte da mistura;CANTEIRO INDUSTRIAL
Pavimentação;BASE - BGMC;Espalhamento / distribuição;CANTEIRO INDUSTRIAL
Pavimentação;BASE - BGMC;Compactação;CANTEIRO INDUSTRIAL
Pavimentação;BASE - BGMC;Acabamento e controle geométrico;CANTEIRO INDUSTRIAL
Pavimentação;CBUQ FAIXA B;Dosagem dos materiais na usina de asfalto;CANTEIRO INDUSTRIAL
Pavimentação;CBUQ FAIXA B;Usinagem da massa asfáltica (usina de asfalto);CANTEIRO INDUSTRIAL
Pavimentação;CBUQ FAIXA B;Transporte da massa (caminhão);CANTEIRO INDUSTRIAL
Pavimentação;CBUQ FAIXA B;Distribuição com vibroacabadora;CANTEIRO INDUSTRIAL
Pavimentação;CBUQ FAIXA B;Compactação (rolos);CANTEIRO INDUSTRIAL
Pavimentação;CBUQ FAIXA B;Acabamento de juntas e controle;CANTEIRO INDUSTRIAL
Pavimentação;CBUQ FAIXA D;Dosagem dos materiais na usina de asfalto;CANTEIRO INDUSTRIAL
Pavimentação;CBUQ FAIXA D;Usinagem da massa asfáltica (usina de asfalto);CANTEIRO INDUSTRIAL
Pavimentação;CBUQ FAIXA D;Transporte da massa (caminhão);CANTEIRO INDUSTRIAL
Pavimentação;CBUQ FAIXA D;Distribuição com vibroacabadora;CANTEIRO INDUSTRIAL
Pavimentação;CBUQ FAIXA D;Compactação (rolos);CANTEIRO INDUSTRIAL
Pavimentação;CBUQ FAIXA D;Acabamento de juntas e controle;CANTEIRO INDUSTRIAL
Pavimentação;DEMOLIÇÃO MECÂNICA DE PAVIMENTO ASFÁLTICO;Corte do pavimento;CANTEIRO INDUSTRIAL
Pavimentação;DEMOLIÇÃO MECÂNICA DE PAVIMENTO ASFÁLTICO;Demolição / remoção mecânica do pavimento;CANTEIRO INDUSTRIAL
Pavimentação;DEMOLIÇÃO MECÂNICA DE PAVIMENTO ASFÁLTICO;Carga e transporte do material;CANTEIRO INDUSTRIAL
Pavimentação;FRESAGEM - 4 CM;Fresagem do revestimento asfáltico;CANTEIRO INDUSTRIAL
Pavimentação;FRESAGEM - 4 CM;Varrição e limpeza da superfície fresada;CANTEIRO INDUSTRIAL
Pavimentação;FRESAGEM - 4 CM;Carga do material fresado (RAP);CANTEIRO INDUSTRIAL
Pavimentação;FRESAGEM - 4 CM;Transporte do material fresado;CANTEIRO INDUSTRIAL
Pavimentação;FRESAGEM - 8 CM;Fresagem do revestimento asfáltico;CANTEIRO INDUSTRIAL
Pavimentação;FRESAGEM - 8 CM;Varrição e limpeza da superfície fresada;CANTEIRO INDUSTRIAL
Pavimentação;FRESAGEM - 8 CM;Carga do material fresado (RAP);CANTEIRO INDUSTRIAL
Pavimentação;FRESAGEM - 8 CM;Transporte do material fresado;CANTEIRO INDUSTRIAL
Pavimentação;IMPRIMAÇÃO EAI - BASE;Limpeza e varrição da base;CANTEIRO INDUSTRIAL
Pavimentação;IMPRIMAÇÃO EAI - BASE;Aplicação da imprimação (EAI);CANTEIRO INDUSTRIAL
Pavimentação;IMPRIMAÇÃO EAI - BASE;Cura e penetração;CANTEIRO INDUSTRIAL
Pavimentação;PINTURA DE CURA EAI - BASE;Limpeza da superfície;CANTEIRO INDUSTRIAL
Pavimentação;PINTURA DE CURA EAI - BASE;Aplicação do material betuminoso (EAI) de cura;CANTEIRO INDUSTRIAL
Pavimentação;PINTURA DE CURA EAI - BASE;Cura e proteção da camada;CANTEIRO INDUSTRIAL
Pavimentação;PINTURA DE CURA EAI - SUB-BASE;Limpeza da superfície;CANTEIRO INDUSTRIAL
Pavimentação;PINTURA DE CURA EAI - SUB-BASE;Aplicação do material betuminoso (EAI) de cura;CANTEIRO INDUSTRIAL
Pavimentação;PINTURA DE CURA EAI - SUB-BASE;Cura e proteção da camada;CANTEIRO INDUSTRIAL
Pavimentação;PINTURA DE LIGAÇÃO - CBUQ FAIXA B;Limpeza da superfície;CANTEIRO INDUSTRIAL
Pavimentação;PINTURA DE LIGAÇÃO - CBUQ FAIXA B;Aplicação da pintura de ligação (emulsão);CANTEIRO INDUSTRIAL
Pavimentação;PINTURA DE LIGAÇÃO - CBUQ FAIXA B;Cura / ruptura da emulsão;CANTEIRO INDUSTRIAL
Pavimentação;PINTURA DE LIGAÇÃO - CBUQ FAIXA D;Limpeza da superfície;CANTEIRO INDUSTRIAL
Pavimentação;PINTURA DE LIGAÇÃO - CBUQ FAIXA D;Aplicação da pintura de ligação (emulsão);CANTEIRO INDUSTRIAL
Pavimentação;PINTURA DE LIGAÇÃO - CBUQ FAIXA D;Cura / ruptura da emulsão;CANTEIRO INDUSTRIAL
Pavimentação;PINTURA DE LIGAÇÃO - PMQ FAIXA III;Limpeza da superfície;CANTEIRO INDUSTRIAL
Pavimentação;PINTURA DE LIGAÇÃO - PMQ FAIXA III;Aplicação da pintura de ligação (emulsão);CANTEIRO INDUSTRIAL
Pavimentação;PINTURA DE LIGAÇÃO - PMQ FAIXA III;Cura / ruptura da emulsão;CANTEIRO INDUSTRIAL
Pavimentação;PMQ FAIXA III;Dosagem dos materiais na usina de asfalto;CANTEIRO INDUSTRIAL
Pavimentação;PMQ FAIXA III;Usinagem do pré-misturado a quente (usina de asfalto);CANTEIRO INDUSTRIAL
Pavimentação;PMQ FAIXA III;Transporte da massa;CANTEIRO INDUSTRIAL
Pavimentação;PMQ FAIXA III;Espalhamento / distribuição;CANTEIRO INDUSTRIAL
Pavimentação;PMQ FAIXA III;Compactação;CANTEIRO INDUSTRIAL
Pavimentação;PMQ FAIXA III;Acabamento e controle;CANTEIRO INDUSTRIAL
Pavimentação;REGULARIZAÇÃO DE BOTA-FORA;Espalhamento do material no bota-fora;CANTEIRO INDUSTRIAL
Pavimentação;REGULARIZAÇÃO DE BOTA-FORA;Regularização e conformação do talude;CANTEIRO INDUSTRIAL
Pavimentação;REGULARIZAÇÃO DE BOTA-FORA;Compactação mecânica;CANTEIRO INDUSTRIAL
Pavimentação;SUB-BASE - BGTC;Preparo e regularização da camada inferior;CANTEIRO INDUSTRIAL
Pavimentação;SUB-BASE - BGTC;Dosagem dos materiais na usina de solo;CANTEIRO INDUSTRIAL
Pavimentação;SUB-BASE - BGTC;Usinagem / mistura com cimento (usina de solo);CANTEIRO INDUSTRIAL
Pavimentação;SUB-BASE - BGTC;Transporte da mistura;CANTEIRO INDUSTRIAL
Pavimentação;SUB-BASE - BGTC;Espalhamento / distribuição;CANTEIRO INDUSTRIAL
Pavimentação;SUB-BASE - BGTC;Compactação;CANTEIRO INDUSTRIAL
Pavimentação;SUB-BASE - BGTC;Acabamento e controle geométrico;CANTEIRO INDUSTRIAL
Pavimentação;SUBLEITO ACOSTAMENTO;Escarificação do subleito;CANTEIRO INDUSTRIAL
Pavimentação;SUBLEITO ACOSTAMENTO;Distribuição de cal;CANTEIRO INDUSTRIAL
Pavimentação;SUBLEITO ACOSTAMENTO;Mistura / pulverização na pista;CANTEIRO INDUSTRIAL
Pavimentação;SUBLEITO ACOSTAMENTO;Umectação e homogeneização;CANTEIRO INDUSTRIAL
Pavimentação;SUBLEITO ACOSTAMENTO;Compactação;CANTEIRO INDUSTRIAL
Pavimentação;SUBLEITO ACOSTAMENTO;Regularização, acabamento e controle;CANTEIRO INDUSTRIAL
Pavimentação;SUBLEITO PISTA PRINCIPAL;Escarificação do subleito;CANTEIRO INDUSTRIAL
Pavimentação;SUBLEITO PISTA PRINCIPAL;Distribuição de cal;CANTEIRO INDUSTRIAL
Pavimentação;SUBLEITO PISTA PRINCIPAL;Mistura / pulverização na pista;CANTEIRO INDUSTRIAL
Pavimentação;SUBLEITO PISTA PRINCIPAL;Umectação e homogeneização;CANTEIRO INDUSTRIAL
Pavimentação;SUBLEITO PISTA PRINCIPAL;Compactação;CANTEIRO INDUSTRIAL
Pavimentação;SUBLEITO PISTA PRINCIPAL;Regularização, acabamento e controle;CANTEIRO INDUSTRIAL
Pavimentação;BASE - BGS;Preparo e regularização da camada inferior;CANTEIRO INDUSTRIAL
Pavimentação;BASE - BGS;Dosagem dos materiais na usina de solo;CANTEIRO INDUSTRIAL
Pavimentação;BASE - BGS;Usinagem / mistura da brita graduada (usina de solo);CANTEIRO INDUSTRIAL
Pavimentação;BASE - BGS;Transporte da mistura;CANTEIRO INDUSTRIAL
Pavimentação;BASE - BGS;Espalhamento / distribuição;CANTEIRO INDUSTRIAL
Pavimentação;BASE - BGS;Umectação e homogeneização;CANTEIRO INDUSTRIAL
Pavimentação;BASE - BGS;Compactação;CANTEIRO INDUSTRIAL
Pavimentação;BASE - BGS;Acabamento e controle geométrico;CANTEIRO INDUSTRIAL
Pavimentação;SUB-BASE - BGS;Preparo e regularização da camada inferior;CANTEIRO INDUSTRIAL
Pavimentação;SUB-BASE - BGS;Dosagem dos materiais na usina de solo;CANTEIRO INDUSTRIAL
Pavimentação;SUB-BASE - BGS;Usinagem / mistura da brita graduada (usina de solo);CANTEIRO INDUSTRIAL
Pavimentação;SUB-BASE - BGS;Transporte da mistura;CANTEIRO INDUSTRIAL
Pavimentação;SUB-BASE - BGS;Espalhamento / distribuição;CANTEIRO INDUSTRIAL
Pavimentação;SUB-BASE - BGS;Umectação e homogeneização;CANTEIRO INDUSTRIAL
Pavimentação;SUB-BASE - BGS;Compactação;CANTEIRO INDUSTRIAL
Pavimentação;SUB-BASE - BGS;Acabamento e controle geométrico;CANTEIRO INDUSTRIAL
Pavimentação;BASE - BGMC;Preparo e regularização da camada inferior;CONTORNO DE FUNDÃO
Pavimentação;BASE - BGMC;Dosagem dos materiais na usina de solo;CONTORNO DE FUNDÃO
Pavimentação;BASE - BGMC;Usinagem / mistura com cimento (usina de solo);CONTORNO DE FUNDÃO
Pavimentação;BASE - BGMC;Transporte da mistura;CONTORNO DE FUNDÃO
Pavimentação;BASE - BGMC;Espalhamento / distribuição;CONTORNO DE FUNDÃO
Pavimentação;BASE - BGMC;Compactação;CONTORNO DE FUNDÃO
Pavimentação;BASE - BGMC;Acabamento e controle geométrico;CONTORNO DE FUNDÃO
Pavimentação;CBUQ FAIXA B;Dosagem dos materiais na usina de asfalto;CONTORNO DE FUNDÃO
Pavimentação;CBUQ FAIXA B;Usinagem da massa asfáltica (usina de asfalto);CONTORNO DE FUNDÃO
Pavimentação;CBUQ FAIXA B;Transporte da massa (caminhão);CONTORNO DE FUNDÃO
Pavimentação;CBUQ FAIXA B;Distribuição com vibroacabadora;CONTORNO DE FUNDÃO
Pavimentação;CBUQ FAIXA B;Compactação (rolos);CONTORNO DE FUNDÃO
Pavimentação;CBUQ FAIXA B;Acabamento de juntas e controle;CONTORNO DE FUNDÃO
Pavimentação;CBUQ FAIXA D;Dosagem dos materiais na usina de asfalto;CONTORNO DE FUNDÃO
Pavimentação;CBUQ FAIXA D;Usinagem da massa asfáltica (usina de asfalto);CONTORNO DE FUNDÃO
Pavimentação;CBUQ FAIXA D;Transporte da massa (caminhão);CONTORNO DE FUNDÃO
Pavimentação;CBUQ FAIXA D;Distribuição com vibroacabadora;CONTORNO DE FUNDÃO
Pavimentação;CBUQ FAIXA D;Compactação (rolos);CONTORNO DE FUNDÃO
Pavimentação;CBUQ FAIXA D;Acabamento de juntas e controle;CONTORNO DE FUNDÃO
Pavimentação;DEMOLIÇÃO MECÂNICA DE PAVIMENTO ASFÁLTICO;Corte do pavimento;CONTORNO DE FUNDÃO
Pavimentação;DEMOLIÇÃO MECÂNICA DE PAVIMENTO ASFÁLTICO;Demolição / remoção mecânica do pavimento;CONTORNO DE FUNDÃO
Pavimentação;DEMOLIÇÃO MECÂNICA DE PAVIMENTO ASFÁLTICO;Carga e transporte do material;CONTORNO DE FUNDÃO
Pavimentação;FRESAGEM - 4 CM;Fresagem do revestimento asfáltico;CONTORNO DE FUNDÃO
Pavimentação;FRESAGEM - 4 CM;Varrição e limpeza da superfície fresada;CONTORNO DE FUNDÃO
Pavimentação;FRESAGEM - 4 CM;Carga do material fresado (RAP);CONTORNO DE FUNDÃO
Pavimentação;FRESAGEM - 4 CM;Transporte do material fresado;CONTORNO DE FUNDÃO
Pavimentação;FRESAGEM - 8 CM;Fresagem do revestimento asfáltico;CONTORNO DE FUNDÃO
Pavimentação;FRESAGEM - 8 CM;Varrição e limpeza da superfície fresada;CONTORNO DE FUNDÃO
Pavimentação;FRESAGEM - 8 CM;Carga do material fresado (RAP);CONTORNO DE FUNDÃO
Pavimentação;FRESAGEM - 8 CM;Transporte do material fresado;CONTORNO DE FUNDÃO
Pavimentação;IMPRIMAÇÃO EAI - BASE;Limpeza e varrição da base;CONTORNO DE FUNDÃO
Pavimentação;IMPRIMAÇÃO EAI - BASE;Aplicação da imprimação (EAI);CONTORNO DE FUNDÃO
Pavimentação;IMPRIMAÇÃO EAI - BASE;Cura e penetração;CONTORNO DE FUNDÃO
Pavimentação;PINTURA DE CURA EAI - BASE;Limpeza da superfície;CONTORNO DE FUNDÃO
Pavimentação;PINTURA DE CURA EAI - BASE;Aplicação do material betuminoso (EAI) de cura;CONTORNO DE FUNDÃO
Pavimentação;PINTURA DE CURA EAI - BASE;Cura e proteção da camada;CONTORNO DE FUNDÃO
Pavimentação;PINTURA DE CURA EAI - SUB-BASE;Limpeza da superfície;CONTORNO DE FUNDÃO
Pavimentação;PINTURA DE CURA EAI - SUB-BASE;Aplicação do material betuminoso (EAI) de cura;CONTORNO DE FUNDÃO
Pavimentação;PINTURA DE CURA EAI - SUB-BASE;Cura e proteção da camada;CONTORNO DE FUNDÃO
Pavimentação;PINTURA DE LIGAÇÃO - CBUQ FAIXA B;Limpeza da superfície;CONTORNO DE FUNDÃO
Pavimentação;PINTURA DE LIGAÇÃO - CBUQ FAIXA B;Aplicação da pintura de ligação (emulsão);CONTORNO DE FUNDÃO
Pavimentação;PINTURA DE LIGAÇÃO - CBUQ FAIXA B;Cura / ruptura da emulsão;CONTORNO DE FUNDÃO
Pavimentação;PINTURA DE LIGAÇÃO - CBUQ FAIXA D;Limpeza da superfície;CONTORNO DE FUNDÃO
Pavimentação;PINTURA DE LIGAÇÃO - CBUQ FAIXA D;Aplicação da pintura de ligação (emulsão);CONTORNO DE FUNDÃO
Pavimentação;PINTURA DE LIGAÇÃO - CBUQ FAIXA D;Cura / ruptura da emulsão;CONTORNO DE FUNDÃO
Pavimentação;PINTURA DE LIGAÇÃO - PMQ FAIXA III;Limpeza da superfície;CONTORNO DE FUNDÃO
Pavimentação;PINTURA DE LIGAÇÃO - PMQ FAIXA III;Aplicação da pintura de ligação (emulsão);CONTORNO DE FUNDÃO
Pavimentação;PINTURA DE LIGAÇÃO - PMQ FAIXA III;Cura / ruptura da emulsão;CONTORNO DE FUNDÃO
Pavimentação;PMQ FAIXA III;Dosagem dos materiais na usina de asfalto;CONTORNO DE FUNDÃO
Pavimentação;PMQ FAIXA III;Usinagem do pré-misturado a quente (usina de asfalto);CONTORNO DE FUNDÃO
Pavimentação;PMQ FAIXA III;Transporte da massa;CONTORNO DE FUNDÃO
Pavimentação;PMQ FAIXA III;Espalhamento / distribuição;CONTORNO DE FUNDÃO
Pavimentação;PMQ FAIXA III;Compactação;CONTORNO DE FUNDÃO
Pavimentação;PMQ FAIXA III;Acabamento e controle;CONTORNO DE FUNDÃO
Pavimentação;REGULARIZAÇÃO DE BOTA-FORA;Espalhamento do material no bota-fora;CONTORNO DE FUNDÃO
Pavimentação;REGULARIZAÇÃO DE BOTA-FORA;Regularização e conformação do talude;CONTORNO DE FUNDÃO
Pavimentação;REGULARIZAÇÃO DE BOTA-FORA;Compactação mecânica;CONTORNO DE FUNDÃO
Pavimentação;SUB-BASE - BGTC;Preparo e regularização da camada inferior;CONTORNO DE FUNDÃO
Pavimentação;SUB-BASE - BGTC;Dosagem dos materiais na usina de solo;CONTORNO DE FUNDÃO
Pavimentação;SUB-BASE - BGTC;Usinagem / mistura com cimento (usina de solo);CONTORNO DE FUNDÃO
Pavimentação;SUB-BASE - BGTC;Transporte da mistura;CONTORNO DE FUNDÃO
Pavimentação;SUB-BASE - BGTC;Espalhamento / distribuição;CONTORNO DE FUNDÃO
Pavimentação;SUB-BASE - BGTC;Compactação;CONTORNO DE FUNDÃO
Pavimentação;SUB-BASE - BGTC;Acabamento e controle geométrico;CONTORNO DE FUNDÃO
Pavimentação;SUBLEITO ACOSTAMENTO;Escarificação do subleito;CONTORNO DE FUNDÃO
Pavimentação;SUBLEITO ACOSTAMENTO;Distribuição de cal;CONTORNO DE FUNDÃO
Pavimentação;SUBLEITO ACOSTAMENTO;Mistura / pulverização na pista;CONTORNO DE FUNDÃO
Pavimentação;SUBLEITO ACOSTAMENTO;Umectação e homogeneização;CONTORNO DE FUNDÃO
Pavimentação;SUBLEITO ACOSTAMENTO;Compactação;CONTORNO DE FUNDÃO
Pavimentação;SUBLEITO ACOSTAMENTO;Regularização, acabamento e controle;CONTORNO DE FUNDÃO
Pavimentação;SUBLEITO PISTA PRINCIPAL;Escarificação do subleito;CONTORNO DE FUNDÃO
Pavimentação;SUBLEITO PISTA PRINCIPAL;Distribuição de cal;CONTORNO DE FUNDÃO
Pavimentação;SUBLEITO PISTA PRINCIPAL;Mistura / pulverização na pista;CONTORNO DE FUNDÃO
Pavimentação;SUBLEITO PISTA PRINCIPAL;Umectação e homogeneização;CONTORNO DE FUNDÃO
Pavimentação;SUBLEITO PISTA PRINCIPAL;Compactação;CONTORNO DE FUNDÃO
Pavimentação;SUBLEITO PISTA PRINCIPAL;Regularização, acabamento e controle;CONTORNO DE FUNDÃO
Pavimentação;BASE - BGS;Preparo e regularização da camada inferior;CONTORNO DE FUNDÃO
Pavimentação;BASE - BGS;Dosagem dos materiais na usina de solo;CONTORNO DE FUNDÃO
Pavimentação;BASE - BGS;Usinagem / mistura da brita graduada (usina de solo);CONTORNO DE FUNDÃO
Pavimentação;BASE - BGS;Transporte da mistura;CONTORNO DE FUNDÃO
Pavimentação;BASE - BGS;Espalhamento / distribuição;CONTORNO DE FUNDÃO
Pavimentação;BASE - BGS;Umectação e homogeneização;CONTORNO DE FUNDÃO
Pavimentação;BASE - BGS;Compactação;CONTORNO DE FUNDÃO
Pavimentação;BASE - BGS;Acabamento e controle geométrico;CONTORNO DE FUNDÃO
Pavimentação;SUB-BASE - BGS;Preparo e regularização da camada inferior;CONTORNO DE FUNDÃO
Pavimentação;SUB-BASE - BGS;Dosagem dos materiais na usina de solo;CONTORNO DE FUNDÃO
Pavimentação;SUB-BASE - BGS;Usinagem / mistura da brita graduada (usina de solo);CONTORNO DE FUNDÃO
Pavimentação;SUB-BASE - BGS;Transporte da mistura;CONTORNO DE FUNDÃO
Pavimentação;SUB-BASE - BGS;Espalhamento / distribuição;CONTORNO DE FUNDÃO
Pavimentação;SUB-BASE - BGS;Umectação e homogeneização;CONTORNO DE FUNDÃO
Pavimentação;SUB-BASE - BGS;Compactação;CONTORNO DE FUNDÃO
Pavimentação;SUB-BASE - BGS;Acabamento e controle geométrico;CONTORNO DE FUNDÃO
Pavimentação;BASE - BGMC;Preparo e regularização da camada inferior;CONTORNO DE IBIRAÇU
Pavimentação;BASE - BGMC;Dosagem dos materiais na usina de solo;CONTORNO DE IBIRAÇU
Pavimentação;BASE - BGMC;Usinagem / mistura com cimento (usina de solo);CONTORNO DE IBIRAÇU
Pavimentação;BASE - BGMC;Transporte da mistura;CONTORNO DE IBIRAÇU
Pavimentação;BASE - BGMC;Espalhamento / distribuição;CONTORNO DE IBIRAÇU
Pavimentação;BASE - BGMC;Compactação;CONTORNO DE IBIRAÇU
Pavimentação;BASE - BGMC;Acabamento e controle geométrico;CONTORNO DE IBIRAÇU
Pavimentação;CBUQ FAIXA B;Dosagem dos materiais na usina de asfalto;CONTORNO DE IBIRAÇU
Pavimentação;CBUQ FAIXA B;Usinagem da massa asfáltica (usina de asfalto);CONTORNO DE IBIRAÇU
Pavimentação;CBUQ FAIXA B;Transporte da massa (caminhão);CONTORNO DE IBIRAÇU
Pavimentação;CBUQ FAIXA B;Distribuição com vibroacabadora;CONTORNO DE IBIRAÇU
Pavimentação;CBUQ FAIXA B;Compactação (rolos);CONTORNO DE IBIRAÇU
Pavimentação;CBUQ FAIXA B;Acabamento de juntas e controle;CONTORNO DE IBIRAÇU
Pavimentação;CBUQ FAIXA D;Dosagem dos materiais na usina de asfalto;CONTORNO DE IBIRAÇU
Pavimentação;CBUQ FAIXA D;Usinagem da massa asfáltica (usina de asfalto);CONTORNO DE IBIRAÇU
Pavimentação;CBUQ FAIXA D;Transporte da massa (caminhão);CONTORNO DE IBIRAÇU
Pavimentação;CBUQ FAIXA D;Distribuição com vibroacabadora;CONTORNO DE IBIRAÇU
Pavimentação;CBUQ FAIXA D;Compactação (rolos);CONTORNO DE IBIRAÇU
Pavimentação;CBUQ FAIXA D;Acabamento de juntas e controle;CONTORNO DE IBIRAÇU
Pavimentação;DEMOLIÇÃO MECÂNICA DE PAVIMENTO ASFÁLTICO;Corte do pavimento;CONTORNO DE IBIRAÇU
Pavimentação;DEMOLIÇÃO MECÂNICA DE PAVIMENTO ASFÁLTICO;Demolição / remoção mecânica do pavimento;CONTORNO DE IBIRAÇU
Pavimentação;DEMOLIÇÃO MECÂNICA DE PAVIMENTO ASFÁLTICO;Carga e transporte do material;CONTORNO DE IBIRAÇU
Pavimentação;FRESAGEM - 4 CM;Fresagem do revestimento asfáltico;CONTORNO DE IBIRAÇU
Pavimentação;FRESAGEM - 4 CM;Varrição e limpeza da superfície fresada;CONTORNO DE IBIRAÇU
Pavimentação;FRESAGEM - 4 CM;Carga do material fresado (RAP);CONTORNO DE IBIRAÇU
Pavimentação;FRESAGEM - 4 CM;Transporte do material fresado;CONTORNO DE IBIRAÇU
Pavimentação;FRESAGEM - 8 CM;Fresagem do revestimento asfáltico;CONTORNO DE IBIRAÇU
Pavimentação;FRESAGEM - 8 CM;Varrição e limpeza da superfície fresada;CONTORNO DE IBIRAÇU
Pavimentação;FRESAGEM - 8 CM;Carga do material fresado (RAP);CONTORNO DE IBIRAÇU
Pavimentação;FRESAGEM - 8 CM;Transporte do material fresado;CONTORNO DE IBIRAÇU
Pavimentação;IMPRIMAÇÃO EAI - BASE;Limpeza e varrição da base;CONTORNO DE IBIRAÇU
Pavimentação;IMPRIMAÇÃO EAI - BASE;Aplicação da imprimação (EAI);CONTORNO DE IBIRAÇU
Pavimentação;IMPRIMAÇÃO EAI - BASE;Cura e penetração;CONTORNO DE IBIRAÇU
Pavimentação;PINTURA DE CURA EAI - BASE;Limpeza da superfície;CONTORNO DE IBIRAÇU
Pavimentação;PINTURA DE CURA EAI - BASE;Aplicação do material betuminoso (EAI) de cura;CONTORNO DE IBIRAÇU
Pavimentação;PINTURA DE CURA EAI - BASE;Cura e proteção da camada;CONTORNO DE IBIRAÇU
Pavimentação;PINTURA DE CURA EAI - SUB-BASE;Limpeza da superfície;CONTORNO DE IBIRAÇU
Pavimentação;PINTURA DE CURA EAI - SUB-BASE;Aplicação do material betuminoso (EAI) de cura;CONTORNO DE IBIRAÇU
Pavimentação;PINTURA DE CURA EAI - SUB-BASE;Cura e proteção da camada;CONTORNO DE IBIRAÇU
Pavimentação;PINTURA DE LIGAÇÃO - CBUQ FAIXA B;Limpeza da superfície;CONTORNO DE IBIRAÇU
Pavimentação;PINTURA DE LIGAÇÃO - CBUQ FAIXA B;Aplicação da pintura de ligação (emulsão);CONTORNO DE IBIRAÇU
Pavimentação;PINTURA DE LIGAÇÃO - CBUQ FAIXA B;Cura / ruptura da emulsão;CONTORNO DE IBIRAÇU
Pavimentação;PINTURA DE LIGAÇÃO - CBUQ FAIXA D;Limpeza da superfície;CONTORNO DE IBIRAÇU
Pavimentação;PINTURA DE LIGAÇÃO - CBUQ FAIXA D;Aplicação da pintura de ligação (emulsão);CONTORNO DE IBIRAÇU
Pavimentação;PINTURA DE LIGAÇÃO - CBUQ FAIXA D;Cura / ruptura da emulsão;CONTORNO DE IBIRAÇU
Pavimentação;PINTURA DE LIGAÇÃO - PMQ FAIXA III;Limpeza da superfície;CONTORNO DE IBIRAÇU
Pavimentação;PINTURA DE LIGAÇÃO - PMQ FAIXA III;Aplicação da pintura de ligação (emulsão);CONTORNO DE IBIRAÇU
Pavimentação;PINTURA DE LIGAÇÃO - PMQ FAIXA III;Cura / ruptura da emulsão;CONTORNO DE IBIRAÇU
Pavimentação;PMQ FAIXA III;Dosagem dos materiais na usina de asfalto;CONTORNO DE IBIRAÇU
Pavimentação;PMQ FAIXA III;Usinagem do pré-misturado a quente (usina de asfalto);CONTORNO DE IBIRAÇU
Pavimentação;PMQ FAIXA III;Transporte da massa;CONTORNO DE IBIRAÇU
Pavimentação;PMQ FAIXA III;Espalhamento / distribuição;CONTORNO DE IBIRAÇU
Pavimentação;PMQ FAIXA III;Compactação;CONTORNO DE IBIRAÇU
Pavimentação;PMQ FAIXA III;Acabamento e controle;CONTORNO DE IBIRAÇU
Pavimentação;REGULARIZAÇÃO DE BOTA-FORA;Espalhamento do material no bota-fora;CONTORNO DE IBIRAÇU
Pavimentação;REGULARIZAÇÃO DE BOTA-FORA;Regularização e conformação do talude;CONTORNO DE IBIRAÇU
Pavimentação;REGULARIZAÇÃO DE BOTA-FORA;Compactação mecânica;CONTORNO DE IBIRAÇU
Pavimentação;SUB-BASE - BGTC;Preparo e regularização da camada inferior;CONTORNO DE IBIRAÇU
Pavimentação;SUB-BASE - BGTC;Dosagem dos materiais na usina de solo;CONTORNO DE IBIRAÇU
Pavimentação;SUB-BASE - BGTC;Usinagem / mistura com cimento (usina de solo);CONTORNO DE IBIRAÇU
Pavimentação;SUB-BASE - BGTC;Transporte da mistura;CONTORNO DE IBIRAÇU
Pavimentação;SUB-BASE - BGTC;Espalhamento / distribuição;CONTORNO DE IBIRAÇU
Pavimentação;SUB-BASE - BGTC;Compactação;CONTORNO DE IBIRAÇU
Pavimentação;SUB-BASE - BGTC;Acabamento e controle geométrico;CONTORNO DE IBIRAÇU
Pavimentação;SUBLEITO ACOSTAMENTO;Escarificação do subleito;CONTORNO DE IBIRAÇU
Pavimentação;SUBLEITO ACOSTAMENTO;Distribuição de cal;CONTORNO DE IBIRAÇU
Pavimentação;SUBLEITO ACOSTAMENTO;Mistura / pulverização na pista;CONTORNO DE IBIRAÇU
Pavimentação;SUBLEITO ACOSTAMENTO;Umectação e homogeneização;CONTORNO DE IBIRAÇU
Pavimentação;SUBLEITO ACOSTAMENTO;Compactação;CONTORNO DE IBIRAÇU
Pavimentação;SUBLEITO ACOSTAMENTO;Regularização, acabamento e controle;CONTORNO DE IBIRAÇU
Pavimentação;SUBLEITO PISTA PRINCIPAL;Escarificação do subleito;CONTORNO DE IBIRAÇU
Pavimentação;SUBLEITO PISTA PRINCIPAL;Distribuição de cal;CONTORNO DE IBIRAÇU
Pavimentação;SUBLEITO PISTA PRINCIPAL;Mistura / pulverização na pista;CONTORNO DE IBIRAÇU
Pavimentação;SUBLEITO PISTA PRINCIPAL;Umectação e homogeneização;CONTORNO DE IBIRAÇU
Pavimentação;SUBLEITO PISTA PRINCIPAL;Compactação;CONTORNO DE IBIRAÇU
Pavimentação;SUBLEITO PISTA PRINCIPAL;Regularização, acabamento e controle;CONTORNO DE IBIRAÇU
Pavimentação;BASE - BGS;Preparo e regularização da camada inferior;CONTORNO DE IBIRAÇU
Pavimentação;BASE - BGS;Dosagem dos materiais na usina de solo;CONTORNO DE IBIRAÇU
Pavimentação;BASE - BGS;Usinagem / mistura da brita graduada (usina de solo);CONTORNO DE IBIRAÇU
Pavimentação;BASE - BGS;Transporte da mistura;CONTORNO DE IBIRAÇU
Pavimentação;BASE - BGS;Espalhamento / distribuição;CONTORNO DE IBIRAÇU
Pavimentação;BASE - BGS;Umectação e homogeneização;CONTORNO DE IBIRAÇU
Pavimentação;BASE - BGS;Compactação;CONTORNO DE IBIRAÇU
Pavimentação;BASE - BGS;Acabamento e controle geométrico;CONTORNO DE IBIRAÇU
Pavimentação;SUB-BASE - BGS;Preparo e regularização da camada inferior;CONTORNO DE IBIRAÇU
Pavimentação;SUB-BASE - BGS;Dosagem dos materiais na usina de solo;CONTORNO DE IBIRAÇU
Pavimentação;SUB-BASE - BGS;Usinagem / mistura da brita graduada (usina de solo);CONTORNO DE IBIRAÇU
Pavimentação;SUB-BASE - BGS;Transporte da mistura;CONTORNO DE IBIRAÇU
Pavimentação;SUB-BASE - BGS;Espalhamento / distribuição;CONTORNO DE IBIRAÇU
Pavimentação;SUB-BASE - BGS;Umectação e homogeneização;CONTORNO DE IBIRAÇU
Pavimentação;SUB-BASE - BGS;Compactação;CONTORNO DE IBIRAÇU
Pavimentação;SUB-BASE - BGS;Acabamento e controle geométrico;CONTORNO DE IBIRAÇU
Pavimentação;BASE - BGMC;Preparo e regularização da camada inferior;PARALELO DE IBIRAÇU
Pavimentação;BASE - BGMC;Dosagem dos materiais na usina de solo;PARALELO DE IBIRAÇU
Pavimentação;BASE - BGMC;Usinagem / mistura com cimento (usina de solo);PARALELO DE IBIRAÇU
Pavimentação;BASE - BGMC;Transporte da mistura;PARALELO DE IBIRAÇU
Pavimentação;BASE - BGMC;Espalhamento / distribuição;PARALELO DE IBIRAÇU
Pavimentação;BASE - BGMC;Compactação;PARALELO DE IBIRAÇU
Pavimentação;BASE - BGMC;Acabamento e controle geométrico;PARALELO DE IBIRAÇU
Pavimentação;CBUQ FAIXA B;Dosagem dos materiais na usina de asfalto;PARALELO DE IBIRAÇU
Pavimentação;CBUQ FAIXA B;Usinagem da massa asfáltica (usina de asfalto);PARALELO DE IBIRAÇU
Pavimentação;CBUQ FAIXA B;Transporte da massa (caminhão);PARALELO DE IBIRAÇU
Pavimentação;CBUQ FAIXA B;Distribuição com vibroacabadora;PARALELO DE IBIRAÇU
Pavimentação;CBUQ FAIXA B;Compactação (rolos);PARALELO DE IBIRAÇU
Pavimentação;CBUQ FAIXA B;Acabamento de juntas e controle;PARALELO DE IBIRAÇU
Pavimentação;CBUQ FAIXA D;Dosagem dos materiais na usina de asfalto;PARALELO DE IBIRAÇU
Pavimentação;CBUQ FAIXA D;Usinagem da massa asfáltica (usina de asfalto);PARALELO DE IBIRAÇU
Pavimentação;CBUQ FAIXA D;Transporte da massa (caminhão);PARALELO DE IBIRAÇU
Pavimentação;CBUQ FAIXA D;Distribuição com vibroacabadora;PARALELO DE IBIRAÇU
Pavimentação;CBUQ FAIXA D;Compactação (rolos);PARALELO DE IBIRAÇU
Pavimentação;CBUQ FAIXA D;Acabamento de juntas e controle;PARALELO DE IBIRAÇU
Pavimentação;DEMOLIÇÃO MECÂNICA DE PAVIMENTO ASFÁLTICO;Corte do pavimento;PARALELO DE IBIRAÇU
Pavimentação;DEMOLIÇÃO MECÂNICA DE PAVIMENTO ASFÁLTICO;Demolição / remoção mecânica do pavimento;PARALELO DE IBIRAÇU
Pavimentação;DEMOLIÇÃO MECÂNICA DE PAVIMENTO ASFÁLTICO;Carga e transporte do material;PARALELO DE IBIRAÇU
Pavimentação;FRESAGEM - 4 CM;Fresagem do revestimento asfáltico;PARALELO DE IBIRAÇU
Pavimentação;FRESAGEM - 4 CM;Varrição e limpeza da superfície fresada;PARALELO DE IBIRAÇU
Pavimentação;FRESAGEM - 4 CM;Carga do material fresado (RAP);PARALELO DE IBIRAÇU
Pavimentação;FRESAGEM - 4 CM;Transporte do material fresado;PARALELO DE IBIRAÇU
Pavimentação;FRESAGEM - 8 CM;Fresagem do revestimento asfáltico;PARALELO DE IBIRAÇU
Pavimentação;FRESAGEM - 8 CM;Varrição e limpeza da superfície fresada;PARALELO DE IBIRAÇU
Pavimentação;FRESAGEM - 8 CM;Carga do material fresado (RAP);PARALELO DE IBIRAÇU
Pavimentação;FRESAGEM - 8 CM;Transporte do material fresado;PARALELO DE IBIRAÇU
Pavimentação;IMPRIMAÇÃO EAI - BASE;Limpeza e varrição da base;PARALELO DE IBIRAÇU
Pavimentação;IMPRIMAÇÃO EAI - BASE;Aplicação da imprimação (EAI);PARALELO DE IBIRAÇU
Pavimentação;IMPRIMAÇÃO EAI - BASE;Cura e penetração;PARALELO DE IBIRAÇU
Pavimentação;PINTURA DE CURA EAI - BASE;Limpeza da superfície;PARALELO DE IBIRAÇU
Pavimentação;PINTURA DE CURA EAI - BASE;Aplicação do material betuminoso (EAI) de cura;PARALELO DE IBIRAÇU
Pavimentação;PINTURA DE CURA EAI - BASE;Cura e proteção da camada;PARALELO DE IBIRAÇU
Pavimentação;PINTURA DE CURA EAI - SUB-BASE;Limpeza da superfície;PARALELO DE IBIRAÇU
Pavimentação;PINTURA DE CURA EAI - SUB-BASE;Aplicação do material betuminoso (EAI) de cura;PARALELO DE IBIRAÇU
Pavimentação;PINTURA DE CURA EAI - SUB-BASE;Cura e proteção da camada;PARALELO DE IBIRAÇU
Pavimentação;PINTURA DE LIGAÇÃO - CBUQ FAIXA B;Limpeza da superfície;PARALELO DE IBIRAÇU
Pavimentação;PINTURA DE LIGAÇÃO - CBUQ FAIXA B;Aplicação da pintura de ligação (emulsão);PARALELO DE IBIRAÇU
Pavimentação;PINTURA DE LIGAÇÃO - CBUQ FAIXA B;Cura / ruptura da emulsão;PARALELO DE IBIRAÇU
Pavimentação;PINTURA DE LIGAÇÃO - CBUQ FAIXA D;Limpeza da superfície;PARALELO DE IBIRAÇU
Pavimentação;PINTURA DE LIGAÇÃO - CBUQ FAIXA D;Aplicação da pintura de ligação (emulsão);PARALELO DE IBIRAÇU
Pavimentação;PINTURA DE LIGAÇÃO - CBUQ FAIXA D;Cura / ruptura da emulsão;PARALELO DE IBIRAÇU
Pavimentação;PINTURA DE LIGAÇÃO - PMQ FAIXA III;Limpeza da superfície;PARALELO DE IBIRAÇU
Pavimentação;PINTURA DE LIGAÇÃO - PMQ FAIXA III;Aplicação da pintura de ligação (emulsão);PARALELO DE IBIRAÇU
Pavimentação;PINTURA DE LIGAÇÃO - PMQ FAIXA III;Cura / ruptura da emulsão;PARALELO DE IBIRAÇU
Pavimentação;PMQ FAIXA III;Dosagem dos materiais na usina de asfalto;PARALELO DE IBIRAÇU
Pavimentação;PMQ FAIXA III;Usinagem do pré-misturado a quente (usina de asfalto);PARALELO DE IBIRAÇU
Pavimentação;PMQ FAIXA III;Transporte da massa;PARALELO DE IBIRAÇU
Pavimentação;PMQ FAIXA III;Espalhamento / distribuição;PARALELO DE IBIRAÇU
Pavimentação;PMQ FAIXA III;Compactação;PARALELO DE IBIRAÇU
Pavimentação;PMQ FAIXA III;Acabamento e controle;PARALELO DE IBIRAÇU
Pavimentação;REGULARIZAÇÃO DE BOTA-FORA;Espalhamento do material no bota-fora;PARALELO DE IBIRAÇU
Pavimentação;REGULARIZAÇÃO DE BOTA-FORA;Regularização e conformação do talude;PARALELO DE IBIRAÇU
Pavimentação;REGULARIZAÇÃO DE BOTA-FORA;Compactação mecânica;PARALELO DE IBIRAÇU
Pavimentação;SUB-BASE - BGTC;Preparo e regularização da camada inferior;PARALELO DE IBIRAÇU
Pavimentação;SUB-BASE - BGTC;Dosagem dos materiais na usina de solo;PARALELO DE IBIRAÇU
Pavimentação;SUB-BASE - BGTC;Usinagem / mistura com cimento (usina de solo);PARALELO DE IBIRAÇU
Pavimentação;SUB-BASE - BGTC;Transporte da mistura;PARALELO DE IBIRAÇU
Pavimentação;SUB-BASE - BGTC;Espalhamento / distribuição;PARALELO DE IBIRAÇU
Pavimentação;SUB-BASE - BGTC;Compactação;PARALELO DE IBIRAÇU
Pavimentação;SUB-BASE - BGTC;Acabamento e controle geométrico;PARALELO DE IBIRAÇU
Pavimentação;SUBLEITO ACOSTAMENTO;Escarificação do subleito;PARALELO DE IBIRAÇU
Pavimentação;SUBLEITO ACOSTAMENTO;Distribuição de cal;PARALELO DE IBIRAÇU
Pavimentação;SUBLEITO ACOSTAMENTO;Mistura / pulverização na pista;PARALELO DE IBIRAÇU
Pavimentação;SUBLEITO ACOSTAMENTO;Umectação e homogeneização;PARALELO DE IBIRAÇU
Pavimentação;SUBLEITO ACOSTAMENTO;Compactação;PARALELO DE IBIRAÇU
Pavimentação;SUBLEITO ACOSTAMENTO;Regularização, acabamento e controle;PARALELO DE IBIRAÇU
Pavimentação;SUBLEITO PISTA PRINCIPAL;Escarificação do subleito;PARALELO DE IBIRAÇU
Pavimentação;SUBLEITO PISTA PRINCIPAL;Distribuição de cal;PARALELO DE IBIRAÇU
Pavimentação;SUBLEITO PISTA PRINCIPAL;Mistura / pulverização na pista;PARALELO DE IBIRAÇU
Pavimentação;SUBLEITO PISTA PRINCIPAL;Umectação e homogeneização;PARALELO DE IBIRAÇU
Pavimentação;SUBLEITO PISTA PRINCIPAL;Compactação;PARALELO DE IBIRAÇU
Pavimentação;SUBLEITO PISTA PRINCIPAL;Regularização, acabamento e controle;PARALELO DE IBIRAÇU
Pavimentação;BASE - BGS;Preparo e regularização da camada inferior;PARALELO DE IBIRAÇU
Pavimentação;BASE - BGS;Dosagem dos materiais na usina de solo;PARALELO DE IBIRAÇU
Pavimentação;BASE - BGS;Usinagem / mistura da brita graduada (usina de solo);PARALELO DE IBIRAÇU
Pavimentação;BASE - BGS;Transporte da mistura;PARALELO DE IBIRAÇU
Pavimentação;BASE - BGS;Espalhamento / distribuição;PARALELO DE IBIRAÇU
Pavimentação;BASE - BGS;Umectação e homogeneização;PARALELO DE IBIRAÇU
Pavimentação;BASE - BGS;Compactação;PARALELO DE IBIRAÇU
Pavimentação;BASE - BGS;Acabamento e controle geométrico;PARALELO DE IBIRAÇU
Pavimentação;SUB-BASE - BGS;Preparo e regularização da camada inferior;PARALELO DE IBIRAÇU
Pavimentação;SUB-BASE - BGS;Dosagem dos materiais na usina de solo;PARALELO DE IBIRAÇU
Pavimentação;SUB-BASE - BGS;Usinagem / mistura da brita graduada (usina de solo);PARALELO DE IBIRAÇU
Pavimentação;SUB-BASE - BGS;Transporte da mistura;PARALELO DE IBIRAÇU
Pavimentação;SUB-BASE - BGS;Espalhamento / distribuição;PARALELO DE IBIRAÇU
Pavimentação;SUB-BASE - BGS;Umectação e homogeneização;PARALELO DE IBIRAÇU
Pavimentação;SUB-BASE - BGS;Compactação;PARALELO DE IBIRAÇU
Pavimentação;SUB-BASE - BGS;Acabamento e controle geométrico;PARALELO DE IBIRAÇU
Pavimentação;BASE - BGMC;Preparo e regularização da camada inferior;PÁTIO DE VIGAS
Pavimentação;BASE - BGMC;Dosagem dos materiais na usina de solo;PÁTIO DE VIGAS
Pavimentação;BASE - BGMC;Usinagem / mistura com cimento (usina de solo);PÁTIO DE VIGAS
Pavimentação;BASE - BGMC;Transporte da mistura;PÁTIO DE VIGAS
Pavimentação;BASE - BGMC;Espalhamento / distribuição;PÁTIO DE VIGAS
Pavimentação;BASE - BGMC;Compactação;PÁTIO DE VIGAS
Pavimentação;BASE - BGMC;Acabamento e controle geométrico;PÁTIO DE VIGAS
Pavimentação;CBUQ FAIXA B;Dosagem dos materiais na usina de asfalto;PÁTIO DE VIGAS
Pavimentação;CBUQ FAIXA B;Usinagem da massa asfáltica (usina de asfalto);PÁTIO DE VIGAS
Pavimentação;CBUQ FAIXA B;Transporte da massa (caminhão);PÁTIO DE VIGAS
Pavimentação;CBUQ FAIXA B;Distribuição com vibroacabadora;PÁTIO DE VIGAS
Pavimentação;CBUQ FAIXA B;Compactação (rolos);PÁTIO DE VIGAS
Pavimentação;CBUQ FAIXA B;Acabamento de juntas e controle;PÁTIO DE VIGAS
Pavimentação;CBUQ FAIXA D;Dosagem dos materiais na usina de asfalto;PÁTIO DE VIGAS
Pavimentação;CBUQ FAIXA D;Usinagem da massa asfáltica (usina de asfalto);PÁTIO DE VIGAS
Pavimentação;CBUQ FAIXA D;Transporte da massa (caminhão);PÁTIO DE VIGAS
Pavimentação;CBUQ FAIXA D;Distribuição com vibroacabadora;PÁTIO DE VIGAS
Pavimentação;CBUQ FAIXA D;Compactação (rolos);PÁTIO DE VIGAS
Pavimentação;CBUQ FAIXA D;Acabamento de juntas e controle;PÁTIO DE VIGAS
Pavimentação;DEMOLIÇÃO MECÂNICA DE PAVIMENTO ASFÁLTICO;Corte do pavimento;PÁTIO DE VIGAS
Pavimentação;DEMOLIÇÃO MECÂNICA DE PAVIMENTO ASFÁLTICO;Demolição / remoção mecânica do pavimento;PÁTIO DE VIGAS
Pavimentação;DEMOLIÇÃO MECÂNICA DE PAVIMENTO ASFÁLTICO;Carga e transporte do material;PÁTIO DE VIGAS
Pavimentação;FRESAGEM - 4 CM;Fresagem do revestimento asfáltico;PÁTIO DE VIGAS
Pavimentação;FRESAGEM - 4 CM;Varrição e limpeza da superfície fresada;PÁTIO DE VIGAS
Pavimentação;FRESAGEM - 4 CM;Carga do material fresado (RAP);PÁTIO DE VIGAS
Pavimentação;FRESAGEM - 4 CM;Transporte do material fresado;PÁTIO DE VIGAS
Pavimentação;FRESAGEM - 8 CM;Fresagem do revestimento asfáltico;PÁTIO DE VIGAS
Pavimentação;FRESAGEM - 8 CM;Varrição e limpeza da superfície fresada;PÁTIO DE VIGAS
Pavimentação;FRESAGEM - 8 CM;Carga do material fresado (RAP);PÁTIO DE VIGAS
Pavimentação;FRESAGEM - 8 CM;Transporte do material fresado;PÁTIO DE VIGAS
Pavimentação;IMPRIMAÇÃO EAI - BASE;Limpeza e varrição da base;PÁTIO DE VIGAS
Pavimentação;IMPRIMAÇÃO EAI - BASE;Aplicação da imprimação (EAI);PÁTIO DE VIGAS
Pavimentação;IMPRIMAÇÃO EAI - BASE;Cura e penetração;PÁTIO DE VIGAS
Pavimentação;PINTURA DE CURA EAI - BASE;Limpeza da superfície;PÁTIO DE VIGAS
Pavimentação;PINTURA DE CURA EAI - BASE;Aplicação do material betuminoso (EAI) de cura;PÁTIO DE VIGAS
Pavimentação;PINTURA DE CURA EAI - BASE;Cura e proteção da camada;PÁTIO DE VIGAS
Pavimentação;PINTURA DE CURA EAI - SUB-BASE;Limpeza da superfície;PÁTIO DE VIGAS
Pavimentação;PINTURA DE CURA EAI - SUB-BASE;Aplicação do material betuminoso (EAI) de cura;PÁTIO DE VIGAS
Pavimentação;PINTURA DE CURA EAI - SUB-BASE;Cura e proteção da camada;PÁTIO DE VIGAS
Pavimentação;PINTURA DE LIGAÇÃO - CBUQ FAIXA B;Limpeza da superfície;PÁTIO DE VIGAS
Pavimentação;PINTURA DE LIGAÇÃO - CBUQ FAIXA B;Aplicação da pintura de ligação (emulsão);PÁTIO DE VIGAS
Pavimentação;PINTURA DE LIGAÇÃO - CBUQ FAIXA B;Cura / ruptura da emulsão;PÁTIO DE VIGAS
Pavimentação;PINTURA DE LIGAÇÃO - CBUQ FAIXA D;Limpeza da superfície;PÁTIO DE VIGAS
Pavimentação;PINTURA DE LIGAÇÃO - CBUQ FAIXA D;Aplicação da pintura de ligação (emulsão);PÁTIO DE VIGAS
Pavimentação;PINTURA DE LIGAÇÃO - CBUQ FAIXA D;Cura / ruptura da emulsão;PÁTIO DE VIGAS
Pavimentação;PINTURA DE LIGAÇÃO - PMQ FAIXA III;Limpeza da superfície;PÁTIO DE VIGAS
Pavimentação;PINTURA DE LIGAÇÃO - PMQ FAIXA III;Aplicação da pintura de ligação (emulsão);PÁTIO DE VIGAS
Pavimentação;PINTURA DE LIGAÇÃO - PMQ FAIXA III;Cura / ruptura da emulsão;PÁTIO DE VIGAS
Pavimentação;PMQ FAIXA III;Dosagem dos materiais na usina de asfalto;PÁTIO DE VIGAS
Pavimentação;PMQ FAIXA III;Usinagem do pré-misturado a quente (usina de asfalto);PÁTIO DE VIGAS
Pavimentação;PMQ FAIXA III;Transporte da massa;PÁTIO DE VIGAS
Pavimentação;PMQ FAIXA III;Espalhamento / distribuição;PÁTIO DE VIGAS
Pavimentação;PMQ FAIXA III;Compactação;PÁTIO DE VIGAS
Pavimentação;PMQ FAIXA III;Acabamento e controle;PÁTIO DE VIGAS
Pavimentação;REGULARIZAÇÃO DE BOTA-FORA;Espalhamento do material no bota-fora;PÁTIO DE VIGAS
Pavimentação;REGULARIZAÇÃO DE BOTA-FORA;Regularização e conformação do talude;PÁTIO DE VIGAS
Pavimentação;REGULARIZAÇÃO DE BOTA-FORA;Compactação mecânica;PÁTIO DE VIGAS
Pavimentação;SUB-BASE - BGTC;Preparo e regularização da camada inferior;PÁTIO DE VIGAS
Pavimentação;SUB-BASE - BGTC;Dosagem dos materiais na usina de solo;PÁTIO DE VIGAS
Pavimentação;SUB-BASE - BGTC;Usinagem / mistura com cimento (usina de solo);PÁTIO DE VIGAS
Pavimentação;SUB-BASE - BGTC;Transporte da mistura;PÁTIO DE VIGAS
Pavimentação;SUB-BASE - BGTC;Espalhamento / distribuição;PÁTIO DE VIGAS
Pavimentação;SUB-BASE - BGTC;Compactação;PÁTIO DE VIGAS
Pavimentação;SUB-BASE - BGTC;Acabamento e controle geométrico;PÁTIO DE VIGAS
Pavimentação;SUBLEITO ACOSTAMENTO;Escarificação do subleito;PÁTIO DE VIGAS
Pavimentação;SUBLEITO ACOSTAMENTO;Distribuição de cal;PÁTIO DE VIGAS
Pavimentação;SUBLEITO ACOSTAMENTO;Mistura / pulverização na pista;PÁTIO DE VIGAS
Pavimentação;SUBLEITO ACOSTAMENTO;Umectação e homogeneização;PÁTIO DE VIGAS
Pavimentação;SUBLEITO ACOSTAMENTO;Compactação;PÁTIO DE VIGAS
Pavimentação;SUBLEITO ACOSTAMENTO;Regularização, acabamento e controle;PÁTIO DE VIGAS
Pavimentação;SUBLEITO PISTA PRINCIPAL;Escarificação do subleito;PÁTIO DE VIGAS
Pavimentação;SUBLEITO PISTA PRINCIPAL;Distribuição de cal;PÁTIO DE VIGAS
Pavimentação;SUBLEITO PISTA PRINCIPAL;Mistura / pulverização na pista;PÁTIO DE VIGAS
Pavimentação;SUBLEITO PISTA PRINCIPAL;Umectação e homogeneização;PÁTIO DE VIGAS
Pavimentação;SUBLEITO PISTA PRINCIPAL;Compactação;PÁTIO DE VIGAS
Pavimentação;SUBLEITO PISTA PRINCIPAL;Regularização, acabamento e controle;PÁTIO DE VIGAS
Pavimentação;BASE - BGS;Preparo e regularização da camada inferior;PÁTIO DE VIGAS
Pavimentação;BASE - BGS;Dosagem dos materiais na usina de solo;PÁTIO DE VIGAS
Pavimentação;BASE - BGS;Usinagem / mistura da brita graduada (usina de solo);PÁTIO DE VIGAS
Pavimentação;BASE - BGS;Transporte da mistura;PÁTIO DE VIGAS
Pavimentação;BASE - BGS;Espalhamento / distribuição;PÁTIO DE VIGAS
Pavimentação;BASE - BGS;Umectação e homogeneização;PÁTIO DE VIGAS
Pavimentação;BASE - BGS;Compactação;PÁTIO DE VIGAS
Pavimentação;BASE - BGS;Acabamento e controle geométrico;PÁTIO DE VIGAS
Pavimentação;SUB-BASE - BGS;Preparo e regularização da camada inferior;PÁTIO DE VIGAS
Pavimentação;SUB-BASE - BGS;Dosagem dos materiais na usina de solo;PÁTIO DE VIGAS
Pavimentação;SUB-BASE - BGS;Usinagem / mistura da brita graduada (usina de solo);PÁTIO DE VIGAS
Pavimentação;SUB-BASE - BGS;Transporte da mistura;PÁTIO DE VIGAS
Pavimentação;SUB-BASE - BGS;Espalhamento / distribuição;PÁTIO DE VIGAS
Pavimentação;SUB-BASE - BGS;Umectação e homogeneização;PÁTIO DE VIGAS
Pavimentação;SUB-BASE - BGS;Compactação;PÁTIO DE VIGAS
Pavimentação;SUB-BASE - BGS;Acabamento e controle geométrico;PÁTIO DE VIGAS
Pluviometria ;PLUVIÔMETRO;Pluviômetro cheio;C1
Pluviometria ;PLUVIÔMETRO;Pluviômetro vazio;C1
Pluviometria ;PLUVIÔMETRO;Pluviômetro cheio;C2
Pluviometria ;PLUVIÔMETRO;Pluviômetro vazio;C2
Pluviometria ;PLUVIÔMETRO;Pluviômetro cheio;C3
Pluviometria ;PLUVIÔMETRO;Pluviômetro vazio;C3
Pluviometria ;PLUVIÔMETRO;Pluviômetro cheio;C4
Pluviometria ;PLUVIÔMETRO;Pluviômetro vazio;C4
Pluviometria ;PLUVIÔMETRO;Pluviômetro cheio;CANTEIRO INDUSTRIAL
Pluviometria ;PLUVIÔMETRO;Pluviômetro vazio;CANTEIRO INDUSTRIAL
Pluviometria ;PLUVIÔMETRO;Pluviômetro cheio;CONTORNO DE FUNDÃO
Pluviometria ;PLUVIÔMETRO;Pluviômetro vazio;CONTORNO DE FUNDÃO
Pluviometria ;PLUVIÔMETRO;Pluviômetro cheio;CONTORNO DE IBIRAÇU
Pluviometria ;PLUVIÔMETRO;Pluviômetro vazio;CONTORNO DE IBIRAÇU
Pluviometria ;PLUVIÔMETRO;Pluviômetro cheio;D2
Pluviometria ;PLUVIÔMETRO;Pluviômetro vazio;D2
Pluviometria ;PLUVIÔMETRO;Pluviômetro cheio;PARALELO DE IBIRAÇU
Pluviometria ;PLUVIÔMETRO;Pluviômetro vazio;PARALELO DE IBIRAÇU
Pluviometria ;PLUVIÔMETRO;Pluviômetro cheio;PÁTIO DE VIGAS
Pluviometria ;PLUVIÔMETRO;Pluviômetro vazio;PÁTIO DE VIGAS
Sinalização;BARREIRA NEW JERSEY - Dupla;Recebimento e descarga das peças;C1
Sinalização;BARREIRA NEW JERSEY - Dupla;Carga e içamento;C1
Sinalização;BARREIRA NEW JERSEY - Dupla;Descarga e içamento das peças;C1
Sinalização;BARREIRA NEW JERSEY - Dupla;Assentamento / posicionamento no local;C1
Sinalização;BARREIRA NEW JERSEY - Dupla;Recebimento e descarga das peças;C2
Sinalização;BARREIRA NEW JERSEY - Dupla;Carga e içamento;C2
Sinalização;BARREIRA NEW JERSEY - Dupla;Descarga e içamento das peças;C2
Sinalização;BARREIRA NEW JERSEY - Dupla;Assentamento / posicionamento no local;C2
Sinalização;BARREIRA NEW JERSEY - Dupla;Recebimento e descarga das peças;C3
Sinalização;BARREIRA NEW JERSEY - Dupla;Carga e içamento;C3
Sinalização;BARREIRA NEW JERSEY - Dupla;Descarga e içamento das peças;C3
Sinalização;BARREIRA NEW JERSEY - Dupla;Assentamento / posicionamento no local;C3
Sinalização;BARREIRA NEW JERSEY - Dupla;Recebimento e descarga das peças;C4
Sinalização;BARREIRA NEW JERSEY - Dupla;Carga e içamento;C4
Sinalização;BARREIRA NEW JERSEY - Dupla;Descarga e içamento das peças;C4
Sinalização;BARREIRA NEW JERSEY - Dupla;Assentamento / posicionamento no local;C4
Sinalização;BARREIRA NEW JERSEY - Dupla;Recebimento e descarga das peças;CANTEIRO INDUSTRIAL
Sinalização;BARREIRA NEW JERSEY - Dupla;Carga e içamento;CANTEIRO INDUSTRIAL
Sinalização;BARREIRA NEW JERSEY - Dupla;Descarga e içamento das peças;CANTEIRO INDUSTRIAL
Sinalização;BARREIRA NEW JERSEY - Dupla;Assentamento / posicionamento no local;CANTEIRO INDUSTRIAL
Sinalização;BARREIRA NEW JERSEY - Dupla;Recebimento e descarga das peças;CONTORNO DE FUNDÃO
Sinalização;BARREIRA NEW JERSEY - Dupla;Carga e içamento;CONTORNO DE FUNDÃO
Sinalização;BARREIRA NEW JERSEY - Dupla;Descarga e içamento das peças;CONTORNO DE FUNDÃO
Sinalização;BARREIRA NEW JERSEY - Dupla;Assentamento / posicionamento no local;CONTORNO DE FUNDÃO
Sinalização;BARREIRA NEW JERSEY - Dupla;Recebimento e descarga das peças;CONTORNO DE IBIRAÇU
Sinalização;BARREIRA NEW JERSEY - Dupla;Carga e içamento;CONTORNO DE IBIRAÇU
Sinalização;BARREIRA NEW JERSEY - Dupla;Descarga e içamento das peças;CONTORNO DE IBIRAÇU
Sinalização;BARREIRA NEW JERSEY - Dupla;Assentamento / posicionamento no local;CONTORNO DE IBIRAÇU
Sinalização;BARREIRA NEW JERSEY - Dupla;Recebimento e descarga das peças;D2
Sinalização;BARREIRA NEW JERSEY - Dupla;Carga e içamento;D2
Sinalização;BARREIRA NEW JERSEY - Dupla;Descarga e içamento das peças;D2
Sinalização;BARREIRA NEW JERSEY - Dupla;Assentamento / posicionamento no local;D2
Sinalização;BARREIRA NEW JERSEY - Dupla;Recebimento e descarga das peças;PARALELO DE IBIRAÇU
Sinalização;BARREIRA NEW JERSEY - Dupla;Carga e içamento;PARALELO DE IBIRAÇU
Sinalização;BARREIRA NEW JERSEY - Dupla;Descarga e içamento das peças;PARALELO DE IBIRAÇU
Sinalização;BARREIRA NEW JERSEY - Dupla;Assentamento / posicionamento no local;PARALELO DE IBIRAÇU
Sinalização;BARREIRA NEW JERSEY - Dupla;Recebimento e descarga das peças;PÁTIO DE VIGAS
Sinalização;BARREIRA NEW JERSEY - Dupla;Carga e içamento;PÁTIO DE VIGAS
Sinalização;BARREIRA NEW JERSEY - Dupla;Descarga e içamento das peças;PÁTIO DE VIGAS
Sinalização;BARREIRA NEW JERSEY - Dupla;Assentamento / posicionamento no local;PÁTIO DE VIGAS
Sinalização;BARREIRA NEW JERSEY - Simples;Recebimento e descarga das peças;C1
Sinalização;BARREIRA NEW JERSEY - Simples;Carga e içamento;C1
Sinalização;BARREIRA NEW JERSEY - Simples;Descarga e içamento das peças;C1
Sinalização;BARREIRA NEW JERSEY - Simples;Assentamento / posicionamento no local;C1
Sinalização;BARREIRA NEW JERSEY - Simples;Recebimento e descarga das peças;C2
Sinalização;BARREIRA NEW JERSEY - Simples;Carga e içamento;C2
Sinalização;BARREIRA NEW JERSEY - Simples;Descarga e içamento das peças;C2
Sinalização;BARREIRA NEW JERSEY - Simples;Assentamento / posicionamento no local;C2
Sinalização;BARREIRA NEW JERSEY - Simples;Recebimento e descarga das peças;C3
Sinalização;BARREIRA NEW JERSEY - Simples;Carga e içamento;C3
Sinalização;BARREIRA NEW JERSEY - Simples;Descarga e içamento das peças;C3
Sinalização;BARREIRA NEW JERSEY - Simples;Assentamento / posicionamento no local;C3
Sinalização;BARREIRA NEW JERSEY - Simples;Recebimento e descarga das peças;C4
Sinalização;BARREIRA NEW JERSEY - Simples;Carga e içamento;C4
Sinalização;BARREIRA NEW JERSEY - Simples;Descarga e içamento das peças;C4
Sinalização;BARREIRA NEW JERSEY - Simples;Assentamento / posicionamento no local;C4
Sinalização;BARREIRA NEW JERSEY - Simples;Recebimento e descarga das peças;CANTEIRO INDUSTRIAL
Sinalização;BARREIRA NEW JERSEY - Simples;Carga e içamento;CANTEIRO INDUSTRIAL
Sinalização;BARREIRA NEW JERSEY - Simples;Descarga e içamento das peças;CANTEIRO INDUSTRIAL
Sinalização;BARREIRA NEW JERSEY - Simples;Assentamento / posicionamento no local;CANTEIRO INDUSTRIAL
Sinalização;BARREIRA NEW JERSEY - Simples;Recebimento e descarga das peças;CONTORNO DE FUNDÃO
Sinalização;BARREIRA NEW JERSEY - Simples;Carga e içamento;CONTORNO DE FUNDÃO
Sinalização;BARREIRA NEW JERSEY - Simples;Descarga e içamento das peças;CONTORNO DE FUNDÃO
Sinalização;BARREIRA NEW JERSEY - Simples;Assentamento / posicionamento no local;CONTORNO DE FUNDÃO
Sinalização;BARREIRA NEW JERSEY - Simples;Recebimento e descarga das peças;CONTORNO DE IBIRAÇU
Sinalização;BARREIRA NEW JERSEY - Simples;Carga e içamento;CONTORNO DE IBIRAÇU
Sinalização;BARREIRA NEW JERSEY - Simples;Descarga e içamento das peças;CONTORNO DE IBIRAÇU
Sinalização;BARREIRA NEW JERSEY - Simples;Assentamento / posicionamento no local;CONTORNO DE IBIRAÇU
Sinalização;BARREIRA NEW JERSEY - Simples;Recebimento e descarga das peças;D2
Sinalização;BARREIRA NEW JERSEY - Simples;Carga e içamento;D2
Sinalização;BARREIRA NEW JERSEY - Simples;Descarga e içamento das peças;D2
Sinalização;BARREIRA NEW JERSEY - Simples;Assentamento / posicionamento no local;D2
Sinalização;BARREIRA NEW JERSEY - Simples;Recebimento e descarga das peças;PARALELO DE IBIRAÇU
Sinalização;BARREIRA NEW JERSEY - Simples;Carga e içamento;PARALELO DE IBIRAÇU
Sinalização;BARREIRA NEW JERSEY - Simples;Descarga e içamento das peças;PARALELO DE IBIRAÇU
Sinalização;BARREIRA NEW JERSEY - Simples;Assentamento / posicionamento no local;PARALELO DE IBIRAÇU
Sinalização;BARREIRA NEW JERSEY - Simples;Recebimento e descarga das peças;PÁTIO DE VIGAS
Sinalização;BARREIRA NEW JERSEY - Simples;Carga e içamento;PÁTIO DE VIGAS
Sinalização;BARREIRA NEW JERSEY - Simples;Descarga e içamento das peças;PÁTIO DE VIGAS
Sinalização;BARREIRA NEW JERSEY - Simples;Assentamento / posicionamento no local;PÁTIO DE VIGAS
Sinalização;Placa de sinalização;Fixação do poste / suporte metálico;C1
Sinalização;Placa de sinalização;Montagem e fixação da placa;C1
Sinalização;Placa de sinalização;Aprumo, aperto e acabamento;C1
Sinalização;Placa de sinalização;Manutenção e limpeza;C1
Sinalização;Placa de sinalização;Fixação do poste / suporte metálico;C2
Sinalização;Placa de sinalização;Montagem e fixação da placa;C2
Sinalização;Placa de sinalização;Aprumo, aperto e acabamento;C2
Sinalização;Placa de sinalização;Manutenção e limpeza;C2
Sinalização;Placa de sinalização;Fixação do poste / suporte metálico;C3
Sinalização;Placa de sinalização;Montagem e fixação da placa;C3
Sinalização;Placa de sinalização;Aprumo, aperto e acabamento;C3
Sinalização;Placa de sinalização;Manutenção e limpeza;C3
Sinalização;Placa de sinalização;Fixação do poste / suporte metálico;C4
Sinalização;Placa de sinalização;Montagem e fixação da placa;C4
Sinalização;Placa de sinalização;Aprumo, aperto e acabamento;C4
Sinalização;Placa de sinalização;Manutenção e limpeza;C4
Sinalização;Placa de sinalização;Fixação do poste / suporte metálico;CANTEIRO INDUSTRIAL
Sinalização;Placa de sinalização;Montagem e fixação da placa;CANTEIRO INDUSTRIAL
Sinalização;Placa de sinalização;Aprumo, aperto e acabamento;CANTEIRO INDUSTRIAL
Sinalização;Placa de sinalização;Manutenção e limpeza;CANTEIRO INDUSTRIAL
Sinalização;Placa de sinalização;Fixação do poste / suporte metálico;CONTORNO DE FUNDÃO
Sinalização;Placa de sinalização;Montagem e fixação da placa;CONTORNO DE FUNDÃO
Sinalização;Placa de sinalização;Aprumo, aperto e acabamento;CONTORNO DE FUNDÃO
Sinalização;Placa de sinalização;Manutenção e limpeza;CONTORNO DE FUNDÃO
Sinalização;Placa de sinalização;Fixação do poste / suporte metálico;CONTORNO DE IBIRAÇU
Sinalização;Placa de sinalização;Montagem e fixação da placa;CONTORNO DE IBIRAÇU
Sinalização;Placa de sinalização;Aprumo, aperto e acabamento;CONTORNO DE IBIRAÇU
Sinalização;Placa de sinalização;Manutenção e limpeza;CONTORNO DE IBIRAÇU
Sinalização;Placa de sinalização;Fixação do poste / suporte metálico;D2
Sinalização;Placa de sinalização;Montagem e fixação da placa;D2
Sinalização;Placa de sinalização;Aprumo, aperto e acabamento;D2
Sinalização;Placa de sinalização;Manutenção e limpeza;D2
Sinalização;Placa de sinalização;Fixação do poste / suporte metálico;PARALELO DE IBIRAÇU
Sinalização;Placa de sinalização;Montagem e fixação da placa;PARALELO DE IBIRAÇU
Sinalização;Placa de sinalização;Aprumo, aperto e acabamento;PARALELO DE IBIRAÇU
Sinalização;Placa de sinalização;Manutenção e limpeza;PARALELO DE IBIRAÇU
Sinalização;Placa de sinalização;Fixação do poste / suporte metálico;PÁTIO DE VIGAS
Sinalização;Placa de sinalização;Montagem e fixação da placa;PÁTIO DE VIGAS
Sinalização;Placa de sinalização;Aprumo, aperto e acabamento;PÁTIO DE VIGAS
Sinalização;Placa de sinalização;Manutenção e limpeza;PÁTIO DE VIGAS
Sinalização;Régua de lamela (baliza / barreira vertical);Instalação da régua de lamela;C1
Sinalização;Régua de lamela (baliza / barreira vertical);Aprumo e aperto;C1
Sinalização;Régua de lamela (baliza / barreira vertical);Limpeza da régua de lamela;C1
Sinalização;Régua de lamela (baliza / barreira vertical);Instalação da régua de lamela;C2
Sinalização;Régua de lamela (baliza / barreira vertical);Aprumo e aperto;C2
Sinalização;Régua de lamela (baliza / barreira vertical);Limpeza da régua de lamela;C2
Sinalização;Régua de lamela (baliza / barreira vertical);Instalação da régua de lamela;C3
Sinalização;Régua de lamela (baliza / barreira vertical);Aprumo e aperto;C3
Sinalização;Régua de lamela (baliza / barreira vertical);Limpeza da régua de lamela;C3
Sinalização;Régua de lamela (baliza / barreira vertical);Instalação da régua de lamela;C4
Sinalização;Régua de lamela (baliza / barreira vertical);Aprumo e aperto;C4
Sinalização;Régua de lamela (baliza / barreira vertical);Limpeza da régua de lamela;C4
Sinalização;Régua de lamela (baliza / barreira vertical);Instalação da régua de lamela;CANTEIRO INDUSTRIAL
Sinalização;Régua de lamela (baliza / barreira vertical);Aprumo e aperto;CANTEIRO INDUSTRIAL
Sinalização;Régua de lamela (baliza / barreira vertical);Limpeza da régua de lamela;CANTEIRO INDUSTRIAL
Sinalização;Régua de lamela (baliza / barreira vertical);Instalação da régua de lamela;CONTORNO DE FUNDÃO
Sinalização;Régua de lamela (baliza / barreira vertical);Aprumo e aperto;CONTORNO DE FUNDÃO
Sinalização;Régua de lamela (baliza / barreira vertical);Limpeza da régua de lamela;CONTORNO DE FUNDÃO
Sinalização;Régua de lamela (baliza / barreira vertical);Instalação da régua de lamela;CONTORNO DE IBIRAÇU
Sinalização;Régua de lamela (baliza / barreira vertical);Aprumo e aperto;CONTORNO DE IBIRAÇU
Sinalização;Régua de lamela (baliza / barreira vertical);Limpeza da régua de lamela;CONTORNO DE IBIRAÇU
Sinalização;Régua de lamela (baliza / barreira vertical);Instalação da régua de lamela;D2
Sinalização;Régua de lamela (baliza / barreira vertical);Aprumo e aperto;D2
Sinalização;Régua de lamela (baliza / barreira vertical);Limpeza da régua de lamela;D2
Sinalização;Régua de lamela (baliza / barreira vertical);Instalação da régua de lamela;PARALELO DE IBIRAÇU
Sinalização;Régua de lamela (baliza / barreira vertical);Aprumo e aperto;PARALELO DE IBIRAÇU
Sinalização;Régua de lamela (baliza / barreira vertical);Limpeza da régua de lamela;PARALELO DE IBIRAÇU
Sinalização;Régua de lamela (baliza / barreira vertical);Instalação da régua de lamela;PÁTIO DE VIGAS
Sinalização;Régua de lamela (baliza / barreira vertical);Aprumo e aperto;PÁTIO DE VIGAS
Sinalização;Régua de lamela (baliza / barreira vertical);Limpeza da régua de lamela;PÁTIO DE VIGAS
Sinalização;Sinalização de obra – Pare e Siga;Instalação de cones / cavaletes;C1
Sinalização;Sinalização de obra – Pare e Siga;Colocação de placas móveis (Pare/Siga);C1
Sinalização;Sinalização de obra – Pare e Siga;Operação com homem-bandeira;C1
Sinalização;Sinalização de obra – Pare e Siga;Recolhimento dos dispositivos;C1
Sinalização;Sinalização de obra – Pare e Siga;Instalação de cones / cavaletes;C2
Sinalização;Sinalização de obra – Pare e Siga;Colocação de placas móveis (Pare/Siga);C2
Sinalização;Sinalização de obra – Pare e Siga;Operação com homem-bandeira;C2
Sinalização;Sinalização de obra – Pare e Siga;Recolhimento dos dispositivos;C2
Sinalização;Sinalização de obra – Pare e Siga;Instalação de cones / cavaletes;C3
Sinalização;Sinalização de obra – Pare e Siga;Colocação de placas móveis (Pare/Siga);C3
Sinalização;Sinalização de obra – Pare e Siga;Operação com homem-bandeira;C3
Sinalização;Sinalização de obra – Pare e Siga;Recolhimento dos dispositivos;C3
Sinalização;Sinalização de obra – Pare e Siga;Instalação de cones / cavaletes;C4
Sinalização;Sinalização de obra – Pare e Siga;Colocação de placas móveis (Pare/Siga);C4
Sinalização;Sinalização de obra – Pare e Siga;Operação com homem-bandeira;C4
Sinalização;Sinalização de obra – Pare e Siga;Recolhimento dos dispositivos;C4
Sinalização;Sinalização de obra – Pare e Siga;Instalação de cones / cavaletes;CANTEIRO INDUSTRIAL
Sinalização;Sinalização de obra – Pare e Siga;Colocação de placas móveis (Pare/Siga);CANTEIRO INDUSTRIAL
Sinalização;Sinalização de obra – Pare e Siga;Operação com homem-bandeira;CANTEIRO INDUSTRIAL
Sinalização;Sinalização de obra – Pare e Siga;Recolhimento dos dispositivos;CANTEIRO INDUSTRIAL
Sinalização;Sinalização de obra – Pare e Siga;Instalação de cones / cavaletes;CONTORNO DE FUNDÃO
Sinalização;Sinalização de obra – Pare e Siga;Colocação de placas móveis (Pare/Siga);CONTORNO DE FUNDÃO
Sinalização;Sinalização de obra – Pare e Siga;Operação com homem-bandeira;CONTORNO DE FUNDÃO
Sinalização;Sinalização de obra – Pare e Siga;Recolhimento dos dispositivos;CONTORNO DE FUNDÃO
Sinalização;Sinalização de obra – Pare e Siga;Instalação de cones / cavaletes;CONTORNO DE IBIRAÇU
Sinalização;Sinalização de obra – Pare e Siga;Colocação de placas móveis (Pare/Siga);CONTORNO DE IBIRAÇU
Sinalização;Sinalização de obra – Pare e Siga;Operação com homem-bandeira;CONTORNO DE IBIRAÇU
Sinalização;Sinalização de obra – Pare e Siga;Recolhimento dos dispositivos;CONTORNO DE IBIRAÇU
Sinalização;Sinalização de obra – Pare e Siga;Instalação de cones / cavaletes;D2
Sinalização;Sinalização de obra – Pare e Siga;Colocação de placas móveis (Pare/Siga);D2
Sinalização;Sinalização de obra – Pare e Siga;Operação com homem-bandeira;D2
Sinalização;Sinalização de obra – Pare e Siga;Recolhimento dos dispositivos;D2
Sinalização;Sinalização de obra – Pare e Siga;Instalação de cones / cavaletes;PARALELO DE IBIRAÇU
Sinalização;Sinalização de obra – Pare e Siga;Colocação de placas móveis (Pare/Siga);PARALELO DE IBIRAÇU
Sinalização;Sinalização de obra – Pare e Siga;Operação com homem-bandeira;PARALELO DE IBIRAÇU
Sinalização;Sinalização de obra – Pare e Siga;Recolhimento dos dispositivos;PARALELO DE IBIRAÇU
Sinalização;Sinalização de obra – Pare e Siga;Instalação de cones / cavaletes;PÁTIO DE VIGAS
Sinalização;Sinalização de obra – Pare e Siga;Colocação de placas móveis (Pare/Siga);PÁTIO DE VIGAS
Sinalização;Sinalização de obra – Pare e Siga;Operação com homem-bandeira;PÁTIO DE VIGAS
Sinalização;Sinalização de obra – Pare e Siga;Recolhimento dos dispositivos;PÁTIO DE VIGAS
Sinalização;LIMPEZA DE PISTA / VIA;Sinalização e isolamento do trecho;C1
Sinalização;LIMPEZA DE PISTA / VIA;Remoção de material solto / entulho;C1
Sinalização;LIMPEZA DE PISTA / VIA;Varrição mecânica ou manual;C1
Sinalização;LIMPEZA DE PISTA / VIA;Abastecimento do caminhão-pipa;C1
Sinalização;LIMPEZA DE PISTA / VIA;Umectação / lavagem da via com caminhão-pipa;C1
Sinalização;LIMPEZA DE PISTA / VIA;Carregamento e transporte do material;C1
Sinalização;LIMPEZA DE PISTA / VIA;Conferência final e liberação da via;C1
Sinalização;LIMPEZA DE PISTA / VIA;Sinalização e isolamento do trecho;C2
Sinalização;LIMPEZA DE PISTA / VIA;Remoção de material solto / entulho;C2
Sinalização;LIMPEZA DE PISTA / VIA;Varrição mecânica ou manual;C2
Sinalização;LIMPEZA DE PISTA / VIA;Abastecimento do caminhão-pipa;C2
Sinalização;LIMPEZA DE PISTA / VIA;Umectação / lavagem da via com caminhão-pipa;C2
Sinalização;LIMPEZA DE PISTA / VIA;Carregamento e transporte do material;C2
Sinalização;LIMPEZA DE PISTA / VIA;Conferência final e liberação da via;C2
Sinalização;LIMPEZA DE PISTA / VIA;Sinalização e isolamento do trecho;C3
Sinalização;LIMPEZA DE PISTA / VIA;Remoção de material solto / entulho;C3
Sinalização;LIMPEZA DE PISTA / VIA;Varrição mecânica ou manual;C3
Sinalização;LIMPEZA DE PISTA / VIA;Abastecimento do caminhão-pipa;C3
Sinalização;LIMPEZA DE PISTA / VIA;Umectação / lavagem da via com caminhão-pipa;C3
Sinalização;LIMPEZA DE PISTA / VIA;Carregamento e transporte do material;C3
Sinalização;LIMPEZA DE PISTA / VIA;Conferência final e liberação da via;C3
Sinalização;LIMPEZA DE PISTA / VIA;Sinalização e isolamento do trecho;C4
Sinalização;LIMPEZA DE PISTA / VIA;Remoção de material solto / entulho;C4
Sinalização;LIMPEZA DE PISTA / VIA;Varrição mecânica ou manual;C4
Sinalização;LIMPEZA DE PISTA / VIA;Abastecimento do caminhão-pipa;C4
Sinalização;LIMPEZA DE PISTA / VIA;Umectação / lavagem da via com caminhão-pipa;C4
Sinalização;LIMPEZA DE PISTA / VIA;Carregamento e transporte do material;C4
Sinalização;LIMPEZA DE PISTA / VIA;Conferência final e liberação da via;C4
Sinalização;LIMPEZA DE PISTA / VIA;Sinalização e isolamento do trecho;CANTEIRO INDUSTRIAL
Sinalização;LIMPEZA DE PISTA / VIA;Remoção de material solto / entulho;CANTEIRO INDUSTRIAL
Sinalização;LIMPEZA DE PISTA / VIA;Varrição mecânica ou manual;CANTEIRO INDUSTRIAL
Sinalização;LIMPEZA DE PISTA / VIA;Abastecimento do caminhão-pipa;CANTEIRO INDUSTRIAL
Sinalização;LIMPEZA DE PISTA / VIA;Umectação / lavagem da via com caminhão-pipa;CANTEIRO INDUSTRIAL
Sinalização;LIMPEZA DE PISTA / VIA;Carregamento e transporte do material;CANTEIRO INDUSTRIAL
Sinalização;LIMPEZA DE PISTA / VIA;Conferência final e liberação da via;CANTEIRO INDUSTRIAL
Sinalização;LIMPEZA DE PISTA / VIA;Sinalização e isolamento do trecho;CONTORNO DE FUNDÃO
Sinalização;LIMPEZA DE PISTA / VIA;Remoção de material solto / entulho;CONTORNO DE FUNDÃO
Sinalização;LIMPEZA DE PISTA / VIA;Varrição mecânica ou manual;CONTORNO DE FUNDÃO
Sinalização;LIMPEZA DE PISTA / VIA;Abastecimento do caminhão-pipa;CONTORNO DE FUNDÃO
Sinalização;LIMPEZA DE PISTA / VIA;Umectação / lavagem da via com caminhão-pipa;CONTORNO DE FUNDÃO
Sinalização;LIMPEZA DE PISTA / VIA;Carregamento e transporte do material;CONTORNO DE FUNDÃO
Sinalização;LIMPEZA DE PISTA / VIA;Conferência final e liberação da via;CONTORNO DE FUNDÃO
Sinalização;LIMPEZA DE PISTA / VIA;Sinalização e isolamento do trecho;CONTORNO DE IBIRAÇU
Sinalização;LIMPEZA DE PISTA / VIA;Remoção de material solto / entulho;CONTORNO DE IBIRAÇU
Sinalização;LIMPEZA DE PISTA / VIA;Varrição mecânica ou manual;CONTORNO DE IBIRAÇU
Sinalização;LIMPEZA DE PISTA / VIA;Abastecimento do caminhão-pipa;CONTORNO DE IBIRAÇU
Sinalização;LIMPEZA DE PISTA / VIA;Umectação / lavagem da via com caminhão-pipa;CONTORNO DE IBIRAÇU
Sinalização;LIMPEZA DE PISTA / VIA;Carregamento e transporte do material;CONTORNO DE IBIRAÇU
Sinalização;LIMPEZA DE PISTA / VIA;Conferência final e liberação da via;CONTORNO DE IBIRAÇU
Sinalização;LIMPEZA DE PISTA / VIA;Sinalização e isolamento do trecho;D2
Sinalização;LIMPEZA DE PISTA / VIA;Remoção de material solto / entulho;D2
Sinalização;LIMPEZA DE PISTA / VIA;Varrição mecânica ou manual;D2
Sinalização;LIMPEZA DE PISTA / VIA;Abastecimento do caminhão-pipa;D2
Sinalização;LIMPEZA DE PISTA / VIA;Umectação / lavagem da via com caminhão-pipa;D2
Sinalização;LIMPEZA DE PISTA / VIA;Carregamento e transporte do material;D2
Sinalização;LIMPEZA DE PISTA / VIA;Conferência final e liberação da via;D2
Sinalização;LIMPEZA DE PISTA / VIA;Sinalização e isolamento do trecho;PARALELO DE IBIRAÇU
Sinalização;LIMPEZA DE PISTA / VIA;Remoção de material solto / entulho;PARALELO DE IBIRAÇU
Sinalização;LIMPEZA DE PISTA / VIA;Varrição mecânica ou manual;PARALELO DE IBIRAÇU
Sinalização;LIMPEZA DE PISTA / VIA;Abastecimento do caminhão-pipa;PARALELO DE IBIRAÇU
Sinalização;LIMPEZA DE PISTA / VIA;Umectação / lavagem da via com caminhão-pipa;PARALELO DE IBIRAÇU
Sinalização;LIMPEZA DE PISTA / VIA;Carregamento e transporte do material;PARALELO DE IBIRAÇU
Sinalização;LIMPEZA DE PISTA / VIA;Conferência final e liberação da via;PARALELO DE IBIRAÇU
Sinalização;LIMPEZA DE PISTA / VIA;Sinalização e isolamento do trecho;PÁTIO DE VIGAS
Sinalização;LIMPEZA DE PISTA / VIA;Remoção de material solto / entulho;PÁTIO DE VIGAS
Sinalização;LIMPEZA DE PISTA / VIA;Varrição mecânica ou manual;PÁTIO DE VIGAS
Sinalização;LIMPEZA DE PISTA / VIA;Abastecimento do caminhão-pipa;PÁTIO DE VIGAS
Sinalização;LIMPEZA DE PISTA / VIA;Umectação / lavagem da via com caminhão-pipa;PÁTIO DE VIGAS
Sinalização;LIMPEZA DE PISTA / VIA;Carregamento e transporte do material;PÁTIO DE VIGAS
Sinalização;LIMPEZA DE PISTA / VIA;Conferência final e liberação da via;PÁTIO DE VIGAS
Terraplanagem;BGS;Preparo e regularização da camada inferior;C1
Terraplanagem;BGS;Espalhamento da brita graduada;C1
Terraplanagem;BGS;Umectação e homogeneização;C1
Terraplanagem;BGS;Compactação;C1
Terraplanagem;BGS;Acabamento e controle geométrico;C1
Terraplanagem;BGS;Preparo e regularização da camada inferior;C2
Terraplanagem;BGS;Espalhamento da brita graduada;C2
Terraplanagem;BGS;Umectação e homogeneização;C2
Terraplanagem;BGS;Compactação;C2
Terraplanagem;BGS;Acabamento e controle geométrico;C2
Terraplanagem;BGS;Preparo e regularização da camada inferior;C3
Terraplanagem;BGS;Espalhamento da brita graduada;C3
Terraplanagem;BGS;Umectação e homogeneização;C3
Terraplanagem;BGS;Compactação;C3
Terraplanagem;BGS;Acabamento e controle geométrico;C3
Terraplanagem;BGS;Preparo e regularização da camada inferior;C4
Terraplanagem;BGS;Espalhamento da brita graduada;C4
Terraplanagem;BGS;Umectação e homogeneização;C4
Terraplanagem;BGS;Compactação;C4
Terraplanagem;BGS;Acabamento e controle geométrico;C4
Terraplanagem;BGS;Preparo e regularização da camada inferior;D2
Terraplanagem;BGS;Espalhamento da brita graduada;D2
Terraplanagem;BGS;Umectação e homogeneização;D2
Terraplanagem;BGS;Compactação;D2
Terraplanagem;BGS;Acabamento e controle geométrico;D2
Terraplanagem;BGS;Preparo e regularização da camada inferior;PARALELO DE IBIRAÇU
Terraplanagem;BGS;Espalhamento da brita graduada;PARALELO DE IBIRAÇU
Terraplanagem;BGS;Umectação e homogeneização;PARALELO DE IBIRAÇU
Terraplanagem;BGS;Compactação;PARALELO DE IBIRAÇU
Terraplanagem;BGS;Acabamento e controle geométrico;PARALELO DE IBIRAÇU
Terraplanagem;BGS;Preparo e regularização da camada inferior;CONTORNO DE FUNDÃO
Terraplanagem;BGS;Espalhamento da brita graduada;CONTORNO DE FUNDÃO
Terraplanagem;BGS;Umectação e homogeneização;CONTORNO DE FUNDÃO
Terraplanagem;BGS;Compactação;CONTORNO DE FUNDÃO
Terraplanagem;BGS;Acabamento e controle geométrico;CONTORNO DE FUNDÃO
Terraplanagem;BGS;Preparo e regularização da camada inferior;CONTORNO DE IBIRAÇU
Terraplanagem;BGS;Espalhamento da brita graduada;CONTORNO DE IBIRAÇU
Terraplanagem;BGS;Umectação e homogeneização;CONTORNO DE IBIRAÇU
Terraplanagem;BGS;Compactação;CONTORNO DE IBIRAÇU
Terraplanagem;BGS;Acabamento e controle geométrico;CONTORNO DE IBIRAÇU
Terraplanagem;CARGA, MANOBRA E DESCARGA DE PEDRA DE MÃO(PEDRA MATACO);Carga do material ;C1
Terraplanagem;CARGA, MANOBRA E DESCARGA DE PEDRA DE MÃO(PEDRA MATACO);Manobra do caminhão;C1
Terraplanagem;CARGA, MANOBRA E DESCARGA DE PEDRA DE MÃO(PEDRA MATACO);Descarga no destino;C1
Terraplanagem;CARGA, MANOBRA E DESCARGA DE PEDRA DE MÃO(PEDRA MATACO);Carga do material ;C2
Terraplanagem;CARGA, MANOBRA E DESCARGA DE PEDRA DE MÃO(PEDRA MATACO);Manobra do caminhão;C2
Terraplanagem;CARGA, MANOBRA E DESCARGA DE PEDRA DE MÃO(PEDRA MATACO);Descarga no destino;C2
Terraplanagem;CARGA, MANOBRA E DESCARGA DE PEDRA DE MÃO(PEDRA MATACO);Carga do material ;C3
Terraplanagem;CARGA, MANOBRA E DESCARGA DE PEDRA DE MÃO(PEDRA MATACO);Manobra do caminhão;C3
Terraplanagem;CARGA, MANOBRA E DESCARGA DE PEDRA DE MÃO(PEDRA MATACO);Descarga no destino;C3
Terraplanagem;CARGA, MANOBRA E DESCARGA DE PEDRA DE MÃO(PEDRA MATACO);Carga do material ;C4
Terraplanagem;CARGA, MANOBRA E DESCARGA DE PEDRA DE MÃO(PEDRA MATACO);Manobra do caminhão;C4
Terraplanagem;CARGA, MANOBRA E DESCARGA DE PEDRA DE MÃO(PEDRA MATACO);Descarga no destino;C4
Terraplanagem;CARGA, MANOBRA E DESCARGA DE PEDRA DE MÃO(PEDRA MATACO);Carga do material ;CANTEIRO INDUSTRIAL
Terraplanagem;CARGA, MANOBRA E DESCARGA DE PEDRA DE MÃO(PEDRA MATACO);Manobra do caminhão;CANTEIRO INDUSTRIAL
Terraplanagem;CARGA, MANOBRA E DESCARGA DE PEDRA DE MÃO(PEDRA MATACO);Descarga no destino;CANTEIRO INDUSTRIAL
Terraplanagem;CARGA, MANOBRA E DESCARGA DE PEDRA DE MÃO(PEDRA MATACO);Carga do material ;CONTORNO DE FUNDÃO
Terraplanagem;CARGA, MANOBRA E DESCARGA DE PEDRA DE MÃO(PEDRA MATACO);Manobra do caminhão;CONTORNO DE FUNDÃO
Terraplanagem;CARGA, MANOBRA E DESCARGA DE PEDRA DE MÃO(PEDRA MATACO);Descarga no destino;CONTORNO DE FUNDÃO
Terraplanagem;CARGA, MANOBRA E DESCARGA DE PEDRA DE MÃO(PEDRA MATACO);Carga do material ;CONTORNO DE IBIRAÇU
Terraplanagem;CARGA, MANOBRA E DESCARGA DE PEDRA DE MÃO(PEDRA MATACO);Manobra do caminhão;CONTORNO DE IBIRAÇU
Terraplanagem;CARGA, MANOBRA E DESCARGA DE PEDRA DE MÃO(PEDRA MATACO);Descarga no destino;CONTORNO DE IBIRAÇU
Terraplanagem;CARGA, MANOBRA E DESCARGA DE PEDRA DE MÃO(PEDRA MATACO);Carga do material ;D2
Terraplanagem;CARGA, MANOBRA E DESCARGA DE PEDRA DE MÃO(PEDRA MATACO);Manobra do caminhão;D2
Terraplanagem;CARGA, MANOBRA E DESCARGA DE PEDRA DE MÃO(PEDRA MATACO);Descarga no destino;D2
Terraplanagem;CARGA, MANOBRA E DESCARGA DE PEDRA DE MÃO(PEDRA MATACO);Carga do material ;PARALELO DE IBIRAÇU
Terraplanagem;CARGA, MANOBRA E DESCARGA DE PEDRA DE MÃO(PEDRA MATACO);Manobra do caminhão;PARALELO DE IBIRAÇU
Terraplanagem;CARGA, MANOBRA E DESCARGA DE PEDRA DE MÃO(PEDRA MATACO);Descarga no destino;PARALELO DE IBIRAÇU
Terraplanagem;CARGA, MANOBRA E DESCARGA DE PEDRA DE MÃO(PEDRA MATACO);Carga do material ;PÁTIO DE VIGAS
Terraplanagem;CARGA, MANOBRA E DESCARGA DE PEDRA DE MÃO(PEDRA MATACO);Manobra do caminhão;PÁTIO DE VIGAS
Terraplanagem;CARGA, MANOBRA E DESCARGA DE PEDRA DE MÃO(PEDRA MATACO);Descarga no destino;PÁTIO DE VIGAS
Terraplanagem;COLCHÃO DRENANTE;Regularização da superfície;C1
Terraplanagem;COLCHÃO DRENANTE;Lançamento e espalhamento da areia;C1
Terraplanagem;COLCHÃO DRENANTE;Nivelamento da camada;C1
Terraplanagem;COLCHÃO DRENANTE;Compactação leve;C1
Terraplanagem;COLCHÃO DRENANTE;Regularização da superfície;C2
Terraplanagem;COLCHÃO DRENANTE;Lançamento e espalhamento da areia;C2
Terraplanagem;COLCHÃO DRENANTE;Nivelamento da camada;C2
Terraplanagem;COLCHÃO DRENANTE;Compactação leve;C2
Terraplanagem;COLCHÃO DRENANTE;Regularização da superfície;C3
Terraplanagem;COLCHÃO DRENANTE;Lançamento e espalhamento da areia;C3
Terraplanagem;COLCHÃO DRENANTE;Nivelamento da camada;C3
Terraplanagem;COLCHÃO DRENANTE;Compactação leve;C3
Terraplanagem;COLCHÃO DRENANTE;Regularização da superfície;C4
Terraplanagem;COLCHÃO DRENANTE;Lançamento e espalhamento da areia;C4
Terraplanagem;COLCHÃO DRENANTE;Nivelamento da camada;C4
Terraplanagem;COLCHÃO DRENANTE;Compactação leve;C4
Terraplanagem;COLCHÃO DRENANTE;Regularização da superfície;CANTEIRO INDUSTRIAL
Terraplanagem;COLCHÃO DRENANTE;Lançamento e espalhamento da areia;CANTEIRO INDUSTRIAL
Terraplanagem;COLCHÃO DRENANTE;Nivelamento da camada;CANTEIRO INDUSTRIAL
Terraplanagem;COLCHÃO DRENANTE;Compactação leve;CANTEIRO INDUSTRIAL
Terraplanagem;COLCHÃO DRENANTE;Regularização da superfície;CONTORNO DE FUNDÃO
Terraplanagem;COLCHÃO DRENANTE;Lançamento e espalhamento da areia;CONTORNO DE FUNDÃO
Terraplanagem;COLCHÃO DRENANTE;Nivelamento da camada;CONTORNO DE FUNDÃO
Terraplanagem;COLCHÃO DRENANTE;Compactação leve;CONTORNO DE FUNDÃO
Terraplanagem;COLCHÃO DRENANTE;Regularização da superfície;CONTORNO DE IBIRAÇU
Terraplanagem;COLCHÃO DRENANTE;Lançamento e espalhamento da areia;CONTORNO DE IBIRAÇU
Terraplanagem;COLCHÃO DRENANTE;Nivelamento da camada;CONTORNO DE IBIRAÇU
Terraplanagem;COLCHÃO DRENANTE;Compactação leve;CONTORNO DE IBIRAÇU
Terraplanagem;COLCHÃO DRENANTE;Regularização da superfície;D2
Terraplanagem;COLCHÃO DRENANTE;Lançamento e espalhamento da areia;D2
Terraplanagem;COLCHÃO DRENANTE;Nivelamento da camada;D2
Terraplanagem;COLCHÃO DRENANTE;Compactação leve;D2
Terraplanagem;COLCHÃO DRENANTE;Regularização da superfície;PARALELO DE IBIRAÇU
Terraplanagem;COLCHÃO DRENANTE;Lançamento e espalhamento da areia;PARALELO DE IBIRAÇU
Terraplanagem;COLCHÃO DRENANTE;Nivelamento da camada;PARALELO DE IBIRAÇU
Terraplanagem;COLCHÃO DRENANTE;Compactação leve;PARALELO DE IBIRAÇU
Terraplanagem;COLCHÃO DRENANTE;Regularização da superfície;PÁTIO DE VIGAS
Terraplanagem;COLCHÃO DRENANTE;Lançamento e espalhamento da areia;PÁTIO DE VIGAS
Terraplanagem;COLCHÃO DRENANTE;Nivelamento da camada;PÁTIO DE VIGAS
Terraplanagem;COLCHÃO DRENANTE;Compactação leve;PÁTIO DE VIGAS
Terraplanagem;COMPACTAÇÃO DE ATERRO;Espalhamento do material em camadas;C1
Terraplanagem;COMPACTAÇÃO DE ATERRO;Homogeneização e umectação;C1
Terraplanagem;COMPACTAÇÃO DE ATERRO;Compactação (rolo);C1
Terraplanagem;COMPACTAÇÃO DE ATERRO;Controle de grau de compactação;C1
Terraplanagem;COMPACTAÇÃO DE ATERRO;lançamento de metarial de 1°;C1
Terraplanagem;COMPACTAÇÃO DE ATERRO;Escarificação de camada de aterro;C1
Terraplanagem;COMPACTAÇÃO DE ATERRO;Espalhamento do material em camadas;C2
Terraplanagem;COMPACTAÇÃO DE ATERRO;Homogeneização e umectação;C2
Terraplanagem;COMPACTAÇÃO DE ATERRO;Compactação (rolo);C2
Terraplanagem;COMPACTAÇÃO DE ATERRO;Controle de grau de compactação;C2
Terraplanagem;COMPACTAÇÃO DE ATERRO;lançamento de metarial de 1°;C2
Terraplanagem;COMPACTAÇÃO DE ATERRO;Escarificação de camada de aterro;C2
Terraplanagem;COMPACTAÇÃO DE ATERRO;Espalhamento do material em camadas;C3
Terraplanagem;COMPACTAÇÃO DE ATERRO;Homogeneização e umectação;C3
Terraplanagem;COMPACTAÇÃO DE ATERRO;Compactação (rolo);C3
Terraplanagem;COMPACTAÇÃO DE ATERRO;Controle de grau de compactação;C3
Terraplanagem;COMPACTAÇÃO DE ATERRO;lançamento de metarial de 1°;C3
Terraplanagem;COMPACTAÇÃO DE ATERRO;Escarificação de camada de aterro;C3
Terraplanagem;COMPACTAÇÃO DE ATERRO;Espalhamento do material em camadas;C4
Terraplanagem;COMPACTAÇÃO DE ATERRO;Homogeneização e umectação;C4
Terraplanagem;COMPACTAÇÃO DE ATERRO;Compactação (rolo);C4
Terraplanagem;COMPACTAÇÃO DE ATERRO;Controle de grau de compactação;C4
Terraplanagem;COMPACTAÇÃO DE ATERRO;lançamento de metarial de 1°;C4
Terraplanagem;COMPACTAÇÃO DE ATERRO;Escarificação de camada de aterro;C4
Terraplanagem;COMPACTAÇÃO DE ATERRO;Espalhamento do material em camadas;CANTEIRO INDUSTRIAL
Terraplanagem;COMPACTAÇÃO DE ATERRO;Homogeneização e umectação;CANTEIRO INDUSTRIAL
Terraplanagem;COMPACTAÇÃO DE ATERRO;Compactação (rolo);CANTEIRO INDUSTRIAL
Terraplanagem;COMPACTAÇÃO DE ATERRO;Controle de grau de compactação;CANTEIRO INDUSTRIAL
Terraplanagem;COMPACTAÇÃO DE ATERRO;lançamento de metarial de 1°;CANTEIRO INDUSTRIAL
Terraplanagem;COMPACTAÇÃO DE ATERRO;Escarificação de camada de aterro;CANTEIRO INDUSTRIAL
Terraplanagem;COMPACTAÇÃO DE ATERRO;Espalhamento do material em camadas;CONTORNO DE FUNDÃO
Terraplanagem;COMPACTAÇÃO DE ATERRO;Homogeneização e umectação;CONTORNO DE FUNDÃO
Terraplanagem;COMPACTAÇÃO DE ATERRO;Compactação (rolo);CONTORNO DE FUNDÃO
Terraplanagem;COMPACTAÇÃO DE ATERRO;Controle de grau de compactação;CONTORNO DE FUNDÃO
Terraplanagem;COMPACTAÇÃO DE ATERRO;lançamento de metarial de 1°;CONTORNO DE FUNDÃO
Terraplanagem;COMPACTAÇÃO DE ATERRO;Escarificação de camada de aterro;CONTORNO DE FUNDÃO
Terraplanagem;COMPACTAÇÃO DE ATERRO;Espalhamento do material em camadas;CONTORNO DE IBIRAÇU
Terraplanagem;COMPACTAÇÃO DE ATERRO;Homogeneização e umectação;CONTORNO DE IBIRAÇU
Terraplanagem;COMPACTAÇÃO DE ATERRO;Compactação (rolo);CONTORNO DE IBIRAÇU
Terraplanagem;COMPACTAÇÃO DE ATERRO;Controle de grau de compactação;CONTORNO DE IBIRAÇU
Terraplanagem;COMPACTAÇÃO DE ATERRO;lançamento de metarial de 1°;CONTORNO DE IBIRAÇU
Terraplanagem;COMPACTAÇÃO DE ATERRO;Escarificação de camada de aterro;CONTORNO DE IBIRAÇU
Terraplanagem;COMPACTAÇÃO DE ATERRO;Espalhamento do material em camadas;D2
Terraplanagem;COMPACTAÇÃO DE ATERRO;Homogeneização e umectação;D2
Terraplanagem;COMPACTAÇÃO DE ATERRO;Compactação (rolo);D2
Terraplanagem;COMPACTAÇÃO DE ATERRO;Controle de grau de compactação;D2
Terraplanagem;COMPACTAÇÃO DE ATERRO;lançamento de metarial de 1°;D2
Terraplanagem;COMPACTAÇÃO DE ATERRO;Escarificação de camada de aterro;D2
Terraplanagem;COMPACTAÇÃO DE ATERRO;Espalhamento do material em camadas;PARALELO DE IBIRAÇU
Terraplanagem;COMPACTAÇÃO DE ATERRO;Homogeneização e umectação;PARALELO DE IBIRAÇU
Terraplanagem;COMPACTAÇÃO DE ATERRO;Compactação (rolo);PARALELO DE IBIRAÇU
Terraplanagem;COMPACTAÇÃO DE ATERRO;Controle de grau de compactação;PARALELO DE IBIRAÇU
Terraplanagem;COMPACTAÇÃO DE ATERRO;lançamento de metarial de 1°;PARALELO DE IBIRAÇU
Terraplanagem;COMPACTAÇÃO DE ATERRO;Escarificação de camada de aterro;PARALELO DE IBIRAÇU
Terraplanagem;COMPACTAÇÃO DE ATERRO;Espalhamento do material em camadas;PÁTIO DE VIGAS
Terraplanagem;COMPACTAÇÃO DE ATERRO;Homogeneização e umectação;PÁTIO DE VIGAS
Terraplanagem;COMPACTAÇÃO DE ATERRO;Compactação (rolo);PÁTIO DE VIGAS
Terraplanagem;COMPACTAÇÃO DE ATERRO;Controle de grau de compactação;PÁTIO DE VIGAS
Terraplanagem;COMPACTAÇÃO DE ATERRO;lançamento de metarial de 1°;PÁTIO DE VIGAS
Terraplanagem;COMPACTAÇÃO DE ATERRO;Escarificação de camada de aterro;PÁTIO DE VIGAS
Terraplanagem;CORTE E REMOÇÃO DE ÁRVORES;Corte da árvore (motosserra);C1
Terraplanagem;CORTE E REMOÇÃO DE ÁRVORES;Seccionamento de galhos e tronco;C1
Terraplanagem;CORTE E REMOÇÃO DE ÁRVORES;Carga e remoção;C1
Terraplanagem;CORTE E REMOÇÃO DE ÁRVORES;Transporte;C1
Terraplanagem;CORTE E REMOÇÃO DE ÁRVORES;Corte da árvore (motosserra);C2
Terraplanagem;CORTE E REMOÇÃO DE ÁRVORES;Seccionamento de galhos e tronco;C2
Terraplanagem;CORTE E REMOÇÃO DE ÁRVORES;Carga e remoção;C2
Terraplanagem;CORTE E REMOÇÃO DE ÁRVORES;Transporte;C2
Terraplanagem;CORTE E REMOÇÃO DE ÁRVORES;Corte da árvore (motosserra);C3
Terraplanagem;CORTE E REMOÇÃO DE ÁRVORES;Seccionamento de galhos e tronco;C3
Terraplanagem;CORTE E REMOÇÃO DE ÁRVORES;Carga e remoção;C3
Terraplanagem;CORTE E REMOÇÃO DE ÁRVORES;Transporte;C3
Terraplanagem;CORTE E REMOÇÃO DE ÁRVORES;Corte da árvore (motosserra);C4
Terraplanagem;CORTE E REMOÇÃO DE ÁRVORES;Seccionamento de galhos e tronco;C4
Terraplanagem;CORTE E REMOÇÃO DE ÁRVORES;Carga e remoção;C4
Terraplanagem;CORTE E REMOÇÃO DE ÁRVORES;Transporte;C4
Terraplanagem;CORTE E REMOÇÃO DE ÁRVORES;Corte da árvore (motosserra);CANTEIRO INDUSTRIAL
Terraplanagem;CORTE E REMOÇÃO DE ÁRVORES;Seccionamento de galhos e tronco;CANTEIRO INDUSTRIAL
Terraplanagem;CORTE E REMOÇÃO DE ÁRVORES;Carga e remoção;CANTEIRO INDUSTRIAL
Terraplanagem;CORTE E REMOÇÃO DE ÁRVORES;Transporte;CANTEIRO INDUSTRIAL
Terraplanagem;CORTE E REMOÇÃO DE ÁRVORES;Corte da árvore (motosserra);CONTORNO DE FUNDÃO
Terraplanagem;CORTE E REMOÇÃO DE ÁRVORES;Seccionamento de galhos e tronco;CONTORNO DE FUNDÃO
Terraplanagem;CORTE E REMOÇÃO DE ÁRVORES;Carga e remoção;CONTORNO DE FUNDÃO
Terraplanagem;CORTE E REMOÇÃO DE ÁRVORES;Transporte;CONTORNO DE FUNDÃO
Terraplanagem;CORTE E REMOÇÃO DE ÁRVORES;Corte da árvore (motosserra);CONTORNO DE IBIRAÇU
Terraplanagem;CORTE E REMOÇÃO DE ÁRVORES;Seccionamento de galhos e tronco;CONTORNO DE IBIRAÇU
Terraplanagem;CORTE E REMOÇÃO DE ÁRVORES;Carga e remoção;CONTORNO DE IBIRAÇU
Terraplanagem;CORTE E REMOÇÃO DE ÁRVORES;Transporte;CONTORNO DE IBIRAÇU
Terraplanagem;CORTE E REMOÇÃO DE ÁRVORES;Corte da árvore (motosserra);D2
Terraplanagem;CORTE E REMOÇÃO DE ÁRVORES;Seccionamento de galhos e tronco;D2
Terraplanagem;CORTE E REMOÇÃO DE ÁRVORES;Carga e remoção;D2
Terraplanagem;CORTE E REMOÇÃO DE ÁRVORES;Transporte;D2
Terraplanagem;CORTE E REMOÇÃO DE ÁRVORES;Corte da árvore (motosserra);PARALELO DE IBIRAÇU
Terraplanagem;CORTE E REMOÇÃO DE ÁRVORES;Seccionamento de galhos e tronco;PARALELO DE IBIRAÇU
Terraplanagem;CORTE E REMOÇÃO DE ÁRVORES;Carga e remoção;PARALELO DE IBIRAÇU
Terraplanagem;CORTE E REMOÇÃO DE ÁRVORES;Transporte;PARALELO DE IBIRAÇU
Terraplanagem;CORTE E REMOÇÃO DE ÁRVORES;Corte da árvore (motosserra);PÁTIO DE VIGAS
Terraplanagem;CORTE E REMOÇÃO DE ÁRVORES;Seccionamento de galhos e tronco;PÁTIO DE VIGAS
Terraplanagem;CORTE E REMOÇÃO DE ÁRVORES;Carga e remoção;PÁTIO DE VIGAS
Terraplanagem;CORTE E REMOÇÃO DE ÁRVORES;Transporte;PÁTIO DE VIGAS
Terraplanagem;DEMOLIÇÃO DE ALVENARIA;Isolamento da área;C1
Terraplanagem;DEMOLIÇÃO DE ALVENARIA;Demolição mecânica da alvenaria;C1
Terraplanagem;DEMOLIÇÃO DE ALVENARIA;Carga do entulho;C1
Terraplanagem;DEMOLIÇÃO DE ALVENARIA;Transporte a bota-fora;C1
Terraplanagem;DEMOLIÇÃO DE ALVENARIA;Isolamento da área;C2
Terraplanagem;DEMOLIÇÃO DE ALVENARIA;Demolição mecânica da alvenaria;C2
Terraplanagem;DEMOLIÇÃO DE ALVENARIA;Carga do entulho;C2
Terraplanagem;DEMOLIÇÃO DE ALVENARIA;Transporte a bota-fora;C2
Terraplanagem;DEMOLIÇÃO DE ALVENARIA;Isolamento da área;C3
Terraplanagem;DEMOLIÇÃO DE ALVENARIA;Demolição mecânica da alvenaria;C3
Terraplanagem;DEMOLIÇÃO DE ALVENARIA;Carga do entulho;C3
Terraplanagem;DEMOLIÇÃO DE ALVENARIA;Transporte a bota-fora;C3
Terraplanagem;DEMOLIÇÃO DE ALVENARIA;Isolamento da área;C4
Terraplanagem;DEMOLIÇÃO DE ALVENARIA;Demolição mecânica da alvenaria;C4
Terraplanagem;DEMOLIÇÃO DE ALVENARIA;Carga do entulho;C4
Terraplanagem;DEMOLIÇÃO DE ALVENARIA;Transporte a bota-fora;C4
Terraplanagem;DEMOLIÇÃO DE ALVENARIA;Isolamento da área;CANTEIRO INDUSTRIAL
Terraplanagem;DEMOLIÇÃO DE ALVENARIA;Demolição mecânica da alvenaria;CANTEIRO INDUSTRIAL
Terraplanagem;DEMOLIÇÃO DE ALVENARIA;Carga do entulho;CANTEIRO INDUSTRIAL
Terraplanagem;DEMOLIÇÃO DE ALVENARIA;Transporte a bota-fora;CANTEIRO INDUSTRIAL
Terraplanagem;DEMOLIÇÃO DE ALVENARIA;Isolamento da área;CONTORNO DE FUNDÃO
Terraplanagem;DEMOLIÇÃO DE ALVENARIA;Demolição mecânica da alvenaria;CONTORNO DE FUNDÃO
Terraplanagem;DEMOLIÇÃO DE ALVENARIA;Carga do entulho;CONTORNO DE FUNDÃO
Terraplanagem;DEMOLIÇÃO DE ALVENARIA;Transporte a bota-fora;CONTORNO DE FUNDÃO
Terraplanagem;DEMOLIÇÃO DE ALVENARIA;Isolamento da área;CONTORNO DE IBIRAÇU
Terraplanagem;DEMOLIÇÃO DE ALVENARIA;Demolição mecânica da alvenaria;CONTORNO DE IBIRAÇU
Terraplanagem;DEMOLIÇÃO DE ALVENARIA;Carga do entulho;CONTORNO DE IBIRAÇU
Terraplanagem;DEMOLIÇÃO DE ALVENARIA;Transporte a bota-fora;CONTORNO DE IBIRAÇU
Terraplanagem;DEMOLIÇÃO DE ALVENARIA;Isolamento da área;D2
Terraplanagem;DEMOLIÇÃO DE ALVENARIA;Demolição mecânica da alvenaria;D2
Terraplanagem;DEMOLIÇÃO DE ALVENARIA;Carga do entulho;D2
Terraplanagem;DEMOLIÇÃO DE ALVENARIA;Transporte a bota-fora;D2
Terraplanagem;DEMOLIÇÃO DE ALVENARIA;Isolamento da área;PARALELO DE IBIRAÇU
Terraplanagem;DEMOLIÇÃO DE ALVENARIA;Demolição mecânica da alvenaria;PARALELO DE IBIRAÇU
Terraplanagem;DEMOLIÇÃO DE ALVENARIA;Carga do entulho;PARALELO DE IBIRAÇU
Terraplanagem;DEMOLIÇÃO DE ALVENARIA;Transporte a bota-fora;PARALELO DE IBIRAÇU
Terraplanagem;DEMOLIÇÃO DE ALVENARIA;Isolamento da área;PÁTIO DE VIGAS
Terraplanagem;DEMOLIÇÃO DE ALVENARIA;Demolição mecânica da alvenaria;PÁTIO DE VIGAS
Terraplanagem;DEMOLIÇÃO DE ALVENARIA;Carga do entulho;PÁTIO DE VIGAS
Terraplanagem;DEMOLIÇÃO DE ALVENARIA;Transporte a bota-fora;PÁTIO DE VIGAS
Terraplanagem;DEMOLIÇÃO DE CONCRETO ARMADO, COM REMOÇÃO DE ARMADURAS;Isolamento e sinalização da área;C1
Terraplanagem;DEMOLIÇÃO DE CONCRETO ARMADO, COM REMOÇÃO DE ARMADURAS;Demolição mecânica do concreto armado;C1
Terraplanagem;DEMOLIÇÃO DE CONCRETO ARMADO, COM REMOÇÃO DE ARMADURAS;Corte e separação da armadura;C1
Terraplanagem;DEMOLIÇÃO DE CONCRETO ARMADO, COM REMOÇÃO DE ARMADURAS;Carga do entulho;C1
Terraplanagem;DEMOLIÇÃO DE CONCRETO ARMADO, COM REMOÇÃO DE ARMADURAS;Transporte a bota-fora;C1
Terraplanagem;DEMOLIÇÃO DE CONCRETO ARMADO, COM REMOÇÃO DE ARMADURAS;Isolamento e sinalização da área;C2
Terraplanagem;DEMOLIÇÃO DE CONCRETO ARMADO, COM REMOÇÃO DE ARMADURAS;Demolição mecânica do concreto armado;C2
Terraplanagem;DEMOLIÇÃO DE CONCRETO ARMADO, COM REMOÇÃO DE ARMADURAS;Corte e separação da armadura;C2
Terraplanagem;DEMOLIÇÃO DE CONCRETO ARMADO, COM REMOÇÃO DE ARMADURAS;Carga do entulho;C2
Terraplanagem;DEMOLIÇÃO DE CONCRETO ARMADO, COM REMOÇÃO DE ARMADURAS;Transporte a bota-fora;C2
Terraplanagem;DEMOLIÇÃO DE CONCRETO ARMADO, COM REMOÇÃO DE ARMADURAS;Isolamento e sinalização da área;C3
Terraplanagem;DEMOLIÇÃO DE CONCRETO ARMADO, COM REMOÇÃO DE ARMADURAS;Demolição mecânica do concreto armado;C3
Terraplanagem;DEMOLIÇÃO DE CONCRETO ARMADO, COM REMOÇÃO DE ARMADURAS;Corte e separação da armadura;C3
Terraplanagem;DEMOLIÇÃO DE CONCRETO ARMADO, COM REMOÇÃO DE ARMADURAS;Carga do entulho;C3
Terraplanagem;DEMOLIÇÃO DE CONCRETO ARMADO, COM REMOÇÃO DE ARMADURAS;Transporte a bota-fora;C3
Terraplanagem;DEMOLIÇÃO DE CONCRETO ARMADO, COM REMOÇÃO DE ARMADURAS;Isolamento e sinalização da área;C4
Terraplanagem;DEMOLIÇÃO DE CONCRETO ARMADO, COM REMOÇÃO DE ARMADURAS;Demolição mecânica do concreto armado;C4
Terraplanagem;DEMOLIÇÃO DE CONCRETO ARMADO, COM REMOÇÃO DE ARMADURAS;Corte e separação da armadura;C4
Terraplanagem;DEMOLIÇÃO DE CONCRETO ARMADO, COM REMOÇÃO DE ARMADURAS;Carga do entulho;C4
Terraplanagem;DEMOLIÇÃO DE CONCRETO ARMADO, COM REMOÇÃO DE ARMADURAS;Transporte a bota-fora;C4
Terraplanagem;DEMOLIÇÃO DE CONCRETO ARMADO, COM REMOÇÃO DE ARMADURAS;Isolamento e sinalização da área;CANTEIRO INDUSTRIAL
Terraplanagem;DEMOLIÇÃO DE CONCRETO ARMADO, COM REMOÇÃO DE ARMADURAS;Demolição mecânica do concreto armado;CANTEIRO INDUSTRIAL
Terraplanagem;DEMOLIÇÃO DE CONCRETO ARMADO, COM REMOÇÃO DE ARMADURAS;Corte e separação da armadura;CANTEIRO INDUSTRIAL
Terraplanagem;DEMOLIÇÃO DE CONCRETO ARMADO, COM REMOÇÃO DE ARMADURAS;Carga do entulho;CANTEIRO INDUSTRIAL
Terraplanagem;DEMOLIÇÃO DE CONCRETO ARMADO, COM REMOÇÃO DE ARMADURAS;Transporte a bota-fora;CANTEIRO INDUSTRIAL
Terraplanagem;DEMOLIÇÃO DE CONCRETO ARMADO, COM REMOÇÃO DE ARMADURAS;Isolamento e sinalização da área;CONTORNO DE FUNDÃO
Terraplanagem;DEMOLIÇÃO DE CONCRETO ARMADO, COM REMOÇÃO DE ARMADURAS;Demolição mecânica do concreto armado;CONTORNO DE FUNDÃO
Terraplanagem;DEMOLIÇÃO DE CONCRETO ARMADO, COM REMOÇÃO DE ARMADURAS;Corte e separação da armadura;CONTORNO DE FUNDÃO
Terraplanagem;DEMOLIÇÃO DE CONCRETO ARMADO, COM REMOÇÃO DE ARMADURAS;Carga do entulho;CONTORNO DE FUNDÃO
Terraplanagem;DEMOLIÇÃO DE CONCRETO ARMADO, COM REMOÇÃO DE ARMADURAS;Transporte a bota-fora;CONTORNO DE FUNDÃO
Terraplanagem;DEMOLIÇÃO DE CONCRETO ARMADO, COM REMOÇÃO DE ARMADURAS;Isolamento e sinalização da área;CONTORNO DE IBIRAÇU
Terraplanagem;DEMOLIÇÃO DE CONCRETO ARMADO, COM REMOÇÃO DE ARMADURAS;Demolição mecânica do concreto armado;CONTORNO DE IBIRAÇU
Terraplanagem;DEMOLIÇÃO DE CONCRETO ARMADO, COM REMOÇÃO DE ARMADURAS;Corte e separação da armadura;CONTORNO DE IBIRAÇU
Terraplanagem;DEMOLIÇÃO DE CONCRETO ARMADO, COM REMOÇÃO DE ARMADURAS;Carga do entulho;CONTORNO DE IBIRAÇU
Terraplanagem;DEMOLIÇÃO DE CONCRETO ARMADO, COM REMOÇÃO DE ARMADURAS;Transporte a bota-fora;CONTORNO DE IBIRAÇU
Terraplanagem;DEMOLIÇÃO DE CONCRETO ARMADO, COM REMOÇÃO DE ARMADURAS;Isolamento e sinalização da área;D2
Terraplanagem;DEMOLIÇÃO DE CONCRETO ARMADO, COM REMOÇÃO DE ARMADURAS;Demolição mecânica do concreto armado;D2
Terraplanagem;DEMOLIÇÃO DE CONCRETO ARMADO, COM REMOÇÃO DE ARMADURAS;Corte e separação da armadura;D2
Terraplanagem;DEMOLIÇÃO DE CONCRETO ARMADO, COM REMOÇÃO DE ARMADURAS;Carga do entulho;D2
Terraplanagem;DEMOLIÇÃO DE CONCRETO ARMADO, COM REMOÇÃO DE ARMADURAS;Transporte a bota-fora;D2
Terraplanagem;DEMOLIÇÃO DE CONCRETO ARMADO, COM REMOÇÃO DE ARMADURAS;Isolamento e sinalização da área;PARALELO DE IBIRAÇU
Terraplanagem;DEMOLIÇÃO DE CONCRETO ARMADO, COM REMOÇÃO DE ARMADURAS;Demolição mecânica do concreto armado;PARALELO DE IBIRAÇU
Terraplanagem;DEMOLIÇÃO DE CONCRETO ARMADO, COM REMOÇÃO DE ARMADURAS;Corte e separação da armadura;PARALELO DE IBIRAÇU
Terraplanagem;DEMOLIÇÃO DE CONCRETO ARMADO, COM REMOÇÃO DE ARMADURAS;Carga do entulho;PARALELO DE IBIRAÇU
Terraplanagem;DEMOLIÇÃO DE CONCRETO ARMADO, COM REMOÇÃO DE ARMADURAS;Transporte a bota-fora;PARALELO DE IBIRAÇU
Terraplanagem;DEMOLIÇÃO DE CONCRETO ARMADO, COM REMOÇÃO DE ARMADURAS;Isolamento e sinalização da área;PÁTIO DE VIGAS
Terraplanagem;DEMOLIÇÃO DE CONCRETO ARMADO, COM REMOÇÃO DE ARMADURAS;Demolição mecânica do concreto armado;PÁTIO DE VIGAS
Terraplanagem;DEMOLIÇÃO DE CONCRETO ARMADO, COM REMOÇÃO DE ARMADURAS;Corte e separação da armadura;PÁTIO DE VIGAS
Terraplanagem;DEMOLIÇÃO DE CONCRETO ARMADO, COM REMOÇÃO DE ARMADURAS;Carga do entulho;PÁTIO DE VIGAS
Terraplanagem;DEMOLIÇÃO DE CONCRETO ARMADO, COM REMOÇÃO DE ARMADURAS;Transporte a bota-fora;PÁTIO DE VIGAS
Terraplanagem;DEMOLIÇÃO DE CONCRETO SIMPLES (NÃO ARMADO), INCLUINDO MEIO-FIO, SARJETA E CORRELATOS;Isolamento da área;C1
Terraplanagem;DEMOLIÇÃO DE CONCRETO SIMPLES (NÃO ARMADO), INCLUINDO MEIO-FIO, SARJETA E CORRELATOS;Demolição mecânica do concreto simples;C1
Terraplanagem;DEMOLIÇÃO DE CONCRETO SIMPLES (NÃO ARMADO), INCLUINDO MEIO-FIO, SARJETA E CORRELATOS;Carga do entulho;C1
Terraplanagem;DEMOLIÇÃO DE CONCRETO SIMPLES (NÃO ARMADO), INCLUINDO MEIO-FIO, SARJETA E CORRELATOS;Transporte a bota-fora;C1
Terraplanagem;DEMOLIÇÃO DE CONCRETO SIMPLES (NÃO ARMADO), INCLUINDO MEIO-FIO, SARJETA E CORRELATOS;Isolamento da área;C2
Terraplanagem;DEMOLIÇÃO DE CONCRETO SIMPLES (NÃO ARMADO), INCLUINDO MEIO-FIO, SARJETA E CORRELATOS;Demolição mecânica do concreto simples;C2
Terraplanagem;DEMOLIÇÃO DE CONCRETO SIMPLES (NÃO ARMADO), INCLUINDO MEIO-FIO, SARJETA E CORRELATOS;Carga do entulho;C2
Terraplanagem;DEMOLIÇÃO DE CONCRETO SIMPLES (NÃO ARMADO), INCLUINDO MEIO-FIO, SARJETA E CORRELATOS;Transporte a bota-fora;C2
Terraplanagem;DEMOLIÇÃO DE CONCRETO SIMPLES (NÃO ARMADO), INCLUINDO MEIO-FIO, SARJETA E CORRELATOS;Isolamento da área;C3
Terraplanagem;DEMOLIÇÃO DE CONCRETO SIMPLES (NÃO ARMADO), INCLUINDO MEIO-FIO, SARJETA E CORRELATOS;Demolição mecânica do concreto simples;C3
Terraplanagem;DEMOLIÇÃO DE CONCRETO SIMPLES (NÃO ARMADO), INCLUINDO MEIO-FIO, SARJETA E CORRELATOS;Carga do entulho;C3
Terraplanagem;DEMOLIÇÃO DE CONCRETO SIMPLES (NÃO ARMADO), INCLUINDO MEIO-FIO, SARJETA E CORRELATOS;Transporte a bota-fora;C3
Terraplanagem;DEMOLIÇÃO DE CONCRETO SIMPLES (NÃO ARMADO), INCLUINDO MEIO-FIO, SARJETA E CORRELATOS;Isolamento da área;C4
Terraplanagem;DEMOLIÇÃO DE CONCRETO SIMPLES (NÃO ARMADO), INCLUINDO MEIO-FIO, SARJETA E CORRELATOS;Demolição mecânica do concreto simples;C4
Terraplanagem;DEMOLIÇÃO DE CONCRETO SIMPLES (NÃO ARMADO), INCLUINDO MEIO-FIO, SARJETA E CORRELATOS;Carga do entulho;C4
Terraplanagem;DEMOLIÇÃO DE CONCRETO SIMPLES (NÃO ARMADO), INCLUINDO MEIO-FIO, SARJETA E CORRELATOS;Transporte a bota-fora;C4
Terraplanagem;DEMOLIÇÃO DE CONCRETO SIMPLES (NÃO ARMADO), INCLUINDO MEIO-FIO, SARJETA E CORRELATOS;Isolamento da área;CANTEIRO INDUSTRIAL
Terraplanagem;DEMOLIÇÃO DE CONCRETO SIMPLES (NÃO ARMADO), INCLUINDO MEIO-FIO, SARJETA E CORRELATOS;Demolição mecânica do concreto simples;CANTEIRO INDUSTRIAL
Terraplanagem;DEMOLIÇÃO DE CONCRETO SIMPLES (NÃO ARMADO), INCLUINDO MEIO-FIO, SARJETA E CORRELATOS;Carga do entulho;CANTEIRO INDUSTRIAL
Terraplanagem;DEMOLIÇÃO DE CONCRETO SIMPLES (NÃO ARMADO), INCLUINDO MEIO-FIO, SARJETA E CORRELATOS;Transporte a bota-fora;CANTEIRO INDUSTRIAL
Terraplanagem;DEMOLIÇÃO DE CONCRETO SIMPLES (NÃO ARMADO), INCLUINDO MEIO-FIO, SARJETA E CORRELATOS;Isolamento da área;CONTORNO DE FUNDÃO
Terraplanagem;DEMOLIÇÃO DE CONCRETO SIMPLES (NÃO ARMADO), INCLUINDO MEIO-FIO, SARJETA E CORRELATOS;Demolição mecânica do concreto simples;CONTORNO DE FUNDÃO
Terraplanagem;DEMOLIÇÃO DE CONCRETO SIMPLES (NÃO ARMADO), INCLUINDO MEIO-FIO, SARJETA E CORRELATOS;Carga do entulho;CONTORNO DE FUNDÃO
Terraplanagem;DEMOLIÇÃO DE CONCRETO SIMPLES (NÃO ARMADO), INCLUINDO MEIO-FIO, SARJETA E CORRELATOS;Transporte a bota-fora;CONTORNO DE FUNDÃO
Terraplanagem;DEMOLIÇÃO DE CONCRETO SIMPLES (NÃO ARMADO), INCLUINDO MEIO-FIO, SARJETA E CORRELATOS;Isolamento da área;CONTORNO DE IBIRAÇU
Terraplanagem;DEMOLIÇÃO DE CONCRETO SIMPLES (NÃO ARMADO), INCLUINDO MEIO-FIO, SARJETA E CORRELATOS;Demolição mecânica do concreto simples;CONTORNO DE IBIRAÇU
Terraplanagem;DEMOLIÇÃO DE CONCRETO SIMPLES (NÃO ARMADO), INCLUINDO MEIO-FIO, SARJETA E CORRELATOS;Carga do entulho;CONTORNO DE IBIRAÇU
Terraplanagem;DEMOLIÇÃO DE CONCRETO SIMPLES (NÃO ARMADO), INCLUINDO MEIO-FIO, SARJETA E CORRELATOS;Transporte a bota-fora;CONTORNO DE IBIRAÇU
Terraplanagem;DEMOLIÇÃO DE CONCRETO SIMPLES (NÃO ARMADO), INCLUINDO MEIO-FIO, SARJETA E CORRELATOS;Isolamento da área;D2
Terraplanagem;DEMOLIÇÃO DE CONCRETO SIMPLES (NÃO ARMADO), INCLUINDO MEIO-FIO, SARJETA E CORRELATOS;Demolição mecânica do concreto simples;D2
Terraplanagem;DEMOLIÇÃO DE CONCRETO SIMPLES (NÃO ARMADO), INCLUINDO MEIO-FIO, SARJETA E CORRELATOS;Carga do entulho;D2
Terraplanagem;DEMOLIÇÃO DE CONCRETO SIMPLES (NÃO ARMADO), INCLUINDO MEIO-FIO, SARJETA E CORRELATOS;Transporte a bota-fora;D2
Terraplanagem;DEMOLIÇÃO DE CONCRETO SIMPLES (NÃO ARMADO), INCLUINDO MEIO-FIO, SARJETA E CORRELATOS;Isolamento da área;PARALELO DE IBIRAÇU
Terraplanagem;DEMOLIÇÃO DE CONCRETO SIMPLES (NÃO ARMADO), INCLUINDO MEIO-FIO, SARJETA E CORRELATOS;Demolição mecânica do concreto simples;PARALELO DE IBIRAÇU
Terraplanagem;DEMOLIÇÃO DE CONCRETO SIMPLES (NÃO ARMADO), INCLUINDO MEIO-FIO, SARJETA E CORRELATOS;Carga do entulho;PARALELO DE IBIRAÇU
Terraplanagem;DEMOLIÇÃO DE CONCRETO SIMPLES (NÃO ARMADO), INCLUINDO MEIO-FIO, SARJETA E CORRELATOS;Transporte a bota-fora;PARALELO DE IBIRAÇU
Terraplanagem;DEMOLIÇÃO DE CONCRETO SIMPLES (NÃO ARMADO), INCLUINDO MEIO-FIO, SARJETA E CORRELATOS;Isolamento da área;PÁTIO DE VIGAS
Terraplanagem;DEMOLIÇÃO DE CONCRETO SIMPLES (NÃO ARMADO), INCLUINDO MEIO-FIO, SARJETA E CORRELATOS;Demolição mecânica do concreto simples;PÁTIO DE VIGAS
Terraplanagem;DEMOLIÇÃO DE CONCRETO SIMPLES (NÃO ARMADO), INCLUINDO MEIO-FIO, SARJETA E CORRELATOS;Carga do entulho;PÁTIO DE VIGAS
Terraplanagem;DEMOLIÇÃO DE CONCRETO SIMPLES (NÃO ARMADO), INCLUINDO MEIO-FIO, SARJETA E CORRELATOS;Transporte a bota-fora;PÁTIO DE VIGAS
Terraplanagem;DESTOCAMENTO DE ÁRVORES ATÉ 30Ø;Escavação ao redor do toco;C1
Terraplanagem;DESTOCAMENTO DE ÁRVORES ATÉ 30Ø;Arrancamento do toco e raízes;C1
Terraplanagem;DESTOCAMENTO DE ÁRVORES ATÉ 30Ø;Carga e transporte;C1
Terraplanagem;DESTOCAMENTO DE ÁRVORES ATÉ 30Ø;Preenchimento / regularização da cova;C1
Terraplanagem;DESTOCAMENTO DE ÁRVORES ATÉ 30Ø;Escavação ao redor do toco;C2
Terraplanagem;DESTOCAMENTO DE ÁRVORES ATÉ 30Ø;Arrancamento do toco e raízes;C2
Terraplanagem;DESTOCAMENTO DE ÁRVORES ATÉ 30Ø;Carga e transporte;C2
Terraplanagem;DESTOCAMENTO DE ÁRVORES ATÉ 30Ø;Preenchimento / regularização da cova;C2
Terraplanagem;DESTOCAMENTO DE ÁRVORES ATÉ 30Ø;Escavação ao redor do toco;C3
Terraplanagem;DESTOCAMENTO DE ÁRVORES ATÉ 30Ø;Arrancamento do toco e raízes;C3
Terraplanagem;DESTOCAMENTO DE ÁRVORES ATÉ 30Ø;Carga e transporte;C3
Terraplanagem;DESTOCAMENTO DE ÁRVORES ATÉ 30Ø;Preenchimento / regularização da cova;C3
Terraplanagem;DESTOCAMENTO DE ÁRVORES ATÉ 30Ø;Escavação ao redor do toco;C4
Terraplanagem;DESTOCAMENTO DE ÁRVORES ATÉ 30Ø;Arrancamento do toco e raízes;C4
Terraplanagem;DESTOCAMENTO DE ÁRVORES ATÉ 30Ø;Carga e transporte;C4
Terraplanagem;DESTOCAMENTO DE ÁRVORES ATÉ 30Ø;Preenchimento / regularização da cova;C4
Terraplanagem;DESTOCAMENTO DE ÁRVORES ATÉ 30Ø;Escavação ao redor do toco;CANTEIRO INDUSTRIAL
Terraplanagem;DESTOCAMENTO DE ÁRVORES ATÉ 30Ø;Arrancamento do toco e raízes;CANTEIRO INDUSTRIAL
Terraplanagem;DESTOCAMENTO DE ÁRVORES ATÉ 30Ø;Carga e transporte;CANTEIRO INDUSTRIAL
Terraplanagem;DESTOCAMENTO DE ÁRVORES ATÉ 30Ø;Preenchimento / regularização da cova;CANTEIRO INDUSTRIAL
Terraplanagem;DESTOCAMENTO DE ÁRVORES ATÉ 30Ø;Escavação ao redor do toco;CONTORNO DE FUNDÃO
Terraplanagem;DESTOCAMENTO DE ÁRVORES ATÉ 30Ø;Arrancamento do toco e raízes;CONTORNO DE FUNDÃO
Terraplanagem;DESTOCAMENTO DE ÁRVORES ATÉ 30Ø;Carga e transporte;CONTORNO DE FUNDÃO
Terraplanagem;DESTOCAMENTO DE ÁRVORES ATÉ 30Ø;Preenchimento / regularização da cova;CONTORNO DE FUNDÃO
Terraplanagem;DESTOCAMENTO DE ÁRVORES ATÉ 30Ø;Escavação ao redor do toco;CONTORNO DE IBIRAÇU
Terraplanagem;DESTOCAMENTO DE ÁRVORES ATÉ 30Ø;Arrancamento do toco e raízes;CONTORNO DE IBIRAÇU
Terraplanagem;DESTOCAMENTO DE ÁRVORES ATÉ 30Ø;Carga e transporte;CONTORNO DE IBIRAÇU
Terraplanagem;DESTOCAMENTO DE ÁRVORES ATÉ 30Ø;Preenchimento / regularização da cova;CONTORNO DE IBIRAÇU
Terraplanagem;DESTOCAMENTO DE ÁRVORES ATÉ 30Ø;Escavação ao redor do toco;D2
Terraplanagem;DESTOCAMENTO DE ÁRVORES ATÉ 30Ø;Arrancamento do toco e raízes;D2
Terraplanagem;DESTOCAMENTO DE ÁRVORES ATÉ 30Ø;Carga e transporte;D2
Terraplanagem;DESTOCAMENTO DE ÁRVORES ATÉ 30Ø;Preenchimento / regularização da cova;D2
Terraplanagem;DESTOCAMENTO DE ÁRVORES ATÉ 30Ø;Escavação ao redor do toco;PARALELO DE IBIRAÇU
Terraplanagem;DESTOCAMENTO DE ÁRVORES ATÉ 30Ø;Arrancamento do toco e raízes;PARALELO DE IBIRAÇU
Terraplanagem;DESTOCAMENTO DE ÁRVORES ATÉ 30Ø;Carga e transporte;PARALELO DE IBIRAÇU
Terraplanagem;DESTOCAMENTO DE ÁRVORES ATÉ 30Ø;Preenchimento / regularização da cova;PARALELO DE IBIRAÇU
Terraplanagem;DESTOCAMENTO DE ÁRVORES ATÉ 30Ø;Escavação ao redor do toco;PÁTIO DE VIGAS
Terraplanagem;DESTOCAMENTO DE ÁRVORES ATÉ 30Ø;Arrancamento do toco e raízes;PÁTIO DE VIGAS
Terraplanagem;DESTOCAMENTO DE ÁRVORES ATÉ 30Ø;Carga e transporte;PÁTIO DE VIGAS
Terraplanagem;DESTOCAMENTO DE ÁRVORES ATÉ 30Ø;Preenchimento / regularização da cova;PÁTIO DE VIGAS
Terraplanagem;DESTOCAMENTO DE ÁRVORES MAIOR QUE Ø30;Escavação ao redor do toco;C1
Terraplanagem;DESTOCAMENTO DE ÁRVORES MAIOR QUE Ø30;Arrancamento do toco e raízes;C1
Terraplanagem;DESTOCAMENTO DE ÁRVORES MAIOR QUE Ø30;Carga e transporte;C1
Terraplanagem;DESTOCAMENTO DE ÁRVORES MAIOR QUE Ø30;Preenchimento / regularização da cova;C1
Terraplanagem;DESTOCAMENTO DE ÁRVORES MAIOR QUE Ø30;Escavação ao redor do toco;C2
Terraplanagem;DESTOCAMENTO DE ÁRVORES MAIOR QUE Ø30;Arrancamento do toco e raízes;C2
Terraplanagem;DESTOCAMENTO DE ÁRVORES MAIOR QUE Ø30;Carga e transporte;C2
Terraplanagem;DESTOCAMENTO DE ÁRVORES MAIOR QUE Ø30;Preenchimento / regularização da cova;C2
Terraplanagem;DESTOCAMENTO DE ÁRVORES MAIOR QUE Ø30;Escavação ao redor do toco;C3
Terraplanagem;DESTOCAMENTO DE ÁRVORES MAIOR QUE Ø30;Arrancamento do toco e raízes;C3
Terraplanagem;DESTOCAMENTO DE ÁRVORES MAIOR QUE Ø30;Carga e transporte;C3
Terraplanagem;DESTOCAMENTO DE ÁRVORES MAIOR QUE Ø30;Preenchimento / regularização da cova;C3
Terraplanagem;DESTOCAMENTO DE ÁRVORES MAIOR QUE Ø30;Escavação ao redor do toco;C4
Terraplanagem;DESTOCAMENTO DE ÁRVORES MAIOR QUE Ø30;Arrancamento do toco e raízes;C4
Terraplanagem;DESTOCAMENTO DE ÁRVORES MAIOR QUE Ø30;Carga e transporte;C4
Terraplanagem;DESTOCAMENTO DE ÁRVORES MAIOR QUE Ø30;Preenchimento / regularização da cova;C4
Terraplanagem;DESTOCAMENTO DE ÁRVORES MAIOR QUE Ø30;Escavação ao redor do toco;CANTEIRO INDUSTRIAL
Terraplanagem;DESTOCAMENTO DE ÁRVORES MAIOR QUE Ø30;Arrancamento do toco e raízes;CANTEIRO INDUSTRIAL
Terraplanagem;DESTOCAMENTO DE ÁRVORES MAIOR QUE Ø30;Carga e transporte;CANTEIRO INDUSTRIAL
Terraplanagem;DESTOCAMENTO DE ÁRVORES MAIOR QUE Ø30;Preenchimento / regularização da cova;CANTEIRO INDUSTRIAL
Terraplanagem;DESTOCAMENTO DE ÁRVORES MAIOR QUE Ø30;Escavação ao redor do toco;CONTORNO DE FUNDÃO
Terraplanagem;DESTOCAMENTO DE ÁRVORES MAIOR QUE Ø30;Arrancamento do toco e raízes;CONTORNO DE FUNDÃO
Terraplanagem;DESTOCAMENTO DE ÁRVORES MAIOR QUE Ø30;Carga e transporte;CONTORNO DE FUNDÃO
Terraplanagem;DESTOCAMENTO DE ÁRVORES MAIOR QUE Ø30;Preenchimento / regularização da cova;CONTORNO DE FUNDÃO
Terraplanagem;DESTOCAMENTO DE ÁRVORES MAIOR QUE Ø30;Escavação ao redor do toco;CONTORNO DE IBIRAÇU
Terraplanagem;DESTOCAMENTO DE ÁRVORES MAIOR QUE Ø30;Arrancamento do toco e raízes;CONTORNO DE IBIRAÇU
Terraplanagem;DESTOCAMENTO DE ÁRVORES MAIOR QUE Ø30;Carga e transporte;CONTORNO DE IBIRAÇU
Terraplanagem;DESTOCAMENTO DE ÁRVORES MAIOR QUE Ø30;Preenchimento / regularização da cova;CONTORNO DE IBIRAÇU
Terraplanagem;DESTOCAMENTO DE ÁRVORES MAIOR QUE Ø30;Escavação ao redor do toco;PARALELO DE IBIRAÇU
Terraplanagem;DESTOCAMENTO DE ÁRVORES MAIOR QUE Ø30;Arrancamento do toco e raízes;PARALELO DE IBIRAÇU
Terraplanagem;DESTOCAMENTO DE ÁRVORES MAIOR QUE Ø30;Carga e transporte;PARALELO DE IBIRAÇU
Terraplanagem;DESTOCAMENTO DE ÁRVORES MAIOR QUE Ø30;Preenchimento / regularização da cova;PARALELO DE IBIRAÇU
Terraplanagem;DESTOCAMENTO DE ÁRVORES MAIOR QUE Ø30;Escavação ao redor do toco;PÁTIO DE VIGAS
Terraplanagem;DESTOCAMENTO DE ÁRVORES MAIOR QUE Ø30;Arrancamento do toco e raízes;PÁTIO DE VIGAS
Terraplanagem;DESTOCAMENTO DE ÁRVORES MAIOR QUE Ø30;Carga e transporte;PÁTIO DE VIGAS
Terraplanagem;DESTOCAMENTO DE ÁRVORES MAIOR QUE Ø30;Preenchimento / regularização da cova;PÁTIO DE VIGAS
Terraplanagem;ENROCAMENTO DE PEDRA;Fornecimento e transporte da pedra;C1
Terraplanagem;ENROCAMENTO DE PEDRA;Lançamento e espalhamento da pedra;C1
Terraplanagem;ENROCAMENTO DE PEDRA;Compactação mecânica;C1
Terraplanagem;ENROCAMENTO DE PEDRA;Regularização;C1
Terraplanagem;ENROCAMENTO DE PEDRA;Fornecimento e transporte da pedra;C1
Terraplanagem;ENROCAMENTO DE PEDRA;Lançamento e espalhamento da pedra;C1
Terraplanagem;ENROCAMENTO DE PEDRA;Compactação mecânica;C1
Terraplanagem;ENROCAMENTO DE PEDRA;Regularização;C1
Terraplanagem;ENROCAMENTO DE PEDRA;Fornecimento e transporte da pedra;C2
Terraplanagem;ENROCAMENTO DE PEDRA;Lançamento e espalhamento da pedra;C2
Terraplanagem;ENROCAMENTO DE PEDRA;Compactação mecânica;C2
Terraplanagem;ENROCAMENTO DE PEDRA;Regularização;C2
Terraplanagem;ENROCAMENTO DE PEDRA;Fornecimento e transporte da pedra;C2
Terraplanagem;ENROCAMENTO DE PEDRA;Lançamento e espalhamento da pedra;C2
Terraplanagem;ENROCAMENTO DE PEDRA;Compactação mecânica;C2
Terraplanagem;ENROCAMENTO DE PEDRA;Regularização;C2
Terraplanagem;ENROCAMENTO DE PEDRA;Fornecimento e transporte da pedra;C3
Terraplanagem;ENROCAMENTO DE PEDRA;Lançamento e espalhamento da pedra;C3
Terraplanagem;ENROCAMENTO DE PEDRA;Compactação mecânica;C3
Terraplanagem;ENROCAMENTO DE PEDRA;Regularização;C3
Terraplanagem;ENROCAMENTO DE PEDRA;Fornecimento e transporte da pedra;C3
Terraplanagem;ENROCAMENTO DE PEDRA;Lançamento e espalhamento da pedra;C3
Terraplanagem;ENROCAMENTO DE PEDRA;Compactação mecânica;C3
Terraplanagem;ENROCAMENTO DE PEDRA;Regularização;C3
Terraplanagem;ENROCAMENTO DE PEDRA;Fornecimento e transporte da pedra;C4
Terraplanagem;ENROCAMENTO DE PEDRA;Lançamento e espalhamento da pedra;C4
Terraplanagem;ENROCAMENTO DE PEDRA;Compactação mecânica;C4
Terraplanagem;ENROCAMENTO DE PEDRA;Regularização;C4
Terraplanagem;ENROCAMENTO DE PEDRA;Fornecimento e transporte da pedra;C4
Terraplanagem;ENROCAMENTO DE PEDRA;Lançamento e espalhamento da pedra;C4
Terraplanagem;ENROCAMENTO DE PEDRA;Compactação mecânica;C4
Terraplanagem;ENROCAMENTO DE PEDRA;Regularização;C4
Terraplanagem;ENROCAMENTO DE PEDRA;Fornecimento e transporte da pedra;CANTEIRO INDUSTRIAL
Terraplanagem;ENROCAMENTO DE PEDRA;Lançamento e espalhamento da pedra;CANTEIRO INDUSTRIAL
Terraplanagem;ENROCAMENTO DE PEDRA;Compactação mecânica;CANTEIRO INDUSTRIAL
Terraplanagem;ENROCAMENTO DE PEDRA;Regularização;CANTEIRO INDUSTRIAL
Terraplanagem;ENROCAMENTO DE PEDRA;Fornecimento e transporte da pedra;CANTEIRO INDUSTRIAL
Terraplanagem;ENROCAMENTO DE PEDRA;Lançamento e espalhamento da pedra;CANTEIRO INDUSTRIAL
Terraplanagem;ENROCAMENTO DE PEDRA;Compactação mecânica;CANTEIRO INDUSTRIAL
Terraplanagem;ENROCAMENTO DE PEDRA;Regularização;CANTEIRO INDUSTRIAL
Terraplanagem;ENROCAMENTO DE PEDRA;Fornecimento e transporte da pedra;CONTORNO DE FUNDÃO
Terraplanagem;ENROCAMENTO DE PEDRA;Lançamento e espalhamento da pedra;CONTORNO DE FUNDÃO
Terraplanagem;ENROCAMENTO DE PEDRA;Compactação mecânica;CONTORNO DE FUNDÃO
Terraplanagem;ENROCAMENTO DE PEDRA;Regularização;CONTORNO DE FUNDÃO
Terraplanagem;ENROCAMENTO DE PEDRA;Fornecimento e transporte da pedra;CONTORNO DE FUNDÃO
Terraplanagem;ENROCAMENTO DE PEDRA;Lançamento e espalhamento da pedra;CONTORNO DE FUNDÃO
Terraplanagem;ENROCAMENTO DE PEDRA;Compactação mecânica;CONTORNO DE FUNDÃO
Terraplanagem;ENROCAMENTO DE PEDRA;Regularização;CONTORNO DE FUNDÃO
Terraplanagem;ENROCAMENTO DE PEDRA;Fornecimento e transporte da pedra;CONTORNO DE IBIRAÇU
Terraplanagem;ENROCAMENTO DE PEDRA;Lançamento e espalhamento da pedra;CONTORNO DE IBIRAÇU
Terraplanagem;ENROCAMENTO DE PEDRA;Compactação mecânica;CONTORNO DE IBIRAÇU
Terraplanagem;ENROCAMENTO DE PEDRA;Regularização;CONTORNO DE IBIRAÇU
Terraplanagem;ENROCAMENTO DE PEDRA;Fornecimento e transporte da pedra;CONTORNO DE IBIRAÇU
Terraplanagem;ENROCAMENTO DE PEDRA;Lançamento e espalhamento da pedra;CONTORNO DE IBIRAÇU
Terraplanagem;ENROCAMENTO DE PEDRA;Compactação mecânica;CONTORNO DE IBIRAÇU
Terraplanagem;ENROCAMENTO DE PEDRA;Regularização;CONTORNO DE IBIRAÇU
Terraplanagem;ENROCAMENTO DE PEDRA;Fornecimento e transporte da pedra;D2
Terraplanagem;ENROCAMENTO DE PEDRA;Lançamento e espalhamento da pedra;D2
Terraplanagem;ENROCAMENTO DE PEDRA;Compactação mecânica;D2
Terraplanagem;ENROCAMENTO DE PEDRA;Regularização;D2
Terraplanagem;ENROCAMENTO DE PEDRA;Fornecimento e transporte da pedra;D2
Terraplanagem;ENROCAMENTO DE PEDRA;Lançamento e espalhamento da pedra;D2
Terraplanagem;ENROCAMENTO DE PEDRA;Compactação mecânica;D2
Terraplanagem;ENROCAMENTO DE PEDRA;Regularização;D2
Terraplanagem;ENROCAMENTO DE PEDRA;Fornecimento e transporte da pedra;PARALELO DE IBIRAÇU
Terraplanagem;ENROCAMENTO DE PEDRA;Lançamento e espalhamento da pedra;PARALELO DE IBIRAÇU
Terraplanagem;ENROCAMENTO DE PEDRA;Compactação mecânica;PARALELO DE IBIRAÇU
Terraplanagem;ENROCAMENTO DE PEDRA;Regularização;PARALELO DE IBIRAÇU
Terraplanagem;ENROCAMENTO DE PEDRA;Fornecimento e transporte da pedra;PARALELO DE IBIRAÇU
Terraplanagem;ENROCAMENTO DE PEDRA;Lançamento e espalhamento da pedra;PARALELO DE IBIRAÇU
Terraplanagem;ENROCAMENTO DE PEDRA;Compactação mecânica;PARALELO DE IBIRAÇU
Terraplanagem;ENROCAMENTO DE PEDRA;Regularização;PARALELO DE IBIRAÇU
Terraplanagem;ENROCAMENTO DE PEDRA;Fornecimento e transporte da pedra;PÁTIO DE VIGAS
Terraplanagem;ENROCAMENTO DE PEDRA;Lançamento e espalhamento da pedra;PÁTIO DE VIGAS
Terraplanagem;ENROCAMENTO DE PEDRA;Compactação mecânica;PÁTIO DE VIGAS
Terraplanagem;ENROCAMENTO DE PEDRA;Regularização;PÁTIO DE VIGAS
Terraplanagem;ENROCAMENTO DE PEDRA;Fornecimento e transporte da pedra;PÁTIO DE VIGAS
Terraplanagem;ENROCAMENTO DE PEDRA;Lançamento e espalhamento da pedra;PÁTIO DE VIGAS
Terraplanagem;ENROCAMENTO DE PEDRA;Compactação mecânica;PÁTIO DE VIGAS
Terraplanagem;ENROCAMENTO DE PEDRA;Regularização;PÁTIO DE VIGAS
Terraplanagem;ESCAVAÇÃO 1ª CATEGORIA;Escavação mecânica do material de 1ª categoria;C1
Terraplanagem;ESCAVAÇÃO 1ª CATEGORIA;Carga em caminhão;C1
Terraplanagem;ESCAVAÇÃO 1ª CATEGORIA;Transporte (DMT);C1
Terraplanagem;ESCAVAÇÃO 1ª CATEGORIA;Descarga / espalhamento no destino;C1
Terraplanagem;ESCAVAÇÃO 1ª CATEGORIA;Escavação mecânica do material de 1ª categoria;C2
Terraplanagem;ESCAVAÇÃO 1ª CATEGORIA;Carga em caminhão;C2
Terraplanagem;ESCAVAÇÃO 1ª CATEGORIA;Transporte (DMT);C2
Terraplanagem;ESCAVAÇÃO 1ª CATEGORIA;Descarga / espalhamento no destino;C2
Terraplanagem;ESCAVAÇÃO 1ª CATEGORIA;Escavação mecânica do material de 1ª categoria;C3
Terraplanagem;ESCAVAÇÃO 1ª CATEGORIA;Carga em caminhão;C3
Terraplanagem;ESCAVAÇÃO 1ª CATEGORIA;Transporte (DMT);C3
Terraplanagem;ESCAVAÇÃO 1ª CATEGORIA;Descarga / espalhamento no destino;C3
Terraplanagem;ESCAVAÇÃO 1ª CATEGORIA;Escavação mecânica do material de 1ª categoria;C4
Terraplanagem;ESCAVAÇÃO 1ª CATEGORIA;Carga em caminhão;C4
Terraplanagem;ESCAVAÇÃO 1ª CATEGORIA;Transporte (DMT);C4
Terraplanagem;ESCAVAÇÃO 1ª CATEGORIA;Descarga / espalhamento no destino;C4
Terraplanagem;ESCAVAÇÃO 1ª CATEGORIA;Escavação mecânica do material de 1ª categoria;CANTEIRO INDUSTRIAL
Terraplanagem;ESCAVAÇÃO 1ª CATEGORIA;Carga em caminhão;CANTEIRO INDUSTRIAL
Terraplanagem;ESCAVAÇÃO 1ª CATEGORIA;Transporte (DMT);CANTEIRO INDUSTRIAL
Terraplanagem;ESCAVAÇÃO 1ª CATEGORIA;Descarga / espalhamento no destino;CANTEIRO INDUSTRIAL
Terraplanagem;ESCAVAÇÃO 1ª CATEGORIA;Escavação mecânica do material de 1ª categoria;CONTORNO DE FUNDÃO
Terraplanagem;ESCAVAÇÃO 1ª CATEGORIA;Carga em caminhão;CONTORNO DE FUNDÃO
Terraplanagem;ESCAVAÇÃO 1ª CATEGORIA;Transporte (DMT);CONTORNO DE FUNDÃO
Terraplanagem;ESCAVAÇÃO 1ª CATEGORIA;Descarga / espalhamento no destino;CONTORNO DE FUNDÃO
Terraplanagem;ESCAVAÇÃO 1ª CATEGORIA;Escavação mecânica do material de 1ª categoria;CONTORNO DE IBIRAÇU
Terraplanagem;ESCAVAÇÃO 1ª CATEGORIA;Carga em caminhão;CONTORNO DE IBIRAÇU
Terraplanagem;ESCAVAÇÃO 1ª CATEGORIA;Transporte (DMT);CONTORNO DE IBIRAÇU
Terraplanagem;ESCAVAÇÃO 1ª CATEGORIA;Descarga / espalhamento no destino;CONTORNO DE IBIRAÇU
Terraplanagem;ESCAVAÇÃO 1ª CATEGORIA;Escavação mecânica do material de 1ª categoria;D2
Terraplanagem;ESCAVAÇÃO 1ª CATEGORIA;Carga em caminhão;D2
Terraplanagem;ESCAVAÇÃO 1ª CATEGORIA;Transporte (DMT);D2
Terraplanagem;ESCAVAÇÃO 1ª CATEGORIA;Descarga / espalhamento no destino;D2
Terraplanagem;ESCAVAÇÃO 1ª CATEGORIA;Escavação mecânica do material de 1ª categoria;PARALELO DE IBIRAÇU
Terraplanagem;ESCAVAÇÃO 1ª CATEGORIA;Carga em caminhão;PARALELO DE IBIRAÇU
Terraplanagem;ESCAVAÇÃO 1ª CATEGORIA;Transporte (DMT);PARALELO DE IBIRAÇU
Terraplanagem;ESCAVAÇÃO 1ª CATEGORIA;Descarga / espalhamento no destino;PARALELO DE IBIRAÇU
Terraplanagem;ESCAVAÇÃO 1ª CATEGORIA;Escavação mecânica do material de 1ª categoria;PÁTIO DE VIGAS
Terraplanagem;ESCAVAÇÃO 1ª CATEGORIA;Carga em caminhão;PÁTIO DE VIGAS
Terraplanagem;ESCAVAÇÃO 1ª CATEGORIA;Transporte (DMT);PÁTIO DE VIGAS
Terraplanagem;ESCAVAÇÃO 1ª CATEGORIA;Descarga / espalhamento no destino;PÁTIO DE VIGAS
Terraplanagem;ESCAVAÇÃO 3ª CATEGORIA;Perfuração e desmonte de rocha (fogo / rompedor);C1
Terraplanagem;ESCAVAÇÃO 3ª CATEGORIA;Escavação e carga do material;C1
Terraplanagem;ESCAVAÇÃO 3ª CATEGORIA;Transporte (DMT);C1
Terraplanagem;ESCAVAÇÃO 3ª CATEGORIA;Descarga no destino;C1
Terraplanagem;ESCAVAÇÃO 3ª CATEGORIA;Perfuração e desmonte de rocha (fogo / rompedor);C2
Terraplanagem;ESCAVAÇÃO 3ª CATEGORIA;Escavação e carga do material;C2
Terraplanagem;ESCAVAÇÃO 3ª CATEGORIA;Transporte (DMT);C2
Terraplanagem;ESCAVAÇÃO 3ª CATEGORIA;Descarga no destino;C2
Terraplanagem;ESCAVAÇÃO 3ª CATEGORIA;Perfuração e desmonte de rocha (fogo / rompedor);C3
Terraplanagem;ESCAVAÇÃO 3ª CATEGORIA;Escavação e carga do material;C3
Terraplanagem;ESCAVAÇÃO 3ª CATEGORIA;Transporte (DMT);C3
Terraplanagem;ESCAVAÇÃO 3ª CATEGORIA;Descarga no destino;C3
Terraplanagem;ESCAVAÇÃO 3ª CATEGORIA;Perfuração e desmonte de rocha (fogo / rompedor);C4
Terraplanagem;ESCAVAÇÃO 3ª CATEGORIA;Escavação e carga do material;C4
Terraplanagem;ESCAVAÇÃO 3ª CATEGORIA;Transporte (DMT);C4
Terraplanagem;ESCAVAÇÃO 3ª CATEGORIA;Descarga no destino;C4
Terraplanagem;ESCAVAÇÃO 3ª CATEGORIA;Perfuração e desmonte de rocha (fogo / rompedor);CANTEIRO INDUSTRIAL
Terraplanagem;ESCAVAÇÃO 3ª CATEGORIA;Escavação e carga do material;CANTEIRO INDUSTRIAL
Terraplanagem;ESCAVAÇÃO 3ª CATEGORIA;Transporte (DMT);CANTEIRO INDUSTRIAL
Terraplanagem;ESCAVAÇÃO 3ª CATEGORIA;Descarga no destino;CANTEIRO INDUSTRIAL
Terraplanagem;ESCAVAÇÃO 3ª CATEGORIA;Perfuração e desmonte de rocha (fogo / rompedor);CONTORNO DE FUNDÃO
Terraplanagem;ESCAVAÇÃO 3ª CATEGORIA;Escavação e carga do material;CONTORNO DE FUNDÃO
Terraplanagem;ESCAVAÇÃO 3ª CATEGORIA;Transporte (DMT);CONTORNO DE FUNDÃO
Terraplanagem;ESCAVAÇÃO 3ª CATEGORIA;Descarga no destino;CONTORNO DE FUNDÃO
Terraplanagem;ESCAVAÇÃO 3ª CATEGORIA;Perfuração e desmonte de rocha (fogo / rompedor);CONTORNO DE IBIRAÇU
Terraplanagem;ESCAVAÇÃO 3ª CATEGORIA;Escavação e carga do material;CONTORNO DE IBIRAÇU
Terraplanagem;ESCAVAÇÃO 3ª CATEGORIA;Transporte (DMT);CONTORNO DE IBIRAÇU
Terraplanagem;ESCAVAÇÃO 3ª CATEGORIA;Descarga no destino;CONTORNO DE IBIRAÇU
Terraplanagem;ESCAVAÇÃO 3ª CATEGORIA;Perfuração e desmonte de rocha (fogo / rompedor);D2
Terraplanagem;ESCAVAÇÃO 3ª CATEGORIA;Escavação e carga do material;D2
Terraplanagem;ESCAVAÇÃO 3ª CATEGORIA;Transporte (DMT);D2
Terraplanagem;ESCAVAÇÃO 3ª CATEGORIA;Descarga no destino;D2
Terraplanagem;ESCAVAÇÃO 3ª CATEGORIA;Perfuração e desmonte de rocha (fogo / rompedor);PARALELO DE IBIRAÇU
Terraplanagem;ESCAVAÇÃO 3ª CATEGORIA;Escavação e carga do material;PARALELO DE IBIRAÇU
Terraplanagem;ESCAVAÇÃO 3ª CATEGORIA;Transporte (DMT);PARALELO DE IBIRAÇU
Terraplanagem;ESCAVAÇÃO 3ª CATEGORIA;Descarga no destino;PARALELO DE IBIRAÇU
Terraplanagem;ESCAVAÇÃO 3ª CATEGORIA;Perfuração e desmonte de rocha (fogo / rompedor);PÁTIO DE VIGAS
Terraplanagem;ESCAVAÇÃO 3ª CATEGORIA;Escavação e carga do material;PÁTIO DE VIGAS
Terraplanagem;ESCAVAÇÃO 3ª CATEGORIA;Transporte (DMT);PÁTIO DE VIGAS
Terraplanagem;ESCAVAÇÃO 3ª CATEGORIA;Descarga no destino;PÁTIO DE VIGAS
Terraplanagem;ESCAVAÇÃO SOLO MOLE;Escavação do solo mole;C1
Terraplanagem;ESCAVAÇÃO SOLO MOLE;Carga do material;C1
Terraplanagem;ESCAVAÇÃO SOLO MOLE;Transporte (DMT);C1
Terraplanagem;ESCAVAÇÃO SOLO MOLE;Descarga em bota-fora;C1
Terraplanagem;ESCAVAÇÃO SOLO MOLE;Escavação do solo mole;C1
Terraplanagem;ESCAVAÇÃO SOLO MOLE;Carga do material;C1
Terraplanagem;ESCAVAÇÃO SOLO MOLE;Transporte (DMT);C1
Terraplanagem;ESCAVAÇÃO SOLO MOLE;Descarga em bota-fora;C1
Terraplanagem;ESCAVAÇÃO SOLO MOLE;Escavação do solo mole;C2
Terraplanagem;ESCAVAÇÃO SOLO MOLE;Carga do material;C2
Terraplanagem;ESCAVAÇÃO SOLO MOLE;Transporte (DMT);C2
Terraplanagem;ESCAVAÇÃO SOLO MOLE;Descarga em bota-fora;C2
Terraplanagem;ESCAVAÇÃO SOLO MOLE;Escavação do solo mole;C2
Terraplanagem;ESCAVAÇÃO SOLO MOLE;Carga do material;C2
Terraplanagem;ESCAVAÇÃO SOLO MOLE;Transporte (DMT);C2
Terraplanagem;ESCAVAÇÃO SOLO MOLE;Descarga em bota-fora;C2
Terraplanagem;ESCAVAÇÃO SOLO MOLE;Escavação do solo mole;C3
Terraplanagem;ESCAVAÇÃO SOLO MOLE;Carga do material;C3
Terraplanagem;ESCAVAÇÃO SOLO MOLE;Transporte (DMT);C3
Terraplanagem;ESCAVAÇÃO SOLO MOLE;Descarga em bota-fora;C3
Terraplanagem;ESCAVAÇÃO SOLO MOLE;Escavação do solo mole;C3
Terraplanagem;ESCAVAÇÃO SOLO MOLE;Carga do material;C3
Terraplanagem;ESCAVAÇÃO SOLO MOLE;Transporte (DMT);C3
Terraplanagem;ESCAVAÇÃO SOLO MOLE;Descarga em bota-fora;C3
Terraplanagem;ESCAVAÇÃO SOLO MOLE;Escavação do solo mole;C4
Terraplanagem;ESCAVAÇÃO SOLO MOLE;Carga do material;C4
Terraplanagem;ESCAVAÇÃO SOLO MOLE;Transporte (DMT);C4
Terraplanagem;ESCAVAÇÃO SOLO MOLE;Descarga em bota-fora;C4
Terraplanagem;ESCAVAÇÃO SOLO MOLE;Escavação do solo mole;C4
Terraplanagem;ESCAVAÇÃO SOLO MOLE;Carga do material;C4
Terraplanagem;ESCAVAÇÃO SOLO MOLE;Transporte (DMT);C4
Terraplanagem;ESCAVAÇÃO SOLO MOLE;Descarga em bota-fora;C4
Terraplanagem;ESCAVAÇÃO SOLO MOLE;Escavação do solo mole;CANTEIRO INDUSTRIAL
Terraplanagem;ESCAVAÇÃO SOLO MOLE;Carga do material;CANTEIRO INDUSTRIAL
Terraplanagem;ESCAVAÇÃO SOLO MOLE;Transporte (DMT);CANTEIRO INDUSTRIAL
Terraplanagem;ESCAVAÇÃO SOLO MOLE;Descarga em bota-fora;CANTEIRO INDUSTRIAL
Terraplanagem;ESCAVAÇÃO SOLO MOLE;Escavação do solo mole;CANTEIRO INDUSTRIAL
Terraplanagem;ESCAVAÇÃO SOLO MOLE;Carga do material;CANTEIRO INDUSTRIAL
Terraplanagem;ESCAVAÇÃO SOLO MOLE;Transporte (DMT);CANTEIRO INDUSTRIAL
Terraplanagem;ESCAVAÇÃO SOLO MOLE;Descarga em bota-fora;CANTEIRO INDUSTRIAL
Terraplanagem;ESCAVAÇÃO SOLO MOLE;Escavação do solo mole;CONTORNO DE FUNDÃO
Terraplanagem;ESCAVAÇÃO SOLO MOLE;Carga do material;CONTORNO DE FUNDÃO
Terraplanagem;ESCAVAÇÃO SOLO MOLE;Transporte (DMT);CONTORNO DE FUNDÃO
Terraplanagem;ESCAVAÇÃO SOLO MOLE;Descarga em bota-fora;CONTORNO DE FUNDÃO
Terraplanagem;ESCAVAÇÃO SOLO MOLE;Escavação do solo mole;CONTORNO DE FUNDÃO
Terraplanagem;ESCAVAÇÃO SOLO MOLE;Carga do material;CONTORNO DE FUNDÃO
Terraplanagem;ESCAVAÇÃO SOLO MOLE;Transporte (DMT);CONTORNO DE FUNDÃO
Terraplanagem;ESCAVAÇÃO SOLO MOLE;Descarga em bota-fora;CONTORNO DE FUNDÃO
Terraplanagem;ESCAVAÇÃO SOLO MOLE;Escavação do solo mole;CONTORNO DE IBIRAÇU
Terraplanagem;ESCAVAÇÃO SOLO MOLE;Carga do material;CONTORNO DE IBIRAÇU
Terraplanagem;ESCAVAÇÃO SOLO MOLE;Transporte (DMT);CONTORNO DE IBIRAÇU
Terraplanagem;ESCAVAÇÃO SOLO MOLE;Descarga em bota-fora;CONTORNO DE IBIRAÇU
Terraplanagem;ESCAVAÇÃO SOLO MOLE;Escavação do solo mole;CONTORNO DE IBIRAÇU
Terraplanagem;ESCAVAÇÃO SOLO MOLE;Carga do material;CONTORNO DE IBIRAÇU
Terraplanagem;ESCAVAÇÃO SOLO MOLE;Transporte (DMT);CONTORNO DE IBIRAÇU
Terraplanagem;ESCAVAÇÃO SOLO MOLE;Descarga em bota-fora;CONTORNO DE IBIRAÇU
Terraplanagem;ESCAVAÇÃO SOLO MOLE;Escavação do solo mole;D2
Terraplanagem;ESCAVAÇÃO SOLO MOLE;Carga do material;D2
Terraplanagem;ESCAVAÇÃO SOLO MOLE;Transporte (DMT);D2
Terraplanagem;ESCAVAÇÃO SOLO MOLE;Descarga em bota-fora;D2
Terraplanagem;ESCAVAÇÃO SOLO MOLE;Escavação do solo mole;D2
Terraplanagem;ESCAVAÇÃO SOLO MOLE;Carga do material;D2
Terraplanagem;ESCAVAÇÃO SOLO MOLE;Transporte (DMT);D2
Terraplanagem;ESCAVAÇÃO SOLO MOLE;Descarga em bota-fora;D2
Terraplanagem;ESCAVAÇÃO SOLO MOLE;Escavação do solo mole;PARALELO DE IBIRAÇU
Terraplanagem;ESCAVAÇÃO SOLO MOLE;Carga do material;PARALELO DE IBIRAÇU
Terraplanagem;ESCAVAÇÃO SOLO MOLE;Transporte (DMT);PARALELO DE IBIRAÇU
Terraplanagem;ESCAVAÇÃO SOLO MOLE;Descarga em bota-fora;PARALELO DE IBIRAÇU
Terraplanagem;ESCAVAÇÃO SOLO MOLE;Escavação do solo mole;PARALELO DE IBIRAÇU
Terraplanagem;ESCAVAÇÃO SOLO MOLE;Carga do material;PARALELO DE IBIRAÇU
Terraplanagem;ESCAVAÇÃO SOLO MOLE;Transporte (DMT);PARALELO DE IBIRAÇU
Terraplanagem;ESCAVAÇÃO SOLO MOLE;Descarga em bota-fora;PARALELO DE IBIRAÇU
Terraplanagem;ESCAVAÇÃO SOLO MOLE;Escavação do solo mole;PÁTIO DE VIGAS
Terraplanagem;ESCAVAÇÃO SOLO MOLE;Carga do material;PÁTIO DE VIGAS
Terraplanagem;ESCAVAÇÃO SOLO MOLE;Transporte (DMT);PÁTIO DE VIGAS
Terraplanagem;ESCAVAÇÃO SOLO MOLE;Descarga em bota-fora;PÁTIO DE VIGAS
Terraplanagem;ESCAVAÇÃO SOLO MOLE;Escavação do solo mole;PÁTIO DE VIGAS
Terraplanagem;ESCAVAÇÃO SOLO MOLE;Carga do material;PÁTIO DE VIGAS
Terraplanagem;ESCAVAÇÃO SOLO MOLE;Transporte (DMT);PÁTIO DE VIGAS
Terraplanagem;ESCAVAÇÃO SOLO MOLE;Descarga em bota-fora;PÁTIO DE VIGAS
Terraplanagem;EXECUÇÃO DE BERMA;Locação e marcação topográfica;C1
Terraplanagem;EXECUÇÃO DE BERMA;Preparo e regularização da superfície de apoio;C1
Terraplanagem;EXECUÇÃO DE BERMA;Lançamento e espalhamento do material;C1
Terraplanagem;EXECUÇÃO DE BERMA;Umectação e homogeneização;C1
Terraplanagem;EXECUÇÃO DE BERMA;Compactação em camadas;C1
Terraplanagem;EXECUÇÃO DE BERMA;Conformação de taludes e largura da berma;C1
Terraplanagem;EXECUÇÃO DE BERMA;Acabamento e controle geométrico;C1
Terraplanagem;EXECUÇÃO DE BERMA;Locação e marcação topográfica;C2
Terraplanagem;EXECUÇÃO DE BERMA;Preparo e regularização da superfície de apoio;C2
Terraplanagem;EXECUÇÃO DE BERMA;Lançamento e espalhamento do material;C2
Terraplanagem;EXECUÇÃO DE BERMA;Umectação e homogeneização;C2
Terraplanagem;EXECUÇÃO DE BERMA;Compactação em camadas;C2
Terraplanagem;EXECUÇÃO DE BERMA;Conformação de taludes e largura da berma;C2
Terraplanagem;EXECUÇÃO DE BERMA;Acabamento e controle geométrico;C2
Terraplanagem;EXECUÇÃO DE BERMA;Locação e marcação topográfica;C3
Terraplanagem;EXECUÇÃO DE BERMA;Preparo e regularização da superfície de apoio;C3
Terraplanagem;EXECUÇÃO DE BERMA;Lançamento e espalhamento do material;C3
Terraplanagem;EXECUÇÃO DE BERMA;Umectação e homogeneização;C3
Terraplanagem;EXECUÇÃO DE BERMA;Compactação em camadas;C3
Terraplanagem;EXECUÇÃO DE BERMA;Conformação de taludes e largura da berma;C3
Terraplanagem;EXECUÇÃO DE BERMA;Acabamento e controle geométrico;C3
Terraplanagem;EXECUÇÃO DE BERMA;Locação e marcação topográfica;C4
Terraplanagem;EXECUÇÃO DE BERMA;Preparo e regularização da superfície de apoio;C4
Terraplanagem;EXECUÇÃO DE BERMA;Lançamento e espalhamento do material;C4
Terraplanagem;EXECUÇÃO DE BERMA;Umectação e homogeneização;C4
Terraplanagem;EXECUÇÃO DE BERMA;Compactação em camadas;C4
Terraplanagem;EXECUÇÃO DE BERMA;Conformação de taludes e largura da berma;C4
Terraplanagem;EXECUÇÃO DE BERMA;Acabamento e controle geométrico;C4
Terraplanagem;EXECUÇÃO DE BERMA;Locação e marcação topográfica;D2
Terraplanagem;EXECUÇÃO DE BERMA;Preparo e regularização da superfície de apoio;D2
Terraplanagem;EXECUÇÃO DE BERMA;Lançamento e espalhamento do material;D2
Terraplanagem;EXECUÇÃO DE BERMA;Umectação e homogeneização;D2
Terraplanagem;EXECUÇÃO DE BERMA;Compactação em camadas;D2
Terraplanagem;EXECUÇÃO DE BERMA;Conformação de taludes e largura da berma;D2
Terraplanagem;EXECUÇÃO DE BERMA;Acabamento e controle geométrico;D2
Terraplanagem;EXECUÇÃO DE BERMA;Locação e marcação topográfica;CONTORNO DE FUNDÃO
Terraplanagem;EXECUÇÃO DE BERMA;Preparo e regularização da superfície de apoio;CONTORNO DE FUNDÃO
Terraplanagem;EXECUÇÃO DE BERMA;Lançamento e espalhamento do material;CONTORNO DE FUNDÃO
Terraplanagem;EXECUÇÃO DE BERMA;Umectação e homogeneização;CONTORNO DE FUNDÃO
Terraplanagem;EXECUÇÃO DE BERMA;Compactação em camadas;CONTORNO DE FUNDÃO
Terraplanagem;EXECUÇÃO DE BERMA;Conformação de taludes e largura da berma;CONTORNO DE FUNDÃO
Terraplanagem;EXECUÇÃO DE BERMA;Acabamento e controle geométrico;CONTORNO DE FUNDÃO
Terraplanagem;EXECUÇÃO DE BERMA;Locação e marcação topográfica;CONTORNO DE IBIRAÇU
Terraplanagem;EXECUÇÃO DE BERMA;Preparo e regularização da superfície de apoio;CONTORNO DE IBIRAÇU
Terraplanagem;EXECUÇÃO DE BERMA;Lançamento e espalhamento do material;CONTORNO DE IBIRAÇU
Terraplanagem;EXECUÇÃO DE BERMA;Umectação e homogeneização;CONTORNO DE IBIRAÇU
Terraplanagem;EXECUÇÃO DE BERMA;Compactação em camadas;CONTORNO DE IBIRAÇU
Terraplanagem;EXECUÇÃO DE BERMA;Conformação de taludes e largura da berma;CONTORNO DE IBIRAÇU
Terraplanagem;EXECUÇÃO DE BERMA;Acabamento e controle geométrico;CONTORNO DE IBIRAÇU
Terraplanagem;EXECUÇÃO DE BERMA;Locação e marcação topográfica;PARALELO DE IBIRAÇU
Terraplanagem;EXECUÇÃO DE BERMA;Preparo e regularização da superfície de apoio;PARALELO DE IBIRAÇU
Terraplanagem;EXECUÇÃO DE BERMA;Lançamento e espalhamento do material;PARALELO DE IBIRAÇU
Terraplanagem;EXECUÇÃO DE BERMA;Umectação e homogeneização;PARALELO DE IBIRAÇU
Terraplanagem;EXECUÇÃO DE BERMA;Compactação em camadas;PARALELO DE IBIRAÇU
Terraplanagem;EXECUÇÃO DE BERMA;Conformação de taludes e largura da berma;PARALELO DE IBIRAÇU
Terraplanagem;EXECUÇÃO DE BERMA;Acabamento e controle geométrico;PARALELO DE IBIRAÇU
Terraplanagem;EXECUÇÃO DE RAMPA;Locação e marcação topográfica;C1
Terraplanagem;EXECUÇÃO DE RAMPA;Preparo e limpeza do terreno;C1
Terraplanagem;EXECUÇÃO DE RAMPA;Corte / aterro para conformação da rampa;C1
Terraplanagem;EXECUÇÃO DE RAMPA;Lançamento e espalhamento do material;C1
Terraplanagem;EXECUÇÃO DE RAMPA;Umectação e homogeneização;C1
Terraplanagem;EXECUÇÃO DE RAMPA;Compactação em camadas;C1
Terraplanagem;EXECUÇÃO DE RAMPA;Acabamento e controle geométrico (greide/rampa);C1
Terraplanagem;EXECUÇÃO DE RAMPA;Locação e marcação topográfica;C2
Terraplanagem;EXECUÇÃO DE RAMPA;Preparo e limpeza do terreno;C2
Terraplanagem;EXECUÇÃO DE RAMPA;Corte / aterro para conformação da rampa;C2
Terraplanagem;EXECUÇÃO DE RAMPA;Lançamento e espalhamento do material;C2
Terraplanagem;EXECUÇÃO DE RAMPA;Umectação e homogeneização;C2
Terraplanagem;EXECUÇÃO DE RAMPA;Compactação em camadas;C2
Terraplanagem;EXECUÇÃO DE RAMPA;Acabamento e controle geométrico (greide/rampa);C2
Terraplanagem;EXECUÇÃO DE RAMPA;Locação e marcação topográfica;C3
Terraplanagem;EXECUÇÃO DE RAMPA;Preparo e limpeza do terreno;C3
Terraplanagem;EXECUÇÃO DE RAMPA;Corte / aterro para conformação da rampa;C3
Terraplanagem;EXECUÇÃO DE RAMPA;Lançamento e espalhamento do material;C3
Terraplanagem;EXECUÇÃO DE RAMPA;Umectação e homogeneização;C3
Terraplanagem;EXECUÇÃO DE RAMPA;Compactação em camadas;C3
Terraplanagem;EXECUÇÃO DE RAMPA;Acabamento e controle geométrico (greide/rampa);C3
Terraplanagem;EXECUÇÃO DE RAMPA;Locação e marcação topográfica;C4
Terraplanagem;EXECUÇÃO DE RAMPA;Preparo e limpeza do terreno;C4
Terraplanagem;EXECUÇÃO DE RAMPA;Corte / aterro para conformação da rampa;C4
Terraplanagem;EXECUÇÃO DE RAMPA;Lançamento e espalhamento do material;C4
Terraplanagem;EXECUÇÃO DE RAMPA;Umectação e homogeneização;C4
Terraplanagem;EXECUÇÃO DE RAMPA;Compactação em camadas;C4
Terraplanagem;EXECUÇÃO DE RAMPA;Acabamento e controle geométrico (greide/rampa);C4
Terraplanagem;EXECUÇÃO DE RAMPA;Locação e marcação topográfica;D2
Terraplanagem;EXECUÇÃO DE RAMPA;Preparo e limpeza do terreno;D2
Terraplanagem;EXECUÇÃO DE RAMPA;Corte / aterro para conformação da rampa;D2
Terraplanagem;EXECUÇÃO DE RAMPA;Lançamento e espalhamento do material;D2
Terraplanagem;EXECUÇÃO DE RAMPA;Umectação e homogeneização;D2
Terraplanagem;EXECUÇÃO DE RAMPA;Compactação em camadas;D2
Terraplanagem;EXECUÇÃO DE RAMPA;Acabamento e controle geométrico (greide/rampa);D2
Terraplanagem;EXECUÇÃO DE RAMPA;Locação e marcação topográfica;CONTORNO DE FUNDÃO
Terraplanagem;EXECUÇÃO DE RAMPA;Preparo e limpeza do terreno;CONTORNO DE FUNDÃO
Terraplanagem;EXECUÇÃO DE RAMPA;Corte / aterro para conformação da rampa;CONTORNO DE FUNDÃO
Terraplanagem;EXECUÇÃO DE RAMPA;Lançamento e espalhamento do material;CONTORNO DE FUNDÃO
Terraplanagem;EXECUÇÃO DE RAMPA;Umectação e homogeneização;CONTORNO DE FUNDÃO
Terraplanagem;EXECUÇÃO DE RAMPA;Compactação em camadas;CONTORNO DE FUNDÃO
Terraplanagem;EXECUÇÃO DE RAMPA;Acabamento e controle geométrico (greide/rampa);CONTORNO DE FUNDÃO
Terraplanagem;EXECUÇÃO DE RAMPA;Locação e marcação topográfica;CONTORNO DE IBIRAÇU
Terraplanagem;EXECUÇÃO DE RAMPA;Preparo e limpeza do terreno;CONTORNO DE IBIRAÇU
Terraplanagem;EXECUÇÃO DE RAMPA;Corte / aterro para conformação da rampa;CONTORNO DE IBIRAÇU
Terraplanagem;EXECUÇÃO DE RAMPA;Lançamento e espalhamento do material;CONTORNO DE IBIRAÇU
Terraplanagem;EXECUÇÃO DE RAMPA;Umectação e homogeneização;CONTORNO DE IBIRAÇU
Terraplanagem;EXECUÇÃO DE RAMPA;Compactação em camadas;CONTORNO DE IBIRAÇU
Terraplanagem;EXECUÇÃO DE RAMPA;Acabamento e controle geométrico (greide/rampa);CONTORNO DE IBIRAÇU
Terraplanagem;EXECUÇÃO DE RAMPA;Locação e marcação topográfica;PARALELO DE IBIRAÇU
Terraplanagem;EXECUÇÃO DE RAMPA;Preparo e limpeza do terreno;PARALELO DE IBIRAÇU
Terraplanagem;EXECUÇÃO DE RAMPA;Corte / aterro para conformação da rampa;PARALELO DE IBIRAÇU
Terraplanagem;EXECUÇÃO DE RAMPA;Lançamento e espalhamento do material;PARALELO DE IBIRAÇU
Terraplanagem;EXECUÇÃO DE RAMPA;Umectação e homogeneização;PARALELO DE IBIRAÇU
Terraplanagem;EXECUÇÃO DE RAMPA;Compactação em camadas;PARALELO DE IBIRAÇU
Terraplanagem;EXECUÇÃO DE RAMPA;Acabamento e controle geométrico (greide/rampa);PARALELO DE IBIRAÇU
Terraplanagem;GEODRENO VERTICAL;Locação dos pontos;C1
Terraplanagem;GEODRENO VERTICAL;Posicionamento do equipamento (mandril);C1
Terraplanagem;GEODRENO VERTICAL;Cravação do geodreno vertical;C1
Terraplanagem;GEODRENO VERTICAL;Corte e arremate no topo;C1
Terraplanagem;GEODRENO VERTICAL;Locação dos pontos;C2
Terraplanagem;GEODRENO VERTICAL;Posicionamento do equipamento (mandril);C2
Terraplanagem;GEODRENO VERTICAL;Cravação do geodreno vertical;C2
Terraplanagem;GEODRENO VERTICAL;Corte e arremate no topo;C2
Terraplanagem;GEODRENO VERTICAL;Locação dos pontos;C3
Terraplanagem;GEODRENO VERTICAL;Posicionamento do equipamento (mandril);C3
Terraplanagem;GEODRENO VERTICAL;Cravação do geodreno vertical;C3
Terraplanagem;GEODRENO VERTICAL;Corte e arremate no topo;C3
Terraplanagem;GEODRENO VERTICAL;Locação dos pontos;C4
Terraplanagem;GEODRENO VERTICAL;Posicionamento do equipamento (mandril);C4
Terraplanagem;GEODRENO VERTICAL;Cravação do geodreno vertical;C4
Terraplanagem;GEODRENO VERTICAL;Corte e arremate no topo;C4
Terraplanagem;GEODRENO VERTICAL;Locação dos pontos;CANTEIRO INDUSTRIAL
Terraplanagem;GEODRENO VERTICAL;Posicionamento do equipamento (mandril);CANTEIRO INDUSTRIAL
Terraplanagem;GEODRENO VERTICAL;Cravação do geodreno vertical;CANTEIRO INDUSTRIAL
Terraplanagem;GEODRENO VERTICAL;Corte e arremate no topo;CANTEIRO INDUSTRIAL
Terraplanagem;GEODRENO VERTICAL;Locação dos pontos;CONTORNO DE FUNDÃO
Terraplanagem;GEODRENO VERTICAL;Posicionamento do equipamento (mandril);CONTORNO DE FUNDÃO
Terraplanagem;GEODRENO VERTICAL;Cravação do geodreno vertical;CONTORNO DE FUNDÃO
Terraplanagem;GEODRENO VERTICAL;Corte e arremate no topo;CONTORNO DE FUNDÃO
Terraplanagem;GEODRENO VERTICAL;Locação dos pontos;CONTORNO DE IBIRAÇU
Terraplanagem;GEODRENO VERTICAL;Posicionamento do equipamento (mandril);CONTORNO DE IBIRAÇU
Terraplanagem;GEODRENO VERTICAL;Cravação do geodreno vertical;CONTORNO DE IBIRAÇU
Terraplanagem;GEODRENO VERTICAL;Corte e arremate no topo;CONTORNO DE IBIRAÇU
Terraplanagem;GEODRENO VERTICAL;Locação dos pontos;D2
Terraplanagem;GEODRENO VERTICAL;Posicionamento do equipamento (mandril);D2
Terraplanagem;GEODRENO VERTICAL;Cravação do geodreno vertical;D2
Terraplanagem;GEODRENO VERTICAL;Corte e arremate no topo;D2
Terraplanagem;GEODRENO VERTICAL;Locação dos pontos;PARALELO DE IBIRAÇU
Terraplanagem;GEODRENO VERTICAL;Posicionamento do equipamento (mandril);PARALELO DE IBIRAÇU
Terraplanagem;GEODRENO VERTICAL;Cravação do geodreno vertical;PARALELO DE IBIRAÇU
Terraplanagem;GEODRENO VERTICAL;Corte e arremate no topo;PARALELO DE IBIRAÇU
Terraplanagem;GEODRENO VERTICAL;Locação dos pontos;PÁTIO DE VIGAS
Terraplanagem;GEODRENO VERTICAL;Posicionamento do equipamento (mandril);PÁTIO DE VIGAS
Terraplanagem;GEODRENO VERTICAL;Cravação do geodreno vertical;PÁTIO DE VIGAS
Terraplanagem;GEODRENO VERTICAL;Corte e arremate no topo;PÁTIO DE VIGAS
Terraplanagem;GEOGRELHA;Preparo e regularização da superfície;C1
Terraplanagem;GEOGRELHA;Desenrolamento e posicionamento da geogrelha;C1
Terraplanagem;GEOGRELHA;Ancoragem, fixação e traspasse;C1
Terraplanagem;GEOGRELHA;Lançamento da camada de cobrimento;C1
Terraplanagem;GEOGRELHA;Preparo e regularização da superfície;C2
Terraplanagem;GEOGRELHA;Desenrolamento e posicionamento da geogrelha;C2
Terraplanagem;GEOGRELHA;Ancoragem, fixação e traspasse;C2
Terraplanagem;GEOGRELHA;Lançamento da camada de cobrimento;C2
Terraplanagem;GEOGRELHA;Preparo e regularização da superfície;C3
Terraplanagem;GEOGRELHA;Desenrolamento e posicionamento da geogrelha;C3
Terraplanagem;GEOGRELHA;Ancoragem, fixação e traspasse;C3
Terraplanagem;GEOGRELHA;Lançamento da camada de cobrimento;C3
Terraplanagem;GEOGRELHA;Preparo e regularização da superfície;C4
Terraplanagem;GEOGRELHA;Desenrolamento e posicionamento da geogrelha;C4
Terraplanagem;GEOGRELHA;Ancoragem, fixação e traspasse;C4
Terraplanagem;GEOGRELHA;Lançamento da camada de cobrimento;C4
Terraplanagem;GEOGRELHA;Preparo e regularização da superfície;CANTEIRO INDUSTRIAL
Terraplanagem;GEOGRELHA;Desenrolamento e posicionamento da geogrelha;CANTEIRO INDUSTRIAL
Terraplanagem;GEOGRELHA;Ancoragem, fixação e traspasse;CANTEIRO INDUSTRIAL
Terraplanagem;GEOGRELHA;Lançamento da camada de cobrimento;CANTEIRO INDUSTRIAL
Terraplanagem;GEOGRELHA;Preparo e regularização da superfície;CONTORNO DE FUNDÃO
Terraplanagem;GEOGRELHA;Desenrolamento e posicionamento da geogrelha;CONTORNO DE FUNDÃO
Terraplanagem;GEOGRELHA;Ancoragem, fixação e traspasse;CONTORNO DE FUNDÃO
Terraplanagem;GEOGRELHA;Lançamento da camada de cobrimento;CONTORNO DE FUNDÃO
Terraplanagem;GEOGRELHA;Preparo e regularização da superfície;CONTORNO DE IBIRAÇU
Terraplanagem;GEOGRELHA;Desenrolamento e posicionamento da geogrelha;CONTORNO DE IBIRAÇU
Terraplanagem;GEOGRELHA;Ancoragem, fixação e traspasse;CONTORNO DE IBIRAÇU
Terraplanagem;GEOGRELHA;Lançamento da camada de cobrimento;CONTORNO DE IBIRAÇU
Terraplanagem;GEOGRELHA;Preparo e regularização da superfície;D2
Terraplanagem;GEOGRELHA;Desenrolamento e posicionamento da geogrelha;D2
Terraplanagem;GEOGRELHA;Ancoragem, fixação e traspasse;D2
Terraplanagem;GEOGRELHA;Lançamento da camada de cobrimento;D2
Terraplanagem;GEOGRELHA;Preparo e regularização da superfície;PARALELO DE IBIRAÇU
Terraplanagem;GEOGRELHA;Desenrolamento e posicionamento da geogrelha;PARALELO DE IBIRAÇU
Terraplanagem;GEOGRELHA;Ancoragem, fixação e traspasse;PARALELO DE IBIRAÇU
Terraplanagem;GEOGRELHA;Lançamento da camada de cobrimento;PARALELO DE IBIRAÇU
Terraplanagem;GEOGRELHA;Preparo e regularização da superfície;PÁTIO DE VIGAS
Terraplanagem;GEOGRELHA;Desenrolamento e posicionamento da geogrelha;PÁTIO DE VIGAS
Terraplanagem;GEOGRELHA;Ancoragem, fixação e traspasse;PÁTIO DE VIGAS
Terraplanagem;GEOGRELHA;Lançamento da camada de cobrimento;PÁTIO DE VIGAS
Terraplanagem;LIMPEZA DE CAMADA VEGETAL;Desmatamento da vegetação;C1
Terraplanagem;LIMPEZA DE CAMADA VEGETAL;Remoção mecânica da camada vegetal (raspagem);C1
Terraplanagem;LIMPEZA DE CAMADA VEGETAL;Amontoamento;C1
Terraplanagem;LIMPEZA DE CAMADA VEGETAL;Carga e transporte do material;C1
Terraplanagem;LIMPEZA DE CAMADA VEGETAL;Desmatamento da vegetação;C2
Terraplanagem;LIMPEZA DE CAMADA VEGETAL;Remoção mecânica da camada vegetal (raspagem);C2
Terraplanagem;LIMPEZA DE CAMADA VEGETAL;Amontoamento;C2
Terraplanagem;LIMPEZA DE CAMADA VEGETAL;Carga e transporte do material;C2
Terraplanagem;LIMPEZA DE CAMADA VEGETAL;Desmatamento da vegetação;C3
Terraplanagem;LIMPEZA DE CAMADA VEGETAL;Remoção mecânica da camada vegetal (raspagem);C3
Terraplanagem;LIMPEZA DE CAMADA VEGETAL;Amontoamento;C3
Terraplanagem;LIMPEZA DE CAMADA VEGETAL;Carga e transporte do material;C3
Terraplanagem;LIMPEZA DE CAMADA VEGETAL;Desmatamento da vegetação;C4
Terraplanagem;LIMPEZA DE CAMADA VEGETAL;Remoção mecânica da camada vegetal (raspagem);C4
Terraplanagem;LIMPEZA DE CAMADA VEGETAL;Amontoamento;C4
Terraplanagem;LIMPEZA DE CAMADA VEGETAL;Carga e transporte do material;C4
Terraplanagem;LIMPEZA DE CAMADA VEGETAL;Desmatamento da vegetação;CANTEIRO INDUSTRIAL
Terraplanagem;LIMPEZA DE CAMADA VEGETAL;Remoção mecânica da camada vegetal (raspagem);CANTEIRO INDUSTRIAL
Terraplanagem;LIMPEZA DE CAMADA VEGETAL;Amontoamento;CANTEIRO INDUSTRIAL
Terraplanagem;LIMPEZA DE CAMADA VEGETAL;Carga e transporte do material;CANTEIRO INDUSTRIAL
Terraplanagem;LIMPEZA DE CAMADA VEGETAL;Desmatamento da vegetação;CONTORNO DE FUNDÃO
Terraplanagem;LIMPEZA DE CAMADA VEGETAL;Remoção mecânica da camada vegetal (raspagem);CONTORNO DE FUNDÃO
Terraplanagem;LIMPEZA DE CAMADA VEGETAL;Amontoamento;CONTORNO DE FUNDÃO
Terraplanagem;LIMPEZA DE CAMADA VEGETAL;Carga e transporte do material;CONTORNO DE FUNDÃO
Terraplanagem;LIMPEZA DE CAMADA VEGETAL;Desmatamento da vegetação;CONTORNO DE IBIRAÇU
Terraplanagem;LIMPEZA DE CAMADA VEGETAL;Remoção mecânica da camada vegetal (raspagem);CONTORNO DE IBIRAÇU
Terraplanagem;LIMPEZA DE CAMADA VEGETAL;Amontoamento;CONTORNO DE IBIRAÇU
Terraplanagem;LIMPEZA DE CAMADA VEGETAL;Carga e transporte do material;CONTORNO DE IBIRAÇU
Terraplanagem;LIMPEZA DE CAMADA VEGETAL;Desmatamento da vegetação;D2
Terraplanagem;LIMPEZA DE CAMADA VEGETAL;Remoção mecânica da camada vegetal (raspagem);D2
Terraplanagem;LIMPEZA DE CAMADA VEGETAL;Amontoamento;D2
Terraplanagem;LIMPEZA DE CAMADA VEGETAL;Carga e transporte do material;D2
Terraplanagem;LIMPEZA DE CAMADA VEGETAL;Desmatamento da vegetação;PARALELO DE IBIRAÇU
Terraplanagem;LIMPEZA DE CAMADA VEGETAL;Remoção mecânica da camada vegetal (raspagem);PARALELO DE IBIRAÇU
Terraplanagem;LIMPEZA DE CAMADA VEGETAL;Amontoamento;PARALELO DE IBIRAÇU
Terraplanagem;LIMPEZA DE CAMADA VEGETAL;Carga e transporte do material;PARALELO DE IBIRAÇU
Terraplanagem;LIMPEZA DE CAMADA VEGETAL;Desmatamento da vegetação;PÁTIO DE VIGAS
Terraplanagem;LIMPEZA DE CAMADA VEGETAL;Remoção mecânica da camada vegetal (raspagem);PÁTIO DE VIGAS
Terraplanagem;LIMPEZA DE CAMADA VEGETAL;Amontoamento;PÁTIO DE VIGAS
Terraplanagem;LIMPEZA DE CAMADA VEGETAL;Carga e transporte do material;PÁTIO DE VIGAS
Terraplanagem;PALIÇADA COM MANTA GEOTÊXTIL;Locação e marcação do alinhamento;C1
Terraplanagem;PALIÇADA COM MANTA GEOTÊXTIL;Cravação das estacas / mourões;C1
Terraplanagem;PALIÇADA COM MANTA GEOTÊXTIL;Fixação do travamento longitudinal;C1
Terraplanagem;PALIÇADA COM MANTA GEOTÊXTIL;Preparo e regularização do talude/superfície;C1
Terraplanagem;PALIÇADA COM MANTA GEOTÊXTIL;Posicionamento e desenrolamento da manta geotêxtil;C1
Terraplanagem;PALIÇADA COM MANTA GEOTÊXTIL;Ancoragem e transpasse da manta;C1
Terraplanagem;PALIÇADA COM MANTA GEOTÊXTIL;Fixação da manta na paliçada;C1
Terraplanagem;PALIÇADA COM MANTA GEOTÊXTIL;Reaterro / preenchimento e acabamento;C1
Terraplanagem;PALIÇADA COM MANTA GEOTÊXTIL;Locação e marcação do alinhamento;C2
Terraplanagem;PALIÇADA COM MANTA GEOTÊXTIL;Cravação das estacas / mourões;C2
Terraplanagem;PALIÇADA COM MANTA GEOTÊXTIL;Fixação do travamento longitudinal;C2
Terraplanagem;PALIÇADA COM MANTA GEOTÊXTIL;Preparo e regularização do talude/superfície;C2
Terraplanagem;PALIÇADA COM MANTA GEOTÊXTIL;Posicionamento e desenrolamento da manta geotêxtil;C2
Terraplanagem;PALIÇADA COM MANTA GEOTÊXTIL;Ancoragem e transpasse da manta;C2
Terraplanagem;PALIÇADA COM MANTA GEOTÊXTIL;Fixação da manta na paliçada;C2
Terraplanagem;PALIÇADA COM MANTA GEOTÊXTIL;Reaterro / preenchimento e acabamento;C2
Terraplanagem;PALIÇADA COM MANTA GEOTÊXTIL;Locação e marcação do alinhamento;C3
Terraplanagem;PALIÇADA COM MANTA GEOTÊXTIL;Cravação das estacas / mourões;C3
Terraplanagem;PALIÇADA COM MANTA GEOTÊXTIL;Fixação do travamento longitudinal;C3
Terraplanagem;PALIÇADA COM MANTA GEOTÊXTIL;Preparo e regularização do talude/superfície;C3
Terraplanagem;PALIÇADA COM MANTA GEOTÊXTIL;Posicionamento e desenrolamento da manta geotêxtil;C3
Terraplanagem;PALIÇADA COM MANTA GEOTÊXTIL;Ancoragem e transpasse da manta;C3
Terraplanagem;PALIÇADA COM MANTA GEOTÊXTIL;Fixação da manta na paliçada;C3
Terraplanagem;PALIÇADA COM MANTA GEOTÊXTIL;Reaterro / preenchimento e acabamento;C3
Terraplanagem;PALIÇADA COM MANTA GEOTÊXTIL;Locação e marcação do alinhamento;C4
Terraplanagem;PALIÇADA COM MANTA GEOTÊXTIL;Cravação das estacas / mourões;C4
Terraplanagem;PALIÇADA COM MANTA GEOTÊXTIL;Fixação do travamento longitudinal;C4
Terraplanagem;PALIÇADA COM MANTA GEOTÊXTIL;Preparo e regularização do talude/superfície;C4
Terraplanagem;PALIÇADA COM MANTA GEOTÊXTIL;Posicionamento e desenrolamento da manta geotêxtil;C4
Terraplanagem;PALIÇADA COM MANTA GEOTÊXTIL;Ancoragem e transpasse da manta;C4
Terraplanagem;PALIÇADA COM MANTA GEOTÊXTIL;Fixação da manta na paliçada;C4
Terraplanagem;PALIÇADA COM MANTA GEOTÊXTIL;Reaterro / preenchimento e acabamento;C4
Terraplanagem;PALIÇADA COM MANTA GEOTÊXTIL;Locação e marcação do alinhamento;CANTEIRO INDUSTRIAL
Terraplanagem;PALIÇADA COM MANTA GEOTÊXTIL;Cravação das estacas / mourões;CANTEIRO INDUSTRIAL
Terraplanagem;PALIÇADA COM MANTA GEOTÊXTIL;Fixação do travamento longitudinal;CANTEIRO INDUSTRIAL
Terraplanagem;PALIÇADA COM MANTA GEOTÊXTIL;Preparo e regularização do talude/superfície;CANTEIRO INDUSTRIAL
Terraplanagem;PALIÇADA COM MANTA GEOTÊXTIL;Posicionamento e desenrolamento da manta geotêxtil;CANTEIRO INDUSTRIAL
Terraplanagem;PALIÇADA COM MANTA GEOTÊXTIL;Ancoragem e transpasse da manta;CANTEIRO INDUSTRIAL
Terraplanagem;PALIÇADA COM MANTA GEOTÊXTIL;Fixação da manta na paliçada;CANTEIRO INDUSTRIAL
Terraplanagem;PALIÇADA COM MANTA GEOTÊXTIL;Reaterro / preenchimento e acabamento;CANTEIRO INDUSTRIAL
Terraplanagem;PALIÇADA COM MANTA GEOTÊXTIL;Locação e marcação do alinhamento;CONTORNO DE FUNDÃO
Terraplanagem;PALIÇADA COM MANTA GEOTÊXTIL;Cravação das estacas / mourões;CONTORNO DE FUNDÃO
Terraplanagem;PALIÇADA COM MANTA GEOTÊXTIL;Fixação do travamento longitudinal;CONTORNO DE FUNDÃO
Terraplanagem;PALIÇADA COM MANTA GEOTÊXTIL;Preparo e regularização do talude/superfície;CONTORNO DE FUNDÃO
Terraplanagem;PALIÇADA COM MANTA GEOTÊXTIL;Posicionamento e desenrolamento da manta geotêxtil;CONTORNO DE FUNDÃO
Terraplanagem;PALIÇADA COM MANTA GEOTÊXTIL;Ancoragem e transpasse da manta;CONTORNO DE FUNDÃO
Terraplanagem;PALIÇADA COM MANTA GEOTÊXTIL;Fixação da manta na paliçada;CONTORNO DE FUNDÃO
Terraplanagem;PALIÇADA COM MANTA GEOTÊXTIL;Reaterro / preenchimento e acabamento;CONTORNO DE FUNDÃO
Terraplanagem;PALIÇADA COM MANTA GEOTÊXTIL;Locação e marcação do alinhamento;CONTORNO DE IBIRAÇU
Terraplanagem;PALIÇADA COM MANTA GEOTÊXTIL;Cravação das estacas / mourões;CONTORNO DE IBIRAÇU
Terraplanagem;PALIÇADA COM MANTA GEOTÊXTIL;Fixação do travamento longitudinal;CONTORNO DE IBIRAÇU
Terraplanagem;PALIÇADA COM MANTA GEOTÊXTIL;Preparo e regularização do talude/superfície;CONTORNO DE IBIRAÇU
Terraplanagem;PALIÇADA COM MANTA GEOTÊXTIL;Posicionamento e desenrolamento da manta geotêxtil;CONTORNO DE IBIRAÇU
Terraplanagem;PALIÇADA COM MANTA GEOTÊXTIL;Ancoragem e transpasse da manta;CONTORNO DE IBIRAÇU
Terraplanagem;PALIÇADA COM MANTA GEOTÊXTIL;Fixação da manta na paliçada;CONTORNO DE IBIRAÇU
Terraplanagem;PALIÇADA COM MANTA GEOTÊXTIL;Reaterro / preenchimento e acabamento;CONTORNO DE IBIRAÇU
Terraplanagem;PALIÇADA COM MANTA GEOTÊXTIL;Locação e marcação do alinhamento;D2
Terraplanagem;PALIÇADA COM MANTA GEOTÊXTIL;Cravação das estacas / mourões;D2
Terraplanagem;PALIÇADA COM MANTA GEOTÊXTIL;Fixação do travamento longitudinal;D2
Terraplanagem;PALIÇADA COM MANTA GEOTÊXTIL;Preparo e regularização do talude/superfície;D2
Terraplanagem;PALIÇADA COM MANTA GEOTÊXTIL;Posicionamento e desenrolamento da manta geotêxtil;D2
Terraplanagem;PALIÇADA COM MANTA GEOTÊXTIL;Ancoragem e transpasse da manta;D2
Terraplanagem;PALIÇADA COM MANTA GEOTÊXTIL;Fixação da manta na paliçada;D2
Terraplanagem;PALIÇADA COM MANTA GEOTÊXTIL;Reaterro / preenchimento e acabamento;D2
Terraplanagem;PALIÇADA COM MANTA GEOTÊXTIL;Locação e marcação do alinhamento;PARALELO DE IBIRAÇU
Terraplanagem;PALIÇADA COM MANTA GEOTÊXTIL;Cravação das estacas / mourões;PARALELO DE IBIRAÇU
Terraplanagem;PALIÇADA COM MANTA GEOTÊXTIL;Fixação do travamento longitudinal;PARALELO DE IBIRAÇU
Terraplanagem;PALIÇADA COM MANTA GEOTÊXTIL;Preparo e regularização do talude/superfície;PARALELO DE IBIRAÇU
Terraplanagem;PALIÇADA COM MANTA GEOTÊXTIL;Posicionamento e desenrolamento da manta geotêxtil;PARALELO DE IBIRAÇU
Terraplanagem;PALIÇADA COM MANTA GEOTÊXTIL;Ancoragem e transpasse da manta;PARALELO DE IBIRAÇU
Terraplanagem;PALIÇADA COM MANTA GEOTÊXTIL;Fixação da manta na paliçada;PARALELO DE IBIRAÇU
Terraplanagem;PALIÇADA COM MANTA GEOTÊXTIL;Reaterro / preenchimento e acabamento;PARALELO DE IBIRAÇU
Terraplanagem;PALIÇADA COM MANTA GEOTÊXTIL;Locação e marcação do alinhamento;PÁTIO DE VIGAS
Terraplanagem;PALIÇADA COM MANTA GEOTÊXTIL;Cravação das estacas / mourões;PÁTIO DE VIGAS
Terraplanagem;PALIÇADA COM MANTA GEOTÊXTIL;Fixação do travamento longitudinal;PÁTIO DE VIGAS
Terraplanagem;PALIÇADA COM MANTA GEOTÊXTIL;Preparo e regularização do talude/superfície;PÁTIO DE VIGAS
Terraplanagem;PALIÇADA COM MANTA GEOTÊXTIL;Posicionamento e desenrolamento da manta geotêxtil;PÁTIO DE VIGAS
Terraplanagem;PALIÇADA COM MANTA GEOTÊXTIL;Ancoragem e transpasse da manta;PÁTIO DE VIGAS
Terraplanagem;PALIÇADA COM MANTA GEOTÊXTIL;Fixação da manta na paliçada;PÁTIO DE VIGAS
Terraplanagem;PALIÇADA COM MANTA GEOTÊXTIL;Reaterro / preenchimento e acabamento;PÁTIO DE VIGAS
Terraplanagem;PEDRISCO;Preparo e regularização da superfície;C1
Terraplanagem;PEDRISCO;Espalhamento do pedrisco;C1
Terraplanagem;PEDRISCO;Regularização e nivelamento;C1
Terraplanagem;PEDRISCO;Compactação;C1
Terraplanagem;PEDRISCO;Acabamento e controle geométrico;C1
Terraplanagem;PEDRISCO;Preparo e regularização da superfície;C2
Terraplanagem;PEDRISCO;Espalhamento do pedrisco;C2
Terraplanagem;PEDRISCO;Regularização e nivelamento;C2
Terraplanagem;PEDRISCO;Compactação;C2
Terraplanagem;PEDRISCO;Acabamento e controle geométrico;C2
Terraplanagem;PEDRISCO;Preparo e regularização da superfície;C3
Terraplanagem;PEDRISCO;Espalhamento do pedrisco;C3
Terraplanagem;PEDRISCO;Regularização e nivelamento;C3
Terraplanagem;PEDRISCO;Compactação;C3
Terraplanagem;PEDRISCO;Acabamento e controle geométrico;C3
Terraplanagem;PEDRISCO;Preparo e regularização da superfície;C4
Terraplanagem;PEDRISCO;Espalhamento do pedrisco;C4
Terraplanagem;PEDRISCO;Regularização e nivelamento;C4
Terraplanagem;PEDRISCO;Compactação;C4
Terraplanagem;PEDRISCO;Acabamento e controle geométrico;C4
Terraplanagem;PEDRISCO;Preparo e regularização da superfície;D2
Terraplanagem;PEDRISCO;Espalhamento do pedrisco;D2
Terraplanagem;PEDRISCO;Regularização e nivelamento;D2
Terraplanagem;PEDRISCO;Compactação;D2
Terraplanagem;PEDRISCO;Acabamento e controle geométrico;D2
Terraplanagem;PEDRISCO;Preparo e regularização da superfície;PARALELO DE IBIRAÇU
Terraplanagem;PEDRISCO;Espalhamento do pedrisco;PARALELO DE IBIRAÇU
Terraplanagem;PEDRISCO;Regularização e nivelamento;PARALELO DE IBIRAÇU
Terraplanagem;PEDRISCO;Compactação;PARALELO DE IBIRAÇU
Terraplanagem;PEDRISCO;Acabamento e controle geométrico;PARALELO DE IBIRAÇU
Terraplanagem;PEDRISCO;Preparo e regularização da superfície;CONTORNO DE FUNDÃO
Terraplanagem;PEDRISCO;Espalhamento do pedrisco;CONTORNO DE FUNDÃO
Terraplanagem;PEDRISCO;Regularização e nivelamento;CONTORNO DE FUNDÃO
Terraplanagem;PEDRISCO;Compactação;CONTORNO DE FUNDÃO
Terraplanagem;PEDRISCO;Acabamento e controle geométrico;CONTORNO DE FUNDÃO
Terraplanagem;PEDRISCO;Preparo e regularização da superfície;CONTORNO DE IBIRAÇU
Terraplanagem;PEDRISCO;Espalhamento do pedrisco;CONTORNO DE IBIRAÇU
Terraplanagem;PEDRISCO;Regularização e nivelamento;CONTORNO DE IBIRAÇU
Terraplanagem;PEDRISCO;Compactação;CONTORNO DE IBIRAÇU
Terraplanagem;PEDRISCO;Acabamento e controle geométrico;CONTORNO DE IBIRAÇU
Terraplanagem;REGULARIZAÇÃO DE BOTA-FORA;Espalhamento do material no bota-fora;C1
Terraplanagem;REGULARIZAÇÃO DE BOTA-FORA;Regularização e conformação do talude;C1
Terraplanagem;REGULARIZAÇÃO DE BOTA-FORA;Compactação mecânica;C1
Terraplanagem;REGULARIZAÇÃO DE BOTA-FORA;Espalhamento do material no bota-fora;C1
Terraplanagem;REGULARIZAÇÃO DE BOTA-FORA;Regularização e conformação do talude;C1
Terraplanagem;REGULARIZAÇÃO DE BOTA-FORA;Compactação mecânica;C1
Terraplanagem;REGULARIZAÇÃO DE BOTA-FORA;Espalhamento do material no bota-fora;C2
Terraplanagem;REGULARIZAÇÃO DE BOTA-FORA;Regularização e conformação do talude;C2
Terraplanagem;REGULARIZAÇÃO DE BOTA-FORA;Compactação mecânica;C2
Terraplanagem;REGULARIZAÇÃO DE BOTA-FORA;Espalhamento do material no bota-fora;C2
Terraplanagem;REGULARIZAÇÃO DE BOTA-FORA;Regularização e conformação do talude;C2
Terraplanagem;REGULARIZAÇÃO DE BOTA-FORA;Compactação mecânica;C2
Terraplanagem;REGULARIZAÇÃO DE BOTA-FORA;Espalhamento do material no bota-fora;C3
Terraplanagem;REGULARIZAÇÃO DE BOTA-FORA;Regularização e conformação do talude;C3
Terraplanagem;REGULARIZAÇÃO DE BOTA-FORA;Compactação mecânica;C3
Terraplanagem;REGULARIZAÇÃO DE BOTA-FORA;Espalhamento do material no bota-fora;C3
Terraplanagem;REGULARIZAÇÃO DE BOTA-FORA;Regularização e conformação do talude;C3
Terraplanagem;REGULARIZAÇÃO DE BOTA-FORA;Compactação mecânica;C3
Terraplanagem;REGULARIZAÇÃO DE BOTA-FORA;Espalhamento do material no bota-fora;C4
Terraplanagem;REGULARIZAÇÃO DE BOTA-FORA;Regularização e conformação do talude;C4
Terraplanagem;REGULARIZAÇÃO DE BOTA-FORA;Compactação mecânica;C4
Terraplanagem;REGULARIZAÇÃO DE BOTA-FORA;Espalhamento do material no bota-fora;C4
Terraplanagem;REGULARIZAÇÃO DE BOTA-FORA;Regularização e conformação do talude;C4
Terraplanagem;REGULARIZAÇÃO DE BOTA-FORA;Compactação mecânica;C4
Terraplanagem;REGULARIZAÇÃO DE BOTA-FORA;Espalhamento do material no bota-fora;CANTEIRO INDUSTRIAL
Terraplanagem;REGULARIZAÇÃO DE BOTA-FORA;Regularização e conformação do talude;CANTEIRO INDUSTRIAL
Terraplanagem;REGULARIZAÇÃO DE BOTA-FORA;Compactação mecânica;CANTEIRO INDUSTRIAL
Terraplanagem;REGULARIZAÇÃO DE BOTA-FORA;Espalhamento do material no bota-fora;CANTEIRO INDUSTRIAL
Terraplanagem;REGULARIZAÇÃO DE BOTA-FORA;Regularização e conformação do talude;CANTEIRO INDUSTRIAL
Terraplanagem;REGULARIZAÇÃO DE BOTA-FORA;Compactação mecânica;CANTEIRO INDUSTRIAL
Terraplanagem;REGULARIZAÇÃO DE BOTA-FORA;Espalhamento do material no bota-fora;CONTORNO DE FUNDÃO
Terraplanagem;REGULARIZAÇÃO DE BOTA-FORA;Regularização e conformação do talude;CONTORNO DE FUNDÃO
Terraplanagem;REGULARIZAÇÃO DE BOTA-FORA;Compactação mecânica;CONTORNO DE FUNDÃO
Terraplanagem;REGULARIZAÇÃO DE BOTA-FORA;Espalhamento do material no bota-fora;CONTORNO DE FUNDÃO
Terraplanagem;REGULARIZAÇÃO DE BOTA-FORA;Regularização e conformação do talude;CONTORNO DE FUNDÃO
Terraplanagem;REGULARIZAÇÃO DE BOTA-FORA;Compactação mecânica;CONTORNO DE FUNDÃO
Terraplanagem;REGULARIZAÇÃO DE BOTA-FORA;Espalhamento do material no bota-fora;CONTORNO DE IBIRAÇU
Terraplanagem;REGULARIZAÇÃO DE BOTA-FORA;Regularização e conformação do talude;CONTORNO DE IBIRAÇU
Terraplanagem;REGULARIZAÇÃO DE BOTA-FORA;Compactação mecânica;CONTORNO DE IBIRAÇU
Terraplanagem;REGULARIZAÇÃO DE BOTA-FORA;Espalhamento do material no bota-fora;CONTORNO DE IBIRAÇU
Terraplanagem;REGULARIZAÇÃO DE BOTA-FORA;Regularização e conformação do talude;CONTORNO DE IBIRAÇU
Terraplanagem;REGULARIZAÇÃO DE BOTA-FORA;Compactação mecânica;CONTORNO DE IBIRAÇU
Terraplanagem;REGULARIZAÇÃO DE BOTA-FORA;Espalhamento do material no bota-fora;D2
Terraplanagem;REGULARIZAÇÃO DE BOTA-FORA;Regularização e conformação do talude;D2
Terraplanagem;REGULARIZAÇÃO DE BOTA-FORA;Compactação mecânica;D2
Terraplanagem;REGULARIZAÇÃO DE BOTA-FORA;Espalhamento do material no bota-fora;D2
Terraplanagem;REGULARIZAÇÃO DE BOTA-FORA;Regularização e conformação do talude;D2
Terraplanagem;REGULARIZAÇÃO DE BOTA-FORA;Compactação mecânica;D2
Terraplanagem;REGULARIZAÇÃO DE BOTA-FORA;Espalhamento do material no bota-fora;PARALELO DE IBIRAÇU
Terraplanagem;REGULARIZAÇÃO DE BOTA-FORA;Regularização e conformação do talude;PARALELO DE IBIRAÇU
Terraplanagem;REGULARIZAÇÃO DE BOTA-FORA;Compactação mecânica;PARALELO DE IBIRAÇU
Terraplanagem;REGULARIZAÇÃO DE BOTA-FORA;Espalhamento do material no bota-fora;PARALELO DE IBIRAÇU
Terraplanagem;REGULARIZAÇÃO DE BOTA-FORA;Regularização e conformação do talude;PARALELO DE IBIRAÇU
Terraplanagem;REGULARIZAÇÃO DE BOTA-FORA;Compactação mecânica;PARALELO DE IBIRAÇU
Terraplanagem;REGULARIZAÇÃO DE BOTA-FORA;Espalhamento do material no bota-fora;PÁTIO DE VIGAS
Terraplanagem;REGULARIZAÇÃO DE BOTA-FORA;Regularização e conformação do talude;PÁTIO DE VIGAS
Terraplanagem;REGULARIZAÇÃO DE BOTA-FORA;Compactação mecânica;PÁTIO DE VIGAS
Terraplanagem;REGULARIZAÇÃO DE BOTA-FORA;Espalhamento do material no bota-fora;PÁTIO DE VIGAS
Terraplanagem;REGULARIZAÇÃO DE BOTA-FORA;Regularização e conformação do talude;PÁTIO DE VIGAS
Terraplanagem;REGULARIZAÇÃO DE BOTA-FORA;Compactação mecânica;PÁTIO DE VIGAS
Terraplanagem;REMOÇÃO DE CERCA;Retirada dos fios de arame;C1
Terraplanagem;REMOÇÃO DE CERCA;Arrancamento dos mourões;C1
Terraplanagem;REMOÇÃO DE CERCA;Carga e transporte do material;C1
Terraplanagem;REMOÇÃO DE CERCA;Limpeza da faixa;C1
Terraplanagem;REMOÇÃO DE CERCA;Retirada dos fios de arame;C2
Terraplanagem;REMOÇÃO DE CERCA;Arrancamento dos mourões;C2
Terraplanagem;REMOÇÃO DE CERCA;Carga e transporte do material;C2
Terraplanagem;REMOÇÃO DE CERCA;Limpeza da faixa;C2
Terraplanagem;REMOÇÃO DE CERCA;Retirada dos fios de arame;C3
Terraplanagem;REMOÇÃO DE CERCA;Arrancamento dos mourões;C3
Terraplanagem;REMOÇÃO DE CERCA;Carga e transporte do material;C3
Terraplanagem;REMOÇÃO DE CERCA;Limpeza da faixa;C3
Terraplanagem;REMOÇÃO DE CERCA;Retirada dos fios de arame;C4
Terraplanagem;REMOÇÃO DE CERCA;Arrancamento dos mourões;C4
Terraplanagem;REMOÇÃO DE CERCA;Carga e transporte do material;C4
Terraplanagem;REMOÇÃO DE CERCA;Limpeza da faixa;C4
Terraplanagem;REMOÇÃO DE CERCA;Retirada dos fios de arame;CANTEIRO INDUSTRIAL
Terraplanagem;REMOÇÃO DE CERCA;Arrancamento dos mourões;CANTEIRO INDUSTRIAL
Terraplanagem;REMOÇÃO DE CERCA;Carga e transporte do material;CANTEIRO INDUSTRIAL
Terraplanagem;REMOÇÃO DE CERCA;Limpeza da faixa;CANTEIRO INDUSTRIAL
Terraplanagem;REMOÇÃO DE CERCA;Retirada dos fios de arame;CONTORNO DE FUNDÃO
Terraplanagem;REMOÇÃO DE CERCA;Arrancamento dos mourões;CONTORNO DE FUNDÃO
Terraplanagem;REMOÇÃO DE CERCA;Carga e transporte do material;CONTORNO DE FUNDÃO
Terraplanagem;REMOÇÃO DE CERCA;Limpeza da faixa;CONTORNO DE FUNDÃO
Terraplanagem;REMOÇÃO DE CERCA;Retirada dos fios de arame;CONTORNO DE IBIRAÇU
Terraplanagem;REMOÇÃO DE CERCA;Arrancamento dos mourões;CONTORNO DE IBIRAÇU
Terraplanagem;REMOÇÃO DE CERCA;Carga e transporte do material;CONTORNO DE IBIRAÇU
Terraplanagem;REMOÇÃO DE CERCA;Limpeza da faixa;CONTORNO DE IBIRAÇU
Terraplanagem;REMOÇÃO DE CERCA;Retirada dos fios de arame;D2
Terraplanagem;REMOÇÃO DE CERCA;Arrancamento dos mourões;D2
Terraplanagem;REMOÇÃO DE CERCA;Carga e transporte do material;D2
Terraplanagem;REMOÇÃO DE CERCA;Limpeza da faixa;D2
Terraplanagem;REMOÇÃO DE CERCA;Retirada dos fios de arame;PARALELO DE IBIRAÇU
Terraplanagem;REMOÇÃO DE CERCA;Arrancamento dos mourões;PARALELO DE IBIRAÇU
Terraplanagem;REMOÇÃO DE CERCA;Carga e transporte do material;PARALELO DE IBIRAÇU
Terraplanagem;REMOÇÃO DE CERCA;Limpeza da faixa;PARALELO DE IBIRAÇU
Terraplanagem;REMOÇÃO DE CERCA;Retirada dos fios de arame;PÁTIO DE VIGAS
Terraplanagem;REMOÇÃO DE CERCA;Arrancamento dos mourões;PÁTIO DE VIGAS
Terraplanagem;REMOÇÃO DE CERCA;Carga e transporte do material;PÁTIO DE VIGAS
Terraplanagem;REMOÇÃO DE CERCA;Limpeza da faixa;PÁTIO DE VIGAS
Terraplanagem;REMOÇÃO DE TUBOS DE CONCRETO;Escavação para exposição do tubo;C1
Terraplanagem;REMOÇÃO DE TUBOS DE CONCRETO;Remoção / quebra dos tubos de concreto;C1
Terraplanagem;REMOÇÃO DE TUBOS DE CONCRETO;Carga do material removido;C1
Terraplanagem;REMOÇÃO DE TUBOS DE CONCRETO;Transporte a bota-fora;C1
Terraplanagem;REMOÇÃO DE TUBOS DE CONCRETO;Regularização da vala remanescente;C1
Terraplanagem;REMOÇÃO DE TUBOS DE CONCRETO;Escavação para exposição do tubo;C2
Terraplanagem;REMOÇÃO DE TUBOS DE CONCRETO;Remoção / quebra dos tubos de concreto;C2
Terraplanagem;REMOÇÃO DE TUBOS DE CONCRETO;Carga do material removido;C2
Terraplanagem;REMOÇÃO DE TUBOS DE CONCRETO;Transporte a bota-fora;C2
Terraplanagem;REMOÇÃO DE TUBOS DE CONCRETO;Regularização da vala remanescente;C2
Terraplanagem;REMOÇÃO DE TUBOS DE CONCRETO;Escavação para exposição do tubo;C3
Terraplanagem;REMOÇÃO DE TUBOS DE CONCRETO;Remoção / quebra dos tubos de concreto;C3
Terraplanagem;REMOÇÃO DE TUBOS DE CONCRETO;Carga do material removido;C3
Terraplanagem;REMOÇÃO DE TUBOS DE CONCRETO;Transporte a bota-fora;C3
Terraplanagem;REMOÇÃO DE TUBOS DE CONCRETO;Regularização da vala remanescente;C3
Terraplanagem;REMOÇÃO DE TUBOS DE CONCRETO;Escavação para exposição do tubo;C4
Terraplanagem;REMOÇÃO DE TUBOS DE CONCRETO;Remoção / quebra dos tubos de concreto;C4
Terraplanagem;REMOÇÃO DE TUBOS DE CONCRETO;Carga do material removido;C4
Terraplanagem;REMOÇÃO DE TUBOS DE CONCRETO;Transporte a bota-fora;C4
Terraplanagem;REMOÇÃO DE TUBOS DE CONCRETO;Regularização da vala remanescente;C4
Terraplanagem;REMOÇÃO DE TUBOS DE CONCRETO;Escavação para exposição do tubo;CANTEIRO INDUSTRIAL
Terraplanagem;REMOÇÃO DE TUBOS DE CONCRETO;Remoção / quebra dos tubos de concreto;CANTEIRO INDUSTRIAL
Terraplanagem;REMOÇÃO DE TUBOS DE CONCRETO;Carga do material removido;CANTEIRO INDUSTRIAL
Terraplanagem;REMOÇÃO DE TUBOS DE CONCRETO;Transporte a bota-fora;CANTEIRO INDUSTRIAL
Terraplanagem;REMOÇÃO DE TUBOS DE CONCRETO;Regularização da vala remanescente;CANTEIRO INDUSTRIAL
Terraplanagem;REMOÇÃO DE TUBOS DE CONCRETO;Escavação para exposição do tubo;CONTORNO DE FUNDÃO
Terraplanagem;REMOÇÃO DE TUBOS DE CONCRETO;Remoção / quebra dos tubos de concreto;CONTORNO DE FUNDÃO
Terraplanagem;REMOÇÃO DE TUBOS DE CONCRETO;Carga do material removido;CONTORNO DE FUNDÃO
Terraplanagem;REMOÇÃO DE TUBOS DE CONCRETO;Transporte a bota-fora;CONTORNO DE FUNDÃO
Terraplanagem;REMOÇÃO DE TUBOS DE CONCRETO;Regularização da vala remanescente;CONTORNO DE FUNDÃO
Terraplanagem;REMOÇÃO DE TUBOS DE CONCRETO;Escavação para exposição do tubo;CONTORNO DE IBIRAÇU
Terraplanagem;REMOÇÃO DE TUBOS DE CONCRETO;Remoção / quebra dos tubos de concreto;CONTORNO DE IBIRAÇU
Terraplanagem;REMOÇÃO DE TUBOS DE CONCRETO;Carga do material removido;CONTORNO DE IBIRAÇU
Terraplanagem;REMOÇÃO DE TUBOS DE CONCRETO;Transporte a bota-fora;CONTORNO DE IBIRAÇU
Terraplanagem;REMOÇÃO DE TUBOS DE CONCRETO;Regularização da vala remanescente;CONTORNO DE IBIRAÇU
Terraplanagem;REMOÇÃO DE TUBOS DE CONCRETO;Escavação para exposição do tubo;D2
Terraplanagem;REMOÇÃO DE TUBOS DE CONCRETO;Remoção / quebra dos tubos de concreto;D2
Terraplanagem;REMOÇÃO DE TUBOS DE CONCRETO;Carga do material removido;D2
Terraplanagem;REMOÇÃO DE TUBOS DE CONCRETO;Transporte a bota-fora;D2
Terraplanagem;REMOÇÃO DE TUBOS DE CONCRETO;Regularização da vala remanescente;D2
Terraplanagem;REMOÇÃO DE TUBOS DE CONCRETO;Escavação para exposição do tubo;PARALELO DE IBIRAÇU
Terraplanagem;REMOÇÃO DE TUBOS DE CONCRETO;Remoção / quebra dos tubos de concreto;PARALELO DE IBIRAÇU
Terraplanagem;REMOÇÃO DE TUBOS DE CONCRETO;Carga do material removido;PARALELO DE IBIRAÇU
Terraplanagem;REMOÇÃO DE TUBOS DE CONCRETO;Transporte a bota-fora;PARALELO DE IBIRAÇU
Terraplanagem;REMOÇÃO DE TUBOS DE CONCRETO;Regularização da vala remanescente;PARALELO DE IBIRAÇU
Terraplanagem;REMOÇÃO DE TUBOS DE CONCRETO;Escavação para exposição do tubo;PÁTIO DE VIGAS
Terraplanagem;REMOÇÃO DE TUBOS DE CONCRETO;Remoção / quebra dos tubos de concreto;PÁTIO DE VIGAS
Terraplanagem;REMOÇÃO DE TUBOS DE CONCRETO;Carga do material removido;PÁTIO DE VIGAS
Terraplanagem;REMOÇÃO DE TUBOS DE CONCRETO;Transporte a bota-fora;PÁTIO DE VIGAS
Terraplanagem;REMOÇÃO DE TUBOS DE CONCRETO;Regularização da vala remanescente;PÁTIO DE VIGAS
Terraplanagem;RETIRADA DE METERIAL SATURADO;Carga em caminhão;C1
Terraplanagem;RETIRADA DE METERIAL SATURADO;Descarga / espalhamento no destino;C1
Terraplanagem;RETIRADA DE METERIAL SATURADO;Transporte (DMT);C1
Terraplanagem;RETIRADA DE METERIAL SATURADO;Carga em caminhão;C2
Terraplanagem;RETIRADA DE METERIAL SATURADO;Descarga / espalhamento no destino;C2
Terraplanagem;RETIRADA DE METERIAL SATURADO;Transporte (DMT);C2
Terraplanagem;RETIRADA DE METERIAL SATURADO;Carga em caminhão;C3
Terraplanagem;RETIRADA DE METERIAL SATURADO;Descarga / espalhamento no destino;C3
Terraplanagem;RETIRADA DE METERIAL SATURADO;Transporte (DMT);C3
Terraplanagem;RETIRADA DE METERIAL SATURADO;Carga em caminhão;C4
Terraplanagem;RETIRADA DE METERIAL SATURADO;Descarga / espalhamento no destino;C4
Terraplanagem;RETIRADA DE METERIAL SATURADO;Transporte (DMT);C4
Terraplanagem;RETIRADA DE METERIAL SATURADO;Carga em caminhão;CANTEIRO INDUSTRIAL
Terraplanagem;RETIRADA DE METERIAL SATURADO;Descarga / espalhamento no destino;CANTEIRO INDUSTRIAL
Terraplanagem;RETIRADA DE METERIAL SATURADO;Transporte (DMT);CANTEIRO INDUSTRIAL
Terraplanagem;RETIRADA DE METERIAL SATURADO;Carga em caminhão;CONTORNO DE FUNDÃO
Terraplanagem;RETIRADA DE METERIAL SATURADO;Descarga / espalhamento no destino;CONTORNO DE FUNDÃO
Terraplanagem;RETIRADA DE METERIAL SATURADO;Transporte (DMT);CONTORNO DE FUNDÃO
Terraplanagem;RETIRADA DE METERIAL SATURADO;Carga em caminhão;CONTORNO DE IBIRAÇU
Terraplanagem;RETIRADA DE METERIAL SATURADO;Descarga / espalhamento no destino;CONTORNO DE IBIRAÇU
Terraplanagem;RETIRADA DE METERIAL SATURADO;Transporte (DMT);CONTORNO DE IBIRAÇU
Terraplanagem;RETIRADA DE METERIAL SATURADO;Carga em caminhão;D2
Terraplanagem;RETIRADA DE METERIAL SATURADO;Descarga / espalhamento no destino;D2
Terraplanagem;RETIRADA DE METERIAL SATURADO;Transporte (DMT);D2
Terraplanagem;RETIRADA DE METERIAL SATURADO;Carga em caminhão;PARALELO DE IBIRAÇU
Terraplanagem;RETIRADA DE METERIAL SATURADO;Carga em caminhão;PARALELO DE IBIRAÇU
Terraplanagem;RETIRADA DE METERIAL SATURADO;Descarga / espalhamento no destino;PARALELO DE IBIRAÇU
Terraplanagem;RETIRADA DE METERIAL SATURADO;Transporte (DMT);PARALELO DE IBIRAÇU
Terraplanagem;RETIRADA DE METERIAL SATURADO;Carga em caminhão;PÁTIO DE VIGAS
Terraplanagem;RETIRADA DE METERIAL SATURADO;Descarga / espalhamento no destino;PÁTIO DE VIGAS
Terraplanagem;RETIRADA DE METERIAL SATURADO;Transporte (DMT);PÁTIO DE VIGAS
Drenagem;BUEIRO TUBULAR;Execução do berço / lastro de brita;C1
Drenagem;BUEIRO TUBULAR;Execução do berço / lastro de brita;C2
Drenagem;BUEIRO TUBULAR;Execução do berço / lastro de brita;C3
Drenagem;BUEIRO TUBULAR;Execução do berço / lastro de brita;C4
Drenagem;BUEIRO TUBULAR;Execução do berço / lastro de brita;CANTEIRO INDUSTRIAL
Drenagem;BUEIRO TUBULAR;Execução do berço / lastro de brita;CONTORNO DE FUNDÃO
Drenagem;BUEIRO TUBULAR;Execução do berço / lastro de brita;CONTORNO DE IBIRAÇU
Drenagem;BUEIRO TUBULAR;Execução do berço / lastro de brita;D2
Drenagem;BUEIRO TUBULAR;Execução do berço / lastro de brita;PARALELO DE IBIRAÇU
Drenagem;BUEIRO TUBULAR;Execução do berço / lastro de brita;PÁTIO DE VIGAS
Drenagem;REMANEJAMENTO DE REDE DE ÁGUA;Localização e marcação da rede existente;C1
Drenagem;REMANEJAMENTO DE REDE DE ÁGUA;Desativação / fechamento e esgotamento do trecho;C1
Drenagem;REMANEJAMENTO DE REDE DE ÁGUA;Escavação / exposição da tubulação;C1
Drenagem;REMANEJAMENTO DE REDE DE ÁGUA;Corte e desconexão das juntas;C1
Drenagem;REMANEJAMENTO DE REDE DE ÁGUA;Içamento e retirada dos tubos;C1
Drenagem;REMANEJAMENTO DE REDE DE ÁGUA;Carga e transporte do material retirado;C1
Drenagem;REMANEJAMENTO DE REDE DE ÁGUA;Reaterro e compactação da vala;C1
Drenagem;REMANEJAMENTO DE REDE DE ÁGUA;Localização e marcação da rede existente;C2
Drenagem;REMANEJAMENTO DE REDE DE ÁGUA;Desativação / fechamento e esgotamento do trecho;C2
Drenagem;REMANEJAMENTO DE REDE DE ÁGUA;Escavação / exposição da tubulação;C2
Drenagem;REMANEJAMENTO DE REDE DE ÁGUA;Corte e desconexão das juntas;C2
Drenagem;REMANEJAMENTO DE REDE DE ÁGUA;Içamento e retirada dos tubos;C2
Drenagem;REMANEJAMENTO DE REDE DE ÁGUA;Carga e transporte do material retirado;C2
Drenagem;REMANEJAMENTO DE REDE DE ÁGUA;Reaterro e compactação da vala;C2
Drenagem;REMANEJAMENTO DE REDE DE ÁGUA;Localização e marcação da rede existente;C3
Drenagem;REMANEJAMENTO DE REDE DE ÁGUA;Desativação / fechamento e esgotamento do trecho;C3
Drenagem;REMANEJAMENTO DE REDE DE ÁGUA;Escavação / exposição da tubulação;C3
Drenagem;REMANEJAMENTO DE REDE DE ÁGUA;Corte e desconexão das juntas;C3
Drenagem;REMANEJAMENTO DE REDE DE ÁGUA;Içamento e retirada dos tubos;C3
Drenagem;REMANEJAMENTO DE REDE DE ÁGUA;Carga e transporte do material retirado;C3
Drenagem;REMANEJAMENTO DE REDE DE ÁGUA;Reaterro e compactação da vala;C3
Drenagem;REMANEJAMENTO DE REDE DE ÁGUA;Localização e marcação da rede existente;C4
Drenagem;REMANEJAMENTO DE REDE DE ÁGUA;Desativação / fechamento e esgotamento do trecho;C4
Drenagem;REMANEJAMENTO DE REDE DE ÁGUA;Escavação / exposição da tubulação;C4
Drenagem;REMANEJAMENTO DE REDE DE ÁGUA;Corte e desconexão das juntas;C4
Drenagem;REMANEJAMENTO DE REDE DE ÁGUA;Içamento e retirada dos tubos;C4
Drenagem;REMANEJAMENTO DE REDE DE ÁGUA;Carga e transporte do material retirado;C4
Drenagem;REMANEJAMENTO DE REDE DE ÁGUA;Reaterro e compactação da vala;C4
Drenagem;REMANEJAMENTO DE REDE DE ÁGUA;Localização e marcação da rede existente;CONTORNO DE FUNDÃO
Drenagem;REMANEJAMENTO DE REDE DE ÁGUA;Desativação / fechamento e esgotamento do trecho;CONTORNO DE FUNDÃO
Drenagem;REMANEJAMENTO DE REDE DE ÁGUA;Escavação / exposição da tubulação;CONTORNO DE FUNDÃO
Drenagem;REMANEJAMENTO DE REDE DE ÁGUA;Corte e desconexão das juntas;CONTORNO DE FUNDÃO
Drenagem;REMANEJAMENTO DE REDE DE ÁGUA;Içamento e retirada dos tubos;CONTORNO DE FUNDÃO
Drenagem;REMANEJAMENTO DE REDE DE ÁGUA;Carga e transporte do material retirado;CONTORNO DE FUNDÃO
Drenagem;REMANEJAMENTO DE REDE DE ÁGUA;Reaterro e compactação da vala;CONTORNO DE FUNDÃO
Drenagem;REMANEJAMENTO DE REDE DE ÁGUA;Localização e marcação da rede existente;CONTORNO DE IBIRAÇU
Drenagem;REMANEJAMENTO DE REDE DE ÁGUA;Desativação / fechamento e esgotamento do trecho;CONTORNO DE IBIRAÇU
Drenagem;REMANEJAMENTO DE REDE DE ÁGUA;Escavação / exposição da tubulação;CONTORNO DE IBIRAÇU
Drenagem;REMANEJAMENTO DE REDE DE ÁGUA;Corte e desconexão das juntas;CONTORNO DE IBIRAÇU
Drenagem;REMANEJAMENTO DE REDE DE ÁGUA;Içamento e retirada dos tubos;CONTORNO DE IBIRAÇU
Drenagem;REMANEJAMENTO DE REDE DE ÁGUA;Carga e transporte do material retirado;CONTORNO DE IBIRAÇU
Drenagem;REMANEJAMENTO DE REDE DE ÁGUA;Reaterro e compactação da vala;CONTORNO DE IBIRAÇU
Drenagem;REMANEJAMENTO DE REDE DE ÁGUA;Localização e marcação da rede existente;D2
Drenagem;REMANEJAMENTO DE REDE DE ÁGUA;Desativação / fechamento e esgotamento do trecho;D2
Drenagem;REMANEJAMENTO DE REDE DE ÁGUA;Escavação / exposição da tubulação;D2
Drenagem;REMANEJAMENTO DE REDE DE ÁGUA;Corte e desconexão das juntas;D2
Drenagem;REMANEJAMENTO DE REDE DE ÁGUA;Içamento e retirada dos tubos;D2
Drenagem;REMANEJAMENTO DE REDE DE ÁGUA;Carga e transporte do material retirado;D2
Drenagem;REMANEJAMENTO DE REDE DE ÁGUA;Reaterro e compactação da vala;D2
Civil;LIMPEZA E ORGANIZAÇÃO DE FRENTE DE SERVIÇO;Recolhimento de ferramentas e equipamentos;C1
Civil;LIMPEZA E ORGANIZAÇÃO DE FRENTE DE SERVIÇO;Recolhimento de sobras de material;C1
Civil;LIMPEZA E ORGANIZAÇÃO DE FRENTE DE SERVIÇO;Coleta e segregação de resíduos (entulho / lixo);C1
Civil;LIMPEZA E ORGANIZAÇÃO DE FRENTE DE SERVIÇO;Carga e transporte dos resíduos;C1
Civil;LIMPEZA E ORGANIZAÇÃO DE FRENTE DE SERVIÇO;Organização e estocagem de materiais;C1
Civil;LIMPEZA E ORGANIZAÇÃO DE FRENTE DE SERVIÇO;Conferência final e liberação da área;C1
Drenagem;LIMPEZA E ORGANIZAÇÃO DE FRENTE DE SERVIÇO;Recolhimento de ferramentas e equipamentos;C1
Drenagem;LIMPEZA E ORGANIZAÇÃO DE FRENTE DE SERVIÇO;Recolhimento de sobras de material;C1
Drenagem;LIMPEZA E ORGANIZAÇÃO DE FRENTE DE SERVIÇO;Coleta e segregação de resíduos (entulho / lixo);C1
Drenagem;LIMPEZA E ORGANIZAÇÃO DE FRENTE DE SERVIÇO;Carga e transporte dos resíduos;C1
Drenagem;LIMPEZA E ORGANIZAÇÃO DE FRENTE DE SERVIÇO;Organização e estocagem de materiais;C1
Drenagem;LIMPEZA E ORGANIZAÇÃO DE FRENTE DE SERVIÇO;Conferência final e liberação da área;C1
Terraplanagem;LIMPEZA E ORGANIZAÇÃO DE FRENTE DE SERVIÇO;Recolhimento de ferramentas e equipamentos;C1
Terraplanagem;LIMPEZA E ORGANIZAÇÃO DE FRENTE DE SERVIÇO;Recolhimento de sobras de material;C1
Terraplanagem;LIMPEZA E ORGANIZAÇÃO DE FRENTE DE SERVIÇO;Coleta e segregação de resíduos (entulho / lixo);C1
Terraplanagem;LIMPEZA E ORGANIZAÇÃO DE FRENTE DE SERVIÇO;Carga e transporte dos resíduos;C1
Terraplanagem;LIMPEZA E ORGANIZAÇÃO DE FRENTE DE SERVIÇO;Organização e estocagem de materiais;C1
Terraplanagem;LIMPEZA E ORGANIZAÇÃO DE FRENTE DE SERVIÇO;Conferência final e liberação da área;C1
Pavimentação;LIMPEZA E ORGANIZAÇÃO DE FRENTE DE SERVIÇO;Recolhimento de ferramentas e equipamentos;C1
Pavimentação;LIMPEZA E ORGANIZAÇÃO DE FRENTE DE SERVIÇO;Recolhimento de sobras de material;C1
Pavimentação;LIMPEZA E ORGANIZAÇÃO DE FRENTE DE SERVIÇO;Coleta e segregação de resíduos (entulho / lixo);C1
Pavimentação;LIMPEZA E ORGANIZAÇÃO DE FRENTE DE SERVIÇO;Carga e transporte dos resíduos;C1
Pavimentação;LIMPEZA E ORGANIZAÇÃO DE FRENTE DE SERVIÇO;Organização e estocagem de materiais;C1
Pavimentação;LIMPEZA E ORGANIZAÇÃO DE FRENTE DE SERVIÇO;Conferência final e liberação da área;C1
Civil;LIMPEZA E ORGANIZAÇÃO DE FRENTE DE SERVIÇO;Recolhimento de ferramentas e equipamentos;C2
Civil;LIMPEZA E ORGANIZAÇÃO DE FRENTE DE SERVIÇO;Recolhimento de sobras de material;C2
Civil;LIMPEZA E ORGANIZAÇÃO DE FRENTE DE SERVIÇO;Coleta e segregação de resíduos (entulho / lixo);C2
Civil;LIMPEZA E ORGANIZAÇÃO DE FRENTE DE SERVIÇO;Carga e transporte dos resíduos;C2
Civil;LIMPEZA E ORGANIZAÇÃO DE FRENTE DE SERVIÇO;Organização e estocagem de materiais;C2
Civil;LIMPEZA E ORGANIZAÇÃO DE FRENTE DE SERVIÇO;Conferência final e liberação da área;C2
Drenagem;LIMPEZA E ORGANIZAÇÃO DE FRENTE DE SERVIÇO;Recolhimento de ferramentas e equipamentos;C2
Drenagem;LIMPEZA E ORGANIZAÇÃO DE FRENTE DE SERVIÇO;Recolhimento de sobras de material;C2
Drenagem;LIMPEZA E ORGANIZAÇÃO DE FRENTE DE SERVIÇO;Coleta e segregação de resíduos (entulho / lixo);C2
Drenagem;LIMPEZA E ORGANIZAÇÃO DE FRENTE DE SERVIÇO;Carga e transporte dos resíduos;C2
Drenagem;LIMPEZA E ORGANIZAÇÃO DE FRENTE DE SERVIÇO;Organização e estocagem de materiais;C2
Drenagem;LIMPEZA E ORGANIZAÇÃO DE FRENTE DE SERVIÇO;Conferência final e liberação da área;C2
Terraplanagem;LIMPEZA E ORGANIZAÇÃO DE FRENTE DE SERVIÇO;Recolhimento de ferramentas e equipamentos;C2
Terraplanagem;LIMPEZA E ORGANIZAÇÃO DE FRENTE DE SERVIÇO;Recolhimento de sobras de material;C2
Terraplanagem;LIMPEZA E ORGANIZAÇÃO DE FRENTE DE SERVIÇO;Coleta e segregação de resíduos (entulho / lixo);C2
Terraplanagem;LIMPEZA E ORGANIZAÇÃO DE FRENTE DE SERVIÇO;Carga e transporte dos resíduos;C2
Terraplanagem;LIMPEZA E ORGANIZAÇÃO DE FRENTE DE SERVIÇO;Organização e estocagem de materiais;C2
Terraplanagem;LIMPEZA E ORGANIZAÇÃO DE FRENTE DE SERVIÇO;Conferência final e liberação da área;C2
Pavimentação;LIMPEZA E ORGANIZAÇÃO DE FRENTE DE SERVIÇO;Recolhimento de ferramentas e equipamentos;C2
Pavimentação;LIMPEZA E ORGANIZAÇÃO DE FRENTE DE SERVIÇO;Recolhimento de sobras de material;C2
Pavimentação;LIMPEZA E ORGANIZAÇÃO DE FRENTE DE SERVIÇO;Coleta e segregação de resíduos (entulho / lixo);C2
Pavimentação;LIMPEZA E ORGANIZAÇÃO DE FRENTE DE SERVIÇO;Carga e transporte dos resíduos;C2
Pavimentação;LIMPEZA E ORGANIZAÇÃO DE FRENTE DE SERVIÇO;Organização e estocagem de materiais;C2
Pavimentação;LIMPEZA E ORGANIZAÇÃO DE FRENTE DE SERVIÇO;Conferência final e liberação da área;C2
Civil;LIMPEZA E ORGANIZAÇÃO DE FRENTE DE SERVIÇO;Recolhimento de ferramentas e equipamentos;C3
Civil;LIMPEZA E ORGANIZAÇÃO DE FRENTE DE SERVIÇO;Recolhimento de sobras de material;C3
Civil;LIMPEZA E ORGANIZAÇÃO DE FRENTE DE SERVIÇO;Coleta e segregação de resíduos (entulho / lixo);C3
Civil;LIMPEZA E ORGANIZAÇÃO DE FRENTE DE SERVIÇO;Carga e transporte dos resíduos;C3
Civil;LIMPEZA E ORGANIZAÇÃO DE FRENTE DE SERVIÇO;Organização e estocagem de materiais;C3
Civil;LIMPEZA E ORGANIZAÇÃO DE FRENTE DE SERVIÇO;Conferência final e liberação da área;C3
Drenagem;LIMPEZA E ORGANIZAÇÃO DE FRENTE DE SERVIÇO;Recolhimento de ferramentas e equipamentos;C3
Drenagem;LIMPEZA E ORGANIZAÇÃO DE FRENTE DE SERVIÇO;Recolhimento de sobras de material;C3
Drenagem;LIMPEZA E ORGANIZAÇÃO DE FRENTE DE SERVIÇO;Coleta e segregação de resíduos (entulho / lixo);C3
Drenagem;LIMPEZA E ORGANIZAÇÃO DE FRENTE DE SERVIÇO;Carga e transporte dos resíduos;C3
Drenagem;LIMPEZA E ORGANIZAÇÃO DE FRENTE DE SERVIÇO;Organização e estocagem de materiais;C3
Drenagem;LIMPEZA E ORGANIZAÇÃO DE FRENTE DE SERVIÇO;Conferência final e liberação da área;C3
Terraplanagem;LIMPEZA E ORGANIZAÇÃO DE FRENTE DE SERVIÇO;Recolhimento de ferramentas e equipamentos;C3
Terraplanagem;LIMPEZA E ORGANIZAÇÃO DE FRENTE DE SERVIÇO;Recolhimento de sobras de material;C3
Terraplanagem;LIMPEZA E ORGANIZAÇÃO DE FRENTE DE SERVIÇO;Coleta e segregação de resíduos (entulho / lixo);C3
Terraplanagem;LIMPEZA E ORGANIZAÇÃO DE FRENTE DE SERVIÇO;Carga e transporte dos resíduos;C3
Terraplanagem;LIMPEZA E ORGANIZAÇÃO DE FRENTE DE SERVIÇO;Organização e estocagem de materiais;C3
Terraplanagem;LIMPEZA E ORGANIZAÇÃO DE FRENTE DE SERVIÇO;Conferência final e liberação da área;C3
Pavimentação;LIMPEZA E ORGANIZAÇÃO DE FRENTE DE SERVIÇO;Recolhimento de ferramentas e equipamentos;C3
Pavimentação;LIMPEZA E ORGANIZAÇÃO DE FRENTE DE SERVIÇO;Recolhimento de sobras de material;C3
Pavimentação;LIMPEZA E ORGANIZAÇÃO DE FRENTE DE SERVIÇO;Coleta e segregação de resíduos (entulho / lixo);C3
Pavimentação;LIMPEZA E ORGANIZAÇÃO DE FRENTE DE SERVIÇO;Carga e transporte dos resíduos;C3
Pavimentação;LIMPEZA E ORGANIZAÇÃO DE FRENTE DE SERVIÇO;Organização e estocagem de materiais;C3
Pavimentação;LIMPEZA E ORGANIZAÇÃO DE FRENTE DE SERVIÇO;Conferência final e liberação da área;C3
Civil;LIMPEZA E ORGANIZAÇÃO DE FRENTE DE SERVIÇO;Recolhimento de ferramentas e equipamentos;C4
Civil;LIMPEZA E ORGANIZAÇÃO DE FRENTE DE SERVIÇO;Recolhimento de sobras de material;C4
Civil;LIMPEZA E ORGANIZAÇÃO DE FRENTE DE SERVIÇO;Coleta e segregação de resíduos (entulho / lixo);C4
Civil;LIMPEZA E ORGANIZAÇÃO DE FRENTE DE SERVIÇO;Carga e transporte dos resíduos;C4
Civil;LIMPEZA E ORGANIZAÇÃO DE FRENTE DE SERVIÇO;Organização e estocagem de materiais;C4
Civil;LIMPEZA E ORGANIZAÇÃO DE FRENTE DE SERVIÇO;Conferência final e liberação da área;C4
Drenagem;LIMPEZA E ORGANIZAÇÃO DE FRENTE DE SERVIÇO;Recolhimento de ferramentas e equipamentos;C4
Drenagem;LIMPEZA E ORGANIZAÇÃO DE FRENTE DE SERVIÇO;Recolhimento de sobras de material;C4
Drenagem;LIMPEZA E ORGANIZAÇÃO DE FRENTE DE SERVIÇO;Coleta e segregação de resíduos (entulho / lixo);C4
Drenagem;LIMPEZA E ORGANIZAÇÃO DE FRENTE DE SERVIÇO;Carga e transporte dos resíduos;C4
Drenagem;LIMPEZA E ORGANIZAÇÃO DE FRENTE DE SERVIÇO;Organização e estocagem de materiais;C4
Drenagem;LIMPEZA E ORGANIZAÇÃO DE FRENTE DE SERVIÇO;Conferência final e liberação da área;C4
Terraplanagem;LIMPEZA E ORGANIZAÇÃO DE FRENTE DE SERVIÇO;Recolhimento de ferramentas e equipamentos;C4
Terraplanagem;LIMPEZA E ORGANIZAÇÃO DE FRENTE DE SERVIÇO;Recolhimento de sobras de material;C4
Terraplanagem;LIMPEZA E ORGANIZAÇÃO DE FRENTE DE SERVIÇO;Coleta e segregação de resíduos (entulho / lixo);C4
Terraplanagem;LIMPEZA E ORGANIZAÇÃO DE FRENTE DE SERVIÇO;Carga e transporte dos resíduos;C4
Terraplanagem;LIMPEZA E ORGANIZAÇÃO DE FRENTE DE SERVIÇO;Organização e estocagem de materiais;C4
Terraplanagem;LIMPEZA E ORGANIZAÇÃO DE FRENTE DE SERVIÇO;Conferência final e liberação da área;C4
Pavimentação;LIMPEZA E ORGANIZAÇÃO DE FRENTE DE SERVIÇO;Recolhimento de ferramentas e equipamentos;C4
Pavimentação;LIMPEZA E ORGANIZAÇÃO DE FRENTE DE SERVIÇO;Recolhimento de sobras de material;C4
Pavimentação;LIMPEZA E ORGANIZAÇÃO DE FRENTE DE SERVIÇO;Coleta e segregação de resíduos (entulho / lixo);C4
Pavimentação;LIMPEZA E ORGANIZAÇÃO DE FRENTE DE SERVIÇO;Carga e transporte dos resíduos;C4
Pavimentação;LIMPEZA E ORGANIZAÇÃO DE FRENTE DE SERVIÇO;Organização e estocagem de materiais;C4
Pavimentação;LIMPEZA E ORGANIZAÇÃO DE FRENTE DE SERVIÇO;Conferência final e liberação da área;C4
Civil;LIMPEZA E ORGANIZAÇÃO DE FRENTE DE SERVIÇO;Recolhimento de ferramentas e equipamentos;CONTORNO DE FUNDÃO
Civil;LIMPEZA E ORGANIZAÇÃO DE FRENTE DE SERVIÇO;Recolhimento de sobras de material;CONTORNO DE FUNDÃO
Civil;LIMPEZA E ORGANIZAÇÃO DE FRENTE DE SERVIÇO;Coleta e segregação de resíduos (entulho / lixo);CONTORNO DE FUNDÃO
Civil;LIMPEZA E ORGANIZAÇÃO DE FRENTE DE SERVIÇO;Carga e transporte dos resíduos;CONTORNO DE FUNDÃO
Civil;LIMPEZA E ORGANIZAÇÃO DE FRENTE DE SERVIÇO;Organização e estocagem de materiais;CONTORNO DE FUNDÃO
Civil;LIMPEZA E ORGANIZAÇÃO DE FRENTE DE SERVIÇO;Conferência final e liberação da área;CONTORNO DE FUNDÃO
Drenagem;LIMPEZA E ORGANIZAÇÃO DE FRENTE DE SERVIÇO;Recolhimento de ferramentas e equipamentos;CONTORNO DE FUNDÃO
Drenagem;LIMPEZA E ORGANIZAÇÃO DE FRENTE DE SERVIÇO;Recolhimento de sobras de material;CONTORNO DE FUNDÃO
Drenagem;LIMPEZA E ORGANIZAÇÃO DE FRENTE DE SERVIÇO;Coleta e segregação de resíduos (entulho / lixo);CONTORNO DE FUNDÃO
Drenagem;LIMPEZA E ORGANIZAÇÃO DE FRENTE DE SERVIÇO;Carga e transporte dos resíduos;CONTORNO DE FUNDÃO
Drenagem;LIMPEZA E ORGANIZAÇÃO DE FRENTE DE SERVIÇO;Organização e estocagem de materiais;CONTORNO DE FUNDÃO
Drenagem;LIMPEZA E ORGANIZAÇÃO DE FRENTE DE SERVIÇO;Conferência final e liberação da área;CONTORNO DE FUNDÃO
Terraplanagem;LIMPEZA E ORGANIZAÇÃO DE FRENTE DE SERVIÇO;Recolhimento de ferramentas e equipamentos;CONTORNO DE FUNDÃO
Terraplanagem;LIMPEZA E ORGANIZAÇÃO DE FRENTE DE SERVIÇO;Recolhimento de sobras de material;CONTORNO DE FUNDÃO
Terraplanagem;LIMPEZA E ORGANIZAÇÃO DE FRENTE DE SERVIÇO;Coleta e segregação de resíduos (entulho / lixo);CONTORNO DE FUNDÃO
Terraplanagem;LIMPEZA E ORGANIZAÇÃO DE FRENTE DE SERVIÇO;Carga e transporte dos resíduos;CONTORNO DE FUNDÃO
Terraplanagem;LIMPEZA E ORGANIZAÇÃO DE FRENTE DE SERVIÇO;Organização e estocagem de materiais;CONTORNO DE FUNDÃO
Terraplanagem;LIMPEZA E ORGANIZAÇÃO DE FRENTE DE SERVIÇO;Conferência final e liberação da área;CONTORNO DE FUNDÃO
Pavimentação;LIMPEZA E ORGANIZAÇÃO DE FRENTE DE SERVIÇO;Recolhimento de ferramentas e equipamentos;CONTORNO DE FUNDÃO
Pavimentação;LIMPEZA E ORGANIZAÇÃO DE FRENTE DE SERVIÇO;Recolhimento de sobras de material;CONTORNO DE FUNDÃO
Pavimentação;LIMPEZA E ORGANIZAÇÃO DE FRENTE DE SERVIÇO;Coleta e segregação de resíduos (entulho / lixo);CONTORNO DE FUNDÃO
Pavimentação;LIMPEZA E ORGANIZAÇÃO DE FRENTE DE SERVIÇO;Carga e transporte dos resíduos;CONTORNO DE FUNDÃO
Pavimentação;LIMPEZA E ORGANIZAÇÃO DE FRENTE DE SERVIÇO;Organização e estocagem de materiais;CONTORNO DE FUNDÃO
Pavimentação;LIMPEZA E ORGANIZAÇÃO DE FRENTE DE SERVIÇO;Conferência final e liberação da área;CONTORNO DE FUNDÃO
Civil;LIMPEZA E ORGANIZAÇÃO DE FRENTE DE SERVIÇO;Recolhimento de ferramentas e equipamentos;CONTORNO DE IBIRAÇU
Civil;LIMPEZA E ORGANIZAÇÃO DE FRENTE DE SERVIÇO;Recolhimento de sobras de material;CONTORNO DE IBIRAÇU
Civil;LIMPEZA E ORGANIZAÇÃO DE FRENTE DE SERVIÇO;Coleta e segregação de resíduos (entulho / lixo);CONTORNO DE IBIRAÇU
Civil;LIMPEZA E ORGANIZAÇÃO DE FRENTE DE SERVIÇO;Carga e transporte dos resíduos;CONTORNO DE IBIRAÇU
Civil;LIMPEZA E ORGANIZAÇÃO DE FRENTE DE SERVIÇO;Organização e estocagem de materiais;CONTORNO DE IBIRAÇU
Civil;LIMPEZA E ORGANIZAÇÃO DE FRENTE DE SERVIÇO;Conferência final e liberação da área;CONTORNO DE IBIRAÇU
Drenagem;LIMPEZA E ORGANIZAÇÃO DE FRENTE DE SERVIÇO;Recolhimento de ferramentas e equipamentos;CONTORNO DE IBIRAÇU
Drenagem;LIMPEZA E ORGANIZAÇÃO DE FRENTE DE SERVIÇO;Recolhimento de sobras de material;CONTORNO DE IBIRAÇU
Drenagem;LIMPEZA E ORGANIZAÇÃO DE FRENTE DE SERVIÇO;Coleta e segregação de resíduos (entulho / lixo);CONTORNO DE IBIRAÇU
Drenagem;LIMPEZA E ORGANIZAÇÃO DE FRENTE DE SERVIÇO;Carga e transporte dos resíduos;CONTORNO DE IBIRAÇU
Drenagem;LIMPEZA E ORGANIZAÇÃO DE FRENTE DE SERVIÇO;Organização e estocagem de materiais;CONTORNO DE IBIRAÇU
Drenagem;LIMPEZA E ORGANIZAÇÃO DE FRENTE DE SERVIÇO;Conferência final e liberação da área;CONTORNO DE IBIRAÇU
Terraplanagem;LIMPEZA E ORGANIZAÇÃO DE FRENTE DE SERVIÇO;Recolhimento de ferramentas e equipamentos;CONTORNO DE IBIRAÇU
Terraplanagem;LIMPEZA E ORGANIZAÇÃO DE FRENTE DE SERVIÇO;Recolhimento de sobras de material;CONTORNO DE IBIRAÇU
Terraplanagem;LIMPEZA E ORGANIZAÇÃO DE FRENTE DE SERVIÇO;Coleta e segregação de resíduos (entulho / lixo);CONTORNO DE IBIRAÇU
Terraplanagem;LIMPEZA E ORGANIZAÇÃO DE FRENTE DE SERVIÇO;Carga e transporte dos resíduos;CONTORNO DE IBIRAÇU
Terraplanagem;LIMPEZA E ORGANIZAÇÃO DE FRENTE DE SERVIÇO;Organização e estocagem de materiais;CONTORNO DE IBIRAÇU
Terraplanagem;LIMPEZA E ORGANIZAÇÃO DE FRENTE DE SERVIÇO;Conferência final e liberação da área;CONTORNO DE IBIRAÇU
Pavimentação;LIMPEZA E ORGANIZAÇÃO DE FRENTE DE SERVIÇO;Recolhimento de ferramentas e equipamentos;CONTORNO DE IBIRAÇU
Pavimentação;LIMPEZA E ORGANIZAÇÃO DE FRENTE DE SERVIÇO;Recolhimento de sobras de material;CONTORNO DE IBIRAÇU
Pavimentação;LIMPEZA E ORGANIZAÇÃO DE FRENTE DE SERVIÇO;Coleta e segregação de resíduos (entulho / lixo);CONTORNO DE IBIRAÇU
Pavimentação;LIMPEZA E ORGANIZAÇÃO DE FRENTE DE SERVIÇO;Carga e transporte dos resíduos;CONTORNO DE IBIRAÇU
Pavimentação;LIMPEZA E ORGANIZAÇÃO DE FRENTE DE SERVIÇO;Organização e estocagem de materiais;CONTORNO DE IBIRAÇU
Pavimentação;LIMPEZA E ORGANIZAÇÃO DE FRENTE DE SERVIÇO;Conferência final e liberação da área;CONTORNO DE IBIRAÇU
Civil;LIMPEZA E ORGANIZAÇÃO DE FRENTE DE SERVIÇO;Recolhimento de ferramentas e equipamentos;D2
Civil;LIMPEZA E ORGANIZAÇÃO DE FRENTE DE SERVIÇO;Recolhimento de sobras de material;D2
Civil;LIMPEZA E ORGANIZAÇÃO DE FRENTE DE SERVIÇO;Coleta e segregação de resíduos (entulho / lixo);D2
Civil;LIMPEZA E ORGANIZAÇÃO DE FRENTE DE SERVIÇO;Carga e transporte dos resíduos;D2
Civil;LIMPEZA E ORGANIZAÇÃO DE FRENTE DE SERVIÇO;Organização e estocagem de materiais;D2
Civil;LIMPEZA E ORGANIZAÇÃO DE FRENTE DE SERVIÇO;Conferência final e liberação da área;D2
Drenagem;LIMPEZA E ORGANIZAÇÃO DE FRENTE DE SERVIÇO;Recolhimento de ferramentas e equipamentos;D2
Drenagem;LIMPEZA E ORGANIZAÇÃO DE FRENTE DE SERVIÇO;Recolhimento de sobras de material;D2
Drenagem;LIMPEZA E ORGANIZAÇÃO DE FRENTE DE SERVIÇO;Coleta e segregação de resíduos (entulho / lixo);D2
Drenagem;LIMPEZA E ORGANIZAÇÃO DE FRENTE DE SERVIÇO;Carga e transporte dos resíduos;D2
Drenagem;LIMPEZA E ORGANIZAÇÃO DE FRENTE DE SERVIÇO;Organização e estocagem de materiais;D2
Drenagem;LIMPEZA E ORGANIZAÇÃO DE FRENTE DE SERVIÇO;Conferência final e liberação da área;D2
Terraplanagem;LIMPEZA E ORGANIZAÇÃO DE FRENTE DE SERVIÇO;Recolhimento de ferramentas e equipamentos;D2
Terraplanagem;LIMPEZA E ORGANIZAÇÃO DE FRENTE DE SERVIÇO;Recolhimento de sobras de material;D2
Terraplanagem;LIMPEZA E ORGANIZAÇÃO DE FRENTE DE SERVIÇO;Coleta e segregação de resíduos (entulho / lixo);D2
Terraplanagem;LIMPEZA E ORGANIZAÇÃO DE FRENTE DE SERVIÇO;Carga e transporte dos resíduos;D2
Terraplanagem;LIMPEZA E ORGANIZAÇÃO DE FRENTE DE SERVIÇO;Organização e estocagem de materiais;D2
Terraplanagem;LIMPEZA E ORGANIZAÇÃO DE FRENTE DE SERVIÇO;Conferência final e liberação da área;D2
Pavimentação;LIMPEZA E ORGANIZAÇÃO DE FRENTE DE SERVIÇO;Recolhimento de ferramentas e equipamentos;D2
Pavimentação;LIMPEZA E ORGANIZAÇÃO DE FRENTE DE SERVIÇO;Recolhimento de sobras de material;D2
Pavimentação;LIMPEZA E ORGANIZAÇÃO DE FRENTE DE SERVIÇO;Coleta e segregação de resíduos (entulho / lixo);D2
Pavimentação;LIMPEZA E ORGANIZAÇÃO DE FRENTE DE SERVIÇO;Carga e transporte dos resíduos;D2
Pavimentação;LIMPEZA E ORGANIZAÇÃO DE FRENTE DE SERVIÇO;Organização e estocagem de materiais;D2
Pavimentação;LIMPEZA E ORGANIZAÇÃO DE FRENTE DE SERVIÇO;Conferência final e liberação da área;D2
Civil;LIMPEZA E ORGANIZAÇÃO DE FRENTE DE SERVIÇO;Recolhimento de ferramentas e equipamentos;PARALELO DE IBIRAÇU
Civil;LIMPEZA E ORGANIZAÇÃO DE FRENTE DE SERVIÇO;Recolhimento de sobras de material;PARALELO DE IBIRAÇU
Civil;LIMPEZA E ORGANIZAÇÃO DE FRENTE DE SERVIÇO;Coleta e segregação de resíduos (entulho / lixo);PARALELO DE IBIRAÇU
Civil;LIMPEZA E ORGANIZAÇÃO DE FRENTE DE SERVIÇO;Carga e transporte dos resíduos;PARALELO DE IBIRAÇU
Civil;LIMPEZA E ORGANIZAÇÃO DE FRENTE DE SERVIÇO;Organização e estocagem de materiais;PARALELO DE IBIRAÇU
Civil;LIMPEZA E ORGANIZAÇÃO DE FRENTE DE SERVIÇO;Conferência final e liberação da área;PARALELO DE IBIRAÇU
Drenagem;LIMPEZA E ORGANIZAÇÃO DE FRENTE DE SERVIÇO;Recolhimento de ferramentas e equipamentos;PARALELO DE IBIRAÇU
Drenagem;LIMPEZA E ORGANIZAÇÃO DE FRENTE DE SERVIÇO;Recolhimento de sobras de material;PARALELO DE IBIRAÇU
Drenagem;LIMPEZA E ORGANIZAÇÃO DE FRENTE DE SERVIÇO;Coleta e segregação de resíduos (entulho / lixo);PARALELO DE IBIRAÇU
Drenagem;LIMPEZA E ORGANIZAÇÃO DE FRENTE DE SERVIÇO;Carga e transporte dos resíduos;PARALELO DE IBIRAÇU
Drenagem;LIMPEZA E ORGANIZAÇÃO DE FRENTE DE SERVIÇO;Organização e estocagem de materiais;PARALELO DE IBIRAÇU
Drenagem;LIMPEZA E ORGANIZAÇÃO DE FRENTE DE SERVIÇO;Conferência final e liberação da área;PARALELO DE IBIRAÇU
Terraplanagem;LIMPEZA E ORGANIZAÇÃO DE FRENTE DE SERVIÇO;Recolhimento de ferramentas e equipamentos;PARALELO DE IBIRAÇU
Terraplanagem;LIMPEZA E ORGANIZAÇÃO DE FRENTE DE SERVIÇO;Recolhimento de sobras de material;PARALELO DE IBIRAÇU
Terraplanagem;LIMPEZA E ORGANIZAÇÃO DE FRENTE DE SERVIÇO;Coleta e segregação de resíduos (entulho / lixo);PARALELO DE IBIRAÇU
Terraplanagem;LIMPEZA E ORGANIZAÇÃO DE FRENTE DE SERVIÇO;Carga e transporte dos resíduos;PARALELO DE IBIRAÇU
Terraplanagem;LIMPEZA E ORGANIZAÇÃO DE FRENTE DE SERVIÇO;Organização e estocagem de materiais;PARALELO DE IBIRAÇU
Terraplanagem;LIMPEZA E ORGANIZAÇÃO DE FRENTE DE SERVIÇO;Conferência final e liberação da área;PARALELO DE IBIRAÇU
Pavimentação;LIMPEZA E ORGANIZAÇÃO DE FRENTE DE SERVIÇO;Recolhimento de ferramentas e equipamentos;PARALELO DE IBIRAÇU
Pavimentação;LIMPEZA E ORGANIZAÇÃO DE FRENTE DE SERVIÇO;Recolhimento de sobras de material;PARALELO DE IBIRAÇU
Pavimentação;LIMPEZA E ORGANIZAÇÃO DE FRENTE DE SERVIÇO;Coleta e segregação de resíduos (entulho / lixo);PARALELO DE IBIRAÇU
Pavimentação;LIMPEZA E ORGANIZAÇÃO DE FRENTE DE SERVIÇO;Carga e transporte dos resíduos;PARALELO DE IBIRAÇU
Pavimentação;LIMPEZA E ORGANIZAÇÃO DE FRENTE DE SERVIÇO;Organização e estocagem de materiais;PARALELO DE IBIRAÇU
Pavimentação;LIMPEZA E ORGANIZAÇÃO DE FRENTE DE SERVIÇO;Conferência final e liberação da área;PARALELO DE IBIRAÇU
Civil;LIMPEZA E ORGANIZAÇÃO DE FRENTE DE SERVIÇO;Recolhimento de ferramentas e equipamentos;CANTEIRO INDUSTRIAL
Civil;LIMPEZA E ORGANIZAÇÃO DE FRENTE DE SERVIÇO;Recolhimento de sobras de material;CANTEIRO INDUSTRIAL
Civil;LIMPEZA E ORGANIZAÇÃO DE FRENTE DE SERVIÇO;Coleta e segregação de resíduos (entulho / lixo);CANTEIRO INDUSTRIAL
Civil;LIMPEZA E ORGANIZAÇÃO DE FRENTE DE SERVIÇO;Carga e transporte dos resíduos;CANTEIRO INDUSTRIAL
Civil;LIMPEZA E ORGANIZAÇÃO DE FRENTE DE SERVIÇO;Organização e estocagem de materiais;CANTEIRO INDUSTRIAL
Civil;LIMPEZA E ORGANIZAÇÃO DE FRENTE DE SERVIÇO;Conferência final e liberação da área;CANTEIRO INDUSTRIAL
Drenagem;LIMPEZA E ORGANIZAÇÃO DE FRENTE DE SERVIÇO;Recolhimento de ferramentas e equipamentos;CANTEIRO INDUSTRIAL
Drenagem;LIMPEZA E ORGANIZAÇÃO DE FRENTE DE SERVIÇO;Recolhimento de sobras de material;CANTEIRO INDUSTRIAL
Drenagem;LIMPEZA E ORGANIZAÇÃO DE FRENTE DE SERVIÇO;Coleta e segregação de resíduos (entulho / lixo);CANTEIRO INDUSTRIAL
Drenagem;LIMPEZA E ORGANIZAÇÃO DE FRENTE DE SERVIÇO;Carga e transporte dos resíduos;CANTEIRO INDUSTRIAL
Drenagem;LIMPEZA E ORGANIZAÇÃO DE FRENTE DE SERVIÇO;Organização e estocagem de materiais;CANTEIRO INDUSTRIAL
Drenagem;LIMPEZA E ORGANIZAÇÃO DE FRENTE DE SERVIÇO;Conferência final e liberação da área;CANTEIRO INDUSTRIAL
Terraplanagem;LIMPEZA E ORGANIZAÇÃO DE FRENTE DE SERVIÇO;Recolhimento de ferramentas e equipamentos;CANTEIRO INDUSTRIAL
Terraplanagem;LIMPEZA E ORGANIZAÇÃO DE FRENTE DE SERVIÇO;Recolhimento de sobras de material;CANTEIRO INDUSTRIAL
Terraplanagem;LIMPEZA E ORGANIZAÇÃO DE FRENTE DE SERVIÇO;Coleta e segregação de resíduos (entulho / lixo);CANTEIRO INDUSTRIAL
Terraplanagem;LIMPEZA E ORGANIZAÇÃO DE FRENTE DE SERVIÇO;Carga e transporte dos resíduos;CANTEIRO INDUSTRIAL
Terraplanagem;LIMPEZA E ORGANIZAÇÃO DE FRENTE DE SERVIÇO;Organização e estocagem de materiais;CANTEIRO INDUSTRIAL
Terraplanagem;LIMPEZA E ORGANIZAÇÃO DE FRENTE DE SERVIÇO;Conferência final e liberação da área;CANTEIRO INDUSTRIAL
Pavimentação;LIMPEZA E ORGANIZAÇÃO DE FRENTE DE SERVIÇO;Recolhimento de ferramentas e equipamentos;CANTEIRO INDUSTRIAL
Pavimentação;LIMPEZA E ORGANIZAÇÃO DE FRENTE DE SERVIÇO;Recolhimento de sobras de material;CANTEIRO INDUSTRIAL
Pavimentação;LIMPEZA E ORGANIZAÇÃO DE FRENTE DE SERVIÇO;Coleta e segregação de resíduos (entulho / lixo);CANTEIRO INDUSTRIAL
Pavimentação;LIMPEZA E ORGANIZAÇÃO DE FRENTE DE SERVIÇO;Carga e transporte dos resíduos;CANTEIRO INDUSTRIAL
Pavimentação;LIMPEZA E ORGANIZAÇÃO DE FRENTE DE SERVIÇO;Organização e estocagem de materiais;CANTEIRO INDUSTRIAL
Pavimentação;LIMPEZA E ORGANIZAÇÃO DE FRENTE DE SERVIÇO;Conferência final e liberação da área;CANTEIRO INDUSTRIAL
Civil;LIMPEZA E ORGANIZAÇÃO DE FRENTE DE SERVIÇO;Recolhimento de ferramentas e equipamentos;PÁTIO DE VIGAS
Civil;LIMPEZA E ORGANIZAÇÃO DE FRENTE DE SERVIÇO;Recolhimento de sobras de material;PÁTIO DE VIGAS
Civil;LIMPEZA E ORGANIZAÇÃO DE FRENTE DE SERVIÇO;Coleta e segregação de resíduos (entulho / lixo);PÁTIO DE VIGAS
Civil;LIMPEZA E ORGANIZAÇÃO DE FRENTE DE SERVIÇO;Carga e transporte dos resíduos;PÁTIO DE VIGAS
Civil;LIMPEZA E ORGANIZAÇÃO DE FRENTE DE SERVIÇO;Organização e estocagem de materiais;PÁTIO DE VIGAS
Civil;LIMPEZA E ORGANIZAÇÃO DE FRENTE DE SERVIÇO;Conferência final e liberação da área;PÁTIO DE VIGAS
Drenagem;LIMPEZA E ORGANIZAÇÃO DE FRENTE DE SERVIÇO;Recolhimento de ferramentas e equipamentos;PÁTIO DE VIGAS
Drenagem;LIMPEZA E ORGANIZAÇÃO DE FRENTE DE SERVIÇO;Recolhimento de sobras de material;PÁTIO DE VIGAS
Drenagem;LIMPEZA E ORGANIZAÇÃO DE FRENTE DE SERVIÇO;Coleta e segregação de resíduos (entulho / lixo);PÁTIO DE VIGAS
Drenagem;LIMPEZA E ORGANIZAÇÃO DE FRENTE DE SERVIÇO;Carga e transporte dos resíduos;PÁTIO DE VIGAS
Drenagem;LIMPEZA E ORGANIZAÇÃO DE FRENTE DE SERVIÇO;Organização e estocagem de materiais;PÁTIO DE VIGAS
Drenagem;LIMPEZA E ORGANIZAÇÃO DE FRENTE DE SERVIÇO;Conferência final e liberação da área;PÁTIO DE VIGAS
Terraplanagem;LIMPEZA E ORGANIZAÇÃO DE FRENTE DE SERVIÇO;Recolhimento de ferramentas e equipamentos;PÁTIO DE VIGAS
Terraplanagem;LIMPEZA E ORGANIZAÇÃO DE FRENTE DE SERVIÇO;Recolhimento de sobras de material;PÁTIO DE VIGAS
Terraplanagem;LIMPEZA E ORGANIZAÇÃO DE FRENTE DE SERVIÇO;Coleta e segregação de resíduos (entulho / lixo);PÁTIO DE VIGAS
Terraplanagem;LIMPEZA E ORGANIZAÇÃO DE FRENTE DE SERVIÇO;Carga e transporte dos resíduos;PÁTIO DE VIGAS
Terraplanagem;LIMPEZA E ORGANIZAÇÃO DE FRENTE DE SERVIÇO;Organização e estocagem de materiais;PÁTIO DE VIGAS
Terraplanagem;LIMPEZA E ORGANIZAÇÃO DE FRENTE DE SERVIÇO;Conferência final e liberação da área;PÁTIO DE VIGAS
Pavimentação;LIMPEZA E ORGANIZAÇÃO DE FRENTE DE SERVIÇO;Recolhimento de ferramentas e equipamentos;PÁTIO DE VIGAS
Pavimentação;LIMPEZA E ORGANIZAÇÃO DE FRENTE DE SERVIÇO;Recolhimento de sobras de material;PÁTIO DE VIGAS
Pavimentação;LIMPEZA E ORGANIZAÇÃO DE FRENTE DE SERVIÇO;Coleta e segregação de resíduos (entulho / lixo);PÁTIO DE VIGAS
Pavimentação;LIMPEZA E ORGANIZAÇÃO DE FRENTE DE SERVIÇO;Carga e transporte dos resíduos;PÁTIO DE VIGAS
Pavimentação;LIMPEZA E ORGANIZAÇÃO DE FRENTE DE SERVIÇO;Organização e estocagem de materiais;PÁTIO DE VIGAS
Pavimentação;LIMPEZA E ORGANIZAÇÃO DE FRENTE DE SERVIÇO;Conferência final e liberação da área;PÁTIO DE VIGAS
Drenagem;REDE DE ÁGUA;Locação e marcação topográfica do traçado;C1
Drenagem;REDE DE ÁGUA;Escavação da vala;C1
Drenagem;REDE DE ÁGUA;Preparo e regularização do fundo (lastro de areia);C1
Drenagem;REDE DE ÁGUA;Descida e assentamento dos tubos;C1
Drenagem;REDE DE ÁGUA;Juntas / soldagem (termofusão PEAD ou encaixe PVC);C1
Drenagem;REDE DE ÁGUA;Instalação de conexões, registros e ventosas;C1
Drenagem;REDE DE ÁGUA;Teste de estanqueidade / pressão;C1
Drenagem;REDE DE ÁGUA;Reaterro e compactação (envelopamento);C1
Drenagem;REDE DE ÁGUA;Desinfecção e lavagem da rede;C1
Drenagem;REDE DE ÁGUA;Interligação / comissionamento;C1
Drenagem;REDE DE ÁGUA;Locação e marcação topográfica do traçado;C2
Drenagem;REDE DE ÁGUA;Escavação da vala;C2
Drenagem;REDE DE ÁGUA;Preparo e regularização do fundo (lastro de areia);C2
Drenagem;REDE DE ÁGUA;Descida e assentamento dos tubos;C2
Drenagem;REDE DE ÁGUA;Juntas / soldagem (termofusão PEAD ou encaixe PVC);C2
Drenagem;REDE DE ÁGUA;Instalação de conexões, registros e ventosas;C2
Drenagem;REDE DE ÁGUA;Teste de estanqueidade / pressão;C2
Drenagem;REDE DE ÁGUA;Reaterro e compactação (envelopamento);C2
Drenagem;REDE DE ÁGUA;Desinfecção e lavagem da rede;C2
Drenagem;REDE DE ÁGUA;Interligação / comissionamento;C2
Drenagem;REDE DE ÁGUA;Locação e marcação topográfica do traçado;C3
Drenagem;REDE DE ÁGUA;Escavação da vala;C3
Drenagem;REDE DE ÁGUA;Preparo e regularização do fundo (lastro de areia);C3
Drenagem;REDE DE ÁGUA;Descida e assentamento dos tubos;C3
Drenagem;REDE DE ÁGUA;Juntas / soldagem (termofusão PEAD ou encaixe PVC);C3
Drenagem;REDE DE ÁGUA;Instalação de conexões, registros e ventosas;C3
Drenagem;REDE DE ÁGUA;Teste de estanqueidade / pressão;C3
Drenagem;REDE DE ÁGUA;Reaterro e compactação (envelopamento);C3
Drenagem;REDE DE ÁGUA;Desinfecção e lavagem da rede;C3
Drenagem;REDE DE ÁGUA;Interligação / comissionamento;C3
Drenagem;REDE DE ÁGUA;Locação e marcação topográfica do traçado;C4
Drenagem;REDE DE ÁGUA;Escavação da vala;C4
Drenagem;REDE DE ÁGUA;Preparo e regularização do fundo (lastro de areia);C4
Drenagem;REDE DE ÁGUA;Descida e assentamento dos tubos;C4
Drenagem;REDE DE ÁGUA;Juntas / soldagem (termofusão PEAD ou encaixe PVC);C4
Drenagem;REDE DE ÁGUA;Instalação de conexões, registros e ventosas;C4
Drenagem;REDE DE ÁGUA;Teste de estanqueidade / pressão;C4
Drenagem;REDE DE ÁGUA;Reaterro e compactação (envelopamento);C4
Drenagem;REDE DE ÁGUA;Desinfecção e lavagem da rede;C4
Drenagem;REDE DE ÁGUA;Interligação / comissionamento;C4
Drenagem;REDE DE ÁGUA;Locação e marcação topográfica do traçado;CONTORNO DE FUNDÃO
Drenagem;REDE DE ÁGUA;Escavação da vala;CONTORNO DE FUNDÃO
Drenagem;REDE DE ÁGUA;Preparo e regularização do fundo (lastro de areia);CONTORNO DE FUNDÃO
Drenagem;REDE DE ÁGUA;Descida e assentamento dos tubos;CONTORNO DE FUNDÃO
Drenagem;REDE DE ÁGUA;Juntas / soldagem (termofusão PEAD ou encaixe PVC);CONTORNO DE FUNDÃO
Drenagem;REDE DE ÁGUA;Instalação de conexões, registros e ventosas;CONTORNO DE FUNDÃO
Drenagem;REDE DE ÁGUA;Teste de estanqueidade / pressão;CONTORNO DE FUNDÃO
Drenagem;REDE DE ÁGUA;Reaterro e compactação (envelopamento);CONTORNO DE FUNDÃO
Drenagem;REDE DE ÁGUA;Desinfecção e lavagem da rede;CONTORNO DE FUNDÃO
Drenagem;REDE DE ÁGUA;Interligação / comissionamento;CONTORNO DE FUNDÃO
Drenagem;REDE DE ÁGUA;Locação e marcação topográfica do traçado;CONTORNO DE IBIRAÇU
Drenagem;REDE DE ÁGUA;Escavação da vala;CONTORNO DE IBIRAÇU
Drenagem;REDE DE ÁGUA;Preparo e regularização do fundo (lastro de areia);CONTORNO DE IBIRAÇU
Drenagem;REDE DE ÁGUA;Descida e assentamento dos tubos;CONTORNO DE IBIRAÇU
Drenagem;REDE DE ÁGUA;Juntas / soldagem (termofusão PEAD ou encaixe PVC);CONTORNO DE IBIRAÇU
Drenagem;REDE DE ÁGUA;Instalação de conexões, registros e ventosas;CONTORNO DE IBIRAÇU
Drenagem;REDE DE ÁGUA;Teste de estanqueidade / pressão;CONTORNO DE IBIRAÇU
Drenagem;REDE DE ÁGUA;Reaterro e compactação (envelopamento);CONTORNO DE IBIRAÇU
Drenagem;REDE DE ÁGUA;Desinfecção e lavagem da rede;CONTORNO DE IBIRAÇU
Drenagem;REDE DE ÁGUA;Interligação / comissionamento;CONTORNO DE IBIRAÇU
Drenagem;REDE DE ÁGUA;Locação e marcação topográfica do traçado;D2
Drenagem;REDE DE ÁGUA;Escavação da vala;D2
Drenagem;REDE DE ÁGUA;Preparo e regularização do fundo (lastro de areia);D2
Drenagem;REDE DE ÁGUA;Descida e assentamento dos tubos;D2
Drenagem;REDE DE ÁGUA;Juntas / soldagem (termofusão PEAD ou encaixe PVC);D2
Drenagem;REDE DE ÁGUA;Instalação de conexões, registros e ventosas;D2
Drenagem;REDE DE ÁGUA;Teste de estanqueidade / pressão;D2
Drenagem;REDE DE ÁGUA;Reaterro e compactação (envelopamento);D2
Drenagem;REDE DE ÁGUA;Desinfecção e lavagem da rede;D2
Drenagem;REDE DE ÁGUA;Interligação / comissionamento;D2
Drenagem;REDE DE ÁGUA;Locação e marcação topográfica do traçado;PARALELO DE IBIRAÇU
Drenagem;REDE DE ÁGUA;Escavação da vala;PARALELO DE IBIRAÇU
Drenagem;REDE DE ÁGUA;Preparo e regularização do fundo (lastro de areia);PARALELO DE IBIRAÇU
Drenagem;REDE DE ÁGUA;Descida e assentamento dos tubos;PARALELO DE IBIRAÇU
Drenagem;REDE DE ÁGUA;Juntas / soldagem (termofusão PEAD ou encaixe PVC);PARALELO DE IBIRAÇU
Drenagem;REDE DE ÁGUA;Instalação de conexões, registros e ventosas;PARALELO DE IBIRAÇU
Drenagem;REDE DE ÁGUA;Teste de estanqueidade / pressão;PARALELO DE IBIRAÇU
Drenagem;REDE DE ÁGUA;Reaterro e compactação (envelopamento);PARALELO DE IBIRAÇU
Drenagem;REDE DE ÁGUA;Desinfecção e lavagem da rede;PARALELO DE IBIRAÇU
Drenagem;REDE DE ÁGUA;Interligação / comissionamento;PARALELO DE IBIRAÇU
Civil;PRÉ-ARMAÇÃO DAS ESTACAS RAIZ;Corte do aço;C1
Civil;PRÉ-ARMAÇÃO DAS ESTACAS RAIZ;Dobra / moldagem dos estribos;C1
Civil;PRÉ-ARMAÇÃO DAS ESTACAS RAIZ;Montagem da gaiola / armadura;C1
Civil;PRÉ-ARMAÇÃO DAS ESTACAS RAIZ;Amarração e fixação (estribos e espaçadores);C1
Civil;PRÉ-ARMAÇÃO DAS ESTACAS RAIZ;Identificação e estocagem das gaiolas;C1
Civil;PRÉ-ARMAÇÃO DAS ESTACAS RAIZ;Corte do aço;C2
Civil;PRÉ-ARMAÇÃO DAS ESTACAS RAIZ;Dobra / moldagem dos estribos;C2
Civil;PRÉ-ARMAÇÃO DAS ESTACAS RAIZ;Montagem da gaiola / armadura;C2
Civil;PRÉ-ARMAÇÃO DAS ESTACAS RAIZ;Amarração e fixação (estribos e espaçadores);C2
Civil;PRÉ-ARMAÇÃO DAS ESTACAS RAIZ;Identificação e estocagem das gaiolas;C2
Civil;PRÉ-ARMAÇÃO DAS ESTACAS RAIZ;Corte do aço;C3
Civil;PRÉ-ARMAÇÃO DAS ESTACAS RAIZ;Dobra / moldagem dos estribos;C3
Civil;PRÉ-ARMAÇÃO DAS ESTACAS RAIZ;Montagem da gaiola / armadura;C3
Civil;PRÉ-ARMAÇÃO DAS ESTACAS RAIZ;Amarração e fixação (estribos e espaçadores);C3
Civil;PRÉ-ARMAÇÃO DAS ESTACAS RAIZ;Identificação e estocagem das gaiolas;C3
Civil;PRÉ-ARMAÇÃO DAS ESTACAS RAIZ;Corte do aço;C4
Civil;PRÉ-ARMAÇÃO DAS ESTACAS RAIZ;Dobra / moldagem dos estribos;C4
Civil;PRÉ-ARMAÇÃO DAS ESTACAS RAIZ;Montagem da gaiola / armadura;C4
Civil;PRÉ-ARMAÇÃO DAS ESTACAS RAIZ;Amarração e fixação (estribos e espaçadores);C4
Civil;PRÉ-ARMAÇÃO DAS ESTACAS RAIZ;Identificação e estocagem das gaiolas;C4
Civil;PRÉ-ARMAÇÃO DAS ESTACAS RAIZ;Corte do aço;CANTEIRO INDUSTRIAL
Civil;PRÉ-ARMAÇÃO DAS ESTACAS RAIZ;Dobra / moldagem dos estribos;CANTEIRO INDUSTRIAL
Civil;PRÉ-ARMAÇÃO DAS ESTACAS RAIZ;Montagem da gaiola / armadura;CANTEIRO INDUSTRIAL
Civil;PRÉ-ARMAÇÃO DAS ESTACAS RAIZ;Amarração e fixação (estribos e espaçadores);CANTEIRO INDUSTRIAL
Civil;PRÉ-ARMAÇÃO DAS ESTACAS RAIZ;Identificação e estocagem das gaiolas;CANTEIRO INDUSTRIAL
Civil;PRÉ-ARMAÇÃO DAS ESTACAS RAIZ;Corte do aço;CONTORNO DE FUNDÃO
Civil;PRÉ-ARMAÇÃO DAS ESTACAS RAIZ;Dobra / moldagem dos estribos;CONTORNO DE FUNDÃO
Civil;PRÉ-ARMAÇÃO DAS ESTACAS RAIZ;Montagem da gaiola / armadura;CONTORNO DE FUNDÃO
Civil;PRÉ-ARMAÇÃO DAS ESTACAS RAIZ;Amarração e fixação (estribos e espaçadores);CONTORNO DE FUNDÃO
Civil;PRÉ-ARMAÇÃO DAS ESTACAS RAIZ;Identificação e estocagem das gaiolas;CONTORNO DE FUNDÃO
Civil;PRÉ-ARMAÇÃO DAS ESTACAS RAIZ;Corte do aço;CONTORNO DE IBIRAÇU
Civil;PRÉ-ARMAÇÃO DAS ESTACAS RAIZ;Dobra / moldagem dos estribos;CONTORNO DE IBIRAÇU
Civil;PRÉ-ARMAÇÃO DAS ESTACAS RAIZ;Montagem da gaiola / armadura;CONTORNO DE IBIRAÇU
Civil;PRÉ-ARMAÇÃO DAS ESTACAS RAIZ;Amarração e fixação (estribos e espaçadores);CONTORNO DE IBIRAÇU
Civil;PRÉ-ARMAÇÃO DAS ESTACAS RAIZ;Identificação e estocagem das gaiolas;CONTORNO DE IBIRAÇU
Civil;PRÉ-ARMAÇÃO DAS ESTACAS RAIZ;Corte do aço;D2
Civil;PRÉ-ARMAÇÃO DAS ESTACAS RAIZ;Dobra / moldagem dos estribos;D2
Civil;PRÉ-ARMAÇÃO DAS ESTACAS RAIZ;Montagem da gaiola / armadura;D2
Civil;PRÉ-ARMAÇÃO DAS ESTACAS RAIZ;Amarração e fixação (estribos e espaçadores);D2
Civil;PRÉ-ARMAÇÃO DAS ESTACAS RAIZ;Identificação e estocagem das gaiolas;D2
Civil;PRÉ-ARMAÇÃO DAS ESTACAS RAIZ;Corte do aço;PARALELO DE IBIRAÇU
Civil;PRÉ-ARMAÇÃO DAS ESTACAS RAIZ;Dobra / moldagem dos estribos;PARALELO DE IBIRAÇU
Civil;PRÉ-ARMAÇÃO DAS ESTACAS RAIZ;Montagem da gaiola / armadura;PARALELO DE IBIRAÇU
Civil;PRÉ-ARMAÇÃO DAS ESTACAS RAIZ;Amarração e fixação (estribos e espaçadores);PARALELO DE IBIRAÇU
Civil;PRÉ-ARMAÇÃO DAS ESTACAS RAIZ;Identificação e estocagem das gaiolas;PARALELO DE IBIRAÇU
Civil;PRÉ-ARMAÇÃO DAS ESTACAS RAIZ;Corte do aço;PÁTIO DE VIGAS
Civil;PRÉ-ARMAÇÃO DAS ESTACAS RAIZ;Dobra / moldagem dos estribos;PÁTIO DE VIGAS
Civil;PRÉ-ARMAÇÃO DAS ESTACAS RAIZ;Montagem da gaiola / armadura;PÁTIO DE VIGAS
Civil;PRÉ-ARMAÇÃO DAS ESTACAS RAIZ;Amarração e fixação (estribos e espaçadores);PÁTIO DE VIGAS
Civil;PRÉ-ARMAÇÃO DAS ESTACAS RAIZ;Identificação e estocagem das gaiolas;PÁTIO DE VIGAS
